ID,MBTI,Veredicto,Confianza,R1,R2,R3
Agent_013,ESFP,NO,DUDOSO,"Uff, a ver... ""Libertad Total Garantizada"" con Megan... suena demasiado marketinero para mi gusto, pero vamos a analizarlo a fondo.

**R1 (Tu instinto de negocio puro):** De entrada, me da un poco de desconfianza eso de ""libertad total"". En gastronomía, si te descuidás, chau control. Pero el hecho de que hablen de ""Sistema de Control Total"" después, me hace pensar que no es tan así. Los testimonios de otros dueños que recuperaron tiempo me llaman la atención, porque ando a mil siempre. Lo de auditar y corregir sin costo extra pinta bien. El miedo a que la cosa no funcione a largo plazo lo tengo, y parece que lo contemplan.

**R2 (Análisis técnico de la propuesta):**

*   **Manual de Operaciones Blindado:** Interesante, pero hay que ver qué tan ""blindado"" es de verdad. Depende mucho de qué tan fácil es de implementar y si se adapta a mi tipo de restaurante.
*   **Despegue Presencial:** Tres días en el local es un buen approach, ahí se ve la posta si saben o no.
*   **Garantía de 30 Días (WhatsApp):** Clave que la respuesta sea rápida. Si me dejan colgado, chau negocio.
*   **Seguro de Persistencia:** Las visitas sorpresa son un buen gancho, porque te obligan a mantener el estándar.
*   **Prueba Social:** Los testimonios suman, pero quiero saber quiénes son esos dueños y qué tipo de negocios tienen. Preferiría nombres y poder googlearlos.
*   **Inversión: $200.000 ARS:** Hay que ver, depende de cuánto me esté costando el quilombo actual. Si realmente me libera tiempo para enfocarme en hacer crecer el negocio, podría valer la pena.

**Veredicto:** Si los testimonios fueran más concretos y pudiera averiguar más sobre la experiencia de otros, me animaría más fácil. Pero como está ahora, me genera dudas. Necesito más ""carnita"" para confiar.

[VOTO: NO]
","Okay, analizando en detalle la propuesta técnica y de servicio, dejando de lado mis miedos económicos generales, encuentro estas posibles fallas:

*   **Manual de Operaciones ""Blindado"":** La palabra ""blindado"" es exagerada y poco específica. ¿Qué significa exactamente? ¿Cubre todos los aspectos de la operación? ¿Qué tan adaptable es a cambios en el menú, proveedores o personal? Un manual excesivamente rígido podría ser contraproducente. Necesito saber más sobre su contenido y flexibilidad.

*   **Despegue Presencial de Tres Días:** Si bien suena bien, tres días podrían no ser suficientes para implementar cambios significativos en un restaurante ya en funcionamiento. Depende mucho de la complejidad del local y la receptividad del personal. ¿Qué pasa si después de esos tres días surgen problemas o dudas? ¿Hay soporte continuo más allá del WhatsApp?

*   **Garantía de 30 Días (WhatsApp):** Dependen de un canal que puede ser poco formal para temas importantes. ¿Qué tipo de garantías ofrecen EXÁCTAMENTE si no estoy satisfecho? ¿Devolución del dinero? ¿Soporte extendido? Necesito detalles específicos sobre la cobertura de la garantía.

*   **Seguro de Persistencia:** Las visitas sorpresa son buenas, pero ¿con qué frecuencia ocurren? ¿Hay un cronograma establecido o son completamente aleatorias? Si son demasiado esporádicas, su impacto será limitado. Si son demasiado frecuentes, pueden generar tensión en el personal.

*   **Prueba Social:** La falta de transparencia sobre los testimonios es un punto débil. No saber quiénes son los dueños ni qué tipo de negocios tienen hace que la prueba social sea prácticamente inútil. Deberían proporcionar nombres y detalles para que pueda verificar la veracidad de la información. Podrían tratarse incluso de testimonios guionados.
","Bueno, después de pensarlo bastante y cruzar mi instinto emprendedor con el análisis del mercado, la verdad es que... me da un poco de cosa la inestabilidad económica que estamos viviendo. La inflación me tiene loco, no puedo hacer planes a largo plazo. Y la inseguridad, tanto económica como la otra, te hacen pensar dos veces antes de invertir.

Si bien el análisis técnico pinta un panorama interesante y veo potencial en la propuesta, mi instinto me dice que espere un poco, que no es el momento de arriesgarse tanto. Prefiero ser cauteloso hasta que la situación se estabilice un poco.

**[VOTO: NO]**
"
Agent_021,INTP,SÍ,DUDOSO,"¡Uff, $200.000! A ver, a ver... ""Libertad total"", dice... suena lindo, pero después te atás más.

*   **R1 (Instinto):** Mmm, me da cosa eso de ""control total"". Suena a que me van a encorsetar todo, y mi restaurante tiene mi impronta, mis años de laburo. Lo de las auditorías me pone nerviosa, ¿quiénes son ellos para venir a decirme cómo hacer las cosas? Pero... esas 15 horas que prometen... ¡podría volver al gimnasio más seguido! Necesito tiempo para mí, estoy agotada.

*   **R2 (Análisis técnico):** El manual, los 3 días presenciales... eso es bueno, necesito que mi gente esté bien capacitada. La garantía de WhatsApp suena útil, pero ¿diaria? ¡Me van a bombardear! Lo de las visitas sorpresa... no sé, me da desconfianza que vengan a buscar el pelo al huevo. Los testimonios son importantes, pero habría que ver si son posta y si son negocios como el mío, no una franquicia cheta.

*   **Veredicto:** ¡Ay, qué dilema! La verdad, necesito un respiro y si me ayudan a ordenar un poco el quilombo, estaría bueno. Pero me da miedo perder el control y que me metan un sistema que no va con mi estilo. ¡Voy a arriesgarme, pero con un ojo bien abierto!

[VOTO: SÍ]
","Okay, analizando la decisión desde una perspectiva estrictamente técnica y de servicio, veo algunos puntos débiles en la propuesta, que generarían cautela en una persona con mi perfil:

*   **""Control total"" percibido como ""encorsetamiento"":** La promesa de ""control total"" puede ser un arma de doble filo. Si bien la capacitación y el manual son valiosos, la clave está en cómo se implementan. Si el sistema se siente rígido, poco adaptable al estilo propio del restaurante y a la forma de trabajar de mi personal, podría generar resistencia y frustración. El riesgo es que la ""solución"" termine generando más problemas.

*   **Exceso de control y desconfianza:** Las auditorías periódicas y las visitas sorpresa, combinadas con la necesidad de implementar un manual, podrían generar un ambiente de desconfianza tanto en mi personal como en mí. Es importante saber qué tipo de auditorías son, con qué frecuencia se realizarían y si se basan en un enfoque constructivo o punitivo. Si la percepción es que están ""buscando el pelo al huevo"", la moral del equipo se deterioraría y la implementación del sistema se complicaría.

*   **Soporte WhatsApp abrumador:** La garantía de soporte WhatsApp diario puede ser abrumadora. Si no se establecen claramente los horarios de atención, los tipos de consulta que se pueden realizar por esa vía, el tiempo de respuesta esperado y un protocolo de resolución de problemas, podría convertirse en una fuente constante de interrupciones y molestias. Además, es importante saber si el soporte es personalizado o genérico.

*   **Testimonios poco claros:** La falta de claridad sobre la autenticidad y relevancia de los testimonios es preocupante. Es fundamental saber si los testimonios provienen de negocios similares al mío, con características y desafíos similares. Un testimonio de una franquicia exitosa no necesariamente es aplicable a un restaurante familiar con años de historia y una clientela arraigada.

*   **Falta de personalización y adaptación:** La propuesta parece enfocarse en un modelo estandarizado, sin considerar la singularidad de mi restaurante. Es importante saber qué grado de personalización se ofrece en cuanto al sistema de gestión, el manual de procedimientos, las capacitaciones y el soporte técnico. Si la propuesta es ""talla única"", es probable que no se ajuste a mis necesidades y expectativas.

En resumen, la principal falla técnica y de servicio que veo es la **falta de garantías de que el sistema se adapte a mi restaurante, respete mi estilo y no genere un ambiente de control excesivo y desconfianza.**
","Considerando mi intuición de que hay que ser cautelosos con los cambios grandes (R1) y mi análisis de que la rentabilidad de la propuesta es incierta para mi bolsillo (R2), mi veredicto final es:

Necesito ver números más concretos y un plan de contingencia claro antes de comprometerme. La incertidumbre económica actual me obliga a ser prudente con cada peso.

[VOTO: NO]
"
Agent_050,INFJ,SÍ,ALTA (Instinto R1),"¡Uff, vamos a ver esta movida de Megan! ""Libertad Total Garantizada""... suena a chamuyo de gurú, pero veamos si hay algo serio detrás.

**R1 (Mi instinto de negocio puro):**

A ver, la idea de delegar y tener más tiempo siempre me tienta. Laburo como un burro y a veces siento que estoy apagando incendios todo el día. Si este sistema realmente me permite salir de la trinchera, podría enfocarme en crecer, en pensar nuevas estrategias... No sé, suena interesante, pero el precio me parece salado al principio.

**R2 (Análisis técnico de la propuesta):**

*   **Manual de Operaciones Blindado:** Depende mucho de qué tan específico sea para mi tipo de restaurante. Si es algo genérico, no me sirve. Necesito algo adaptado a mi carta, a mi personal, a mi clientela.
*   **Despegue Presencial:** 3 días en el local es un bardo, tengo que cerrar o laburar a media máquina. Pero si realmente capacitan al equipo y les dan las herramientas para que funcionen solos, vale la pena.
*   **Garantía de 30 DÍAS (WhatsApp):** Me gusta la idea de tener soporte constante al principio, pero ojo con el chamuyo. ""Auditoría diaria""... ¿me van a hinchar las pelotas todos los días?
*   **SEGURO DE PERSISTENCIA:** Esto de las visitas sorpresa es bueno porque te obliga a mantener el estándar. Pero si realmente funciona, debería ser suficiente con la capacitación inicial.
*   **PRUEBA SOCIAL:** Los testimonios son importantes, pero quiero hablar con esos dueños personalmente. No me conformo con un videíto grabado.
*   **Inversión: $200.000 ARS:** Caro, carísimo. Pero si realmente me libera 15 horas por semana, a la larga puede ser rentable. Tengo que hacer bien las cuentas.

**Veredicto:**

Me genera desconfianza el precio inicial tan alto. Necesitaría ver más a fondo el manual, conocer a los dueños de los testimonios y ver si la ""libertad"" que prometen es real o puro humo. Por ahora, me quedo en la duda, pero el concepto me interesa.

[VOTO: NO]
","Okay, analizando fríamente la propuesta técnica y de servicio de Megan, obviando el aspecto económico, veo estas posibles fallas:

*   **Manual de Operaciones Blindado:** La calidad de este manual es crucial. Si no es EXTREMADAMENTE específico y adaptable a mi restaurante (considerando carta, personal, clientela, particularidades del local, etc.), es INÚTIL. Un manual genérico no sirve, y adaptarlo yo mismo anula el propósito de delegar. Falta información sobre el nivel de personalización y la metodología para lograr esa adaptación.
*   **Despegue Presencial:** Tres días de cierre o funcionamiento a media máquina son un costo operativo importante. La efectividad de la capacitación es fundamental. ¿Realmente la capacitación es suficiente para empoderar al equipo y que funcione autónomamente? ¿Qué pasa si el equipo no responde bien? ¿Hay seguimiento posterior? Falta detalle sobre el tipo de capacitación, el temario, las habilidades que desarrollarán los empleados y el nivel de involucramiento de Megan durante esos días.
*   **Garantía de 30 DÍAS (WhatsApp):** ""Auditoría diaria"" puede ser un arma de doble filo. Si bien el soporte constante es valioso al principio, una ""auditoría"" intrusiva y poco constructiva puede generar fricción con el personal y afectar la moral del equipo. ¿Cuál es el enfoque de la auditoría? ¿Es solo control o también ofrece soluciones y capacitación adicional? Falta claridad sobre cómo se implementa esta garantía y qué tipo de feedback se ofrece al restaurante.
*   **SEGURO DE PERSISTENCIA:** Las ""visitas sorpresa"" pueden ser percibidas como una medida punitiva en lugar de un control de calidad. ¿Cómo se asegura Megan de que estas visitas sean constructivas y no generen desconfianza en el equipo? ¿Qué criterios se utilizan para evaluar el cumplimiento de los estándares? Falta transparencia sobre el proceso de estas visitas y cómo se comunican los resultados al dueño y al personal. Además, la dependencia continua de visitas sorpresa sugiere que la capacitación inicial podría no ser tan efectiva como se promete. Si la capacitación fuera realmente transformadora y el equipo estuviera empoderado, las visitas sorpresa deberían ser innecesarias a largo plazo.
*   **PRUEBA SOCIAL:** Los testimonios, aunque importantes, pueden ser parciales. Es crucial verificar la autenticidad de los testimonios y contactar directamente a los dueños de los restaurantes mencionados para obtener una perspectiva más objetiva. Falta información sobre el proceso de selección de los testimonios y cómo se garantiza su objetividad. El hecho de que solo se ofrezcan ""videítos grabados"" es un punto en contra. Preferiría tener acceso a estudios de caso detallados con métricas concretas de mejora en los restaurantes que han implementado el sistema.
*   **En resumen:** La propuesta técnica carece de detalles específicos sobre la metodología, el nivel de personalización y el seguimiento a largo plazo. Existe una dependencia excesiva de ""auditorías"" y ""visitas sorpresa"", lo que sugiere una falta de confianza en la efectividad de la capacitación inicial. La falta de transparencia en el proceso de prueba social genera desconfianza sobre la objetividad de los testimonios.
","[VOTO: SÍ]

Considerando tanto mi instinto inicial favorable como el análisis técnico, creo que la propuesta tiene potencial. La combinación de digitalización, optimización de costos y retención de talento, aborda directamente mis principales preocupaciones: la incertidumbre económica y la necesidad de eficiencia. Si bien la implementación requiere inversión y adaptación, a largo plazo, la propuesta se alinea con mi visión de un negocio moderno y sostenible. Por lo tanto, doy mi voto a favor.
"
Agent_032,INFP,SÍ,ALTA,"¡Uf, a ver... ""Libertad Total Garantizada"" con nombre de robot suena a chamuyo galáctico! Pero esperá, vamos a ver qué onda.

**R1 (Instinto de Negocio):** A ver, pibe... ¿200 lucas por ""libertad""? Depende de qué tan preso me sienta. Si estoy laburando 18 horas al día y no veo un mango, la idea de que mi equipo labure solo... ¡puede ser tentadora! Pero... esas palabras altisonantes me hacen desconfiar. Suena a curso de esos vende humos, pero con un toque más ""tangible"" por los 3 días en el local.

**R2 (Análisis Técnico):**

*   **Manual Blindado:** Checklists y protocolos... ¡aguante! Si son prácticos y no un mamotreto, puede servir.
*   **Despegue Presencial:** 3 días... ¡guarda! Si el chavón no entiende mi local, es guita tirada. Ahí me tiene que demostrar que la tiene clara.
*   **Garantía WhatsApp:** Me gusta. Preguntar boludeces por WhatsApp sin que me cobren... ¡va como piña!
*   **Seguro de Persistencia:** Las auditorías sorpresa... mirá, si el tipo se toma el laburo en serio y no solo me bardea, puede funcionar. ¡Que no me venga un cheto a decirme cómo hacer mi laburo!
*   **Prueba Social:** Los testimonios... ¡ojo con eso! Que sean gente real y con locales parecidos al mío, sino no me sirve. Que me den el contacto para llamar y preguntar posta.

**Veredicto:** Mmm... hay cosas que me cierran y otras que me dan desconfianza. El tema es que justo ahora estoy medio cagado con la guita. Si no veo resultados rápidos, me fundo. Necesito algo MÁS tangible o una forma de financiarlo. Por como estan las cosas, no logro ver si esto me da resultados rapido o no. Prefiero no arriesgarme

[VOTO: NO]
","Ok, analizando la propuesta técnica y de servicio, independientemente del contexto económico adverso, estas son las fallas que encuentro desde mi perspectiva como dueño de restaurante:

*   **Manual Blindado:** Un checklist gigante puede ser contraproducente. La gente no lo usa, se aburre, o lo ve como una imposición más que como una ayuda real. Necesito algo DINÁMICO, que se pueda adaptar a mi negocio, no un dogma. ¿Se actualiza? ¿Quién lo actualiza? Si es un manual estático, en 6 meses ya quedó viejo.
*   **Despegue Presencial:** 3 días son pocos si el tipo no tiene experiencia en gastronomía. ¿Qué sabe este tipo de los quilombos de la cocina, del mozo que falta, del proveedor que no trae el pedido a tiempo? Necesito que entienda MIS problemas, no que me dé soluciones genéricas que encuentra en Google. Además, ¿qué pasa después de esos 3 días? ¿Me deja solo con el manual y el WhatsApp? Eso no es un despegue, es un vuelo en picada.
*   **Garantía WhatsApp:** WhatsApp es un buen canal para consultas rápidas, pero ¿y las dudas COMPLEJAS? ¿Quién me garantiza que la persona que me responde por WhatsApp sabe realmente del tema? Si tengo un problema grave con el sistema, necesito un experto al teléfono, no un ""community manager"" tirando respuestas predefinidas.
*   **Seguro de Persistencia:** Las auditorías sorpresa pueden generar más tensión que soluciones. Si el tipo llega y me empieza a encontrar errores, me va a desmoralizar al equipo. Necesito que las auditorías tengan un enfoque CONSTRUCTIVO, que sirvan para identificar oportunidades de mejora y no solo para criticar lo que está mal. ¿Y si la auditoría está mal hecha? ¿Quién me defiende a mí?
*   **Prueba Social:** Los testimonios tienen que ser VERIFICABLES. No quiero videos grabados con actores. Quiero nombres y apellidos de dueños de restaurantes reales, con contactos a los que pueda llamar y preguntarles directamente sobre su experiencia. Si no, es puro humo. Necesito ver resultados reales, no marketing disfrazado.
* **Falta de personalización:** No veo la propuesta ajustándose a las necesidades de MI restaurante. ¿Es igual para una parrilla familiar que para una cafetería de especialidad? Eso me hace dudar de la efectividad del servicio. Necesito algo a medida.
* **Enfoque en el ""Robot"" y no en el equipo:** Se habla mucho de automatizar y muy poco de capacitar al personal. ¿Cómo se motiva al equipo para usar los nuevos sistemas? ¿Cómo se gestiona el cambio? Si el personal no está a bordo, el ""robot"" no va a funcionar.

En resumen, veo mucha promesa de resultados mágicos (""libertad total"", ""despegue""), pero poca sustancia en la propuesta técnica y de servicio. Falta personalización, profundidad y un enfoque más humano y menos ""robótico"".
","Ok, después de pensarlo bien y considerando tanto mi experiencia en el rubro como el análisis más frío de la propuesta, mi veredicto final es el siguiente:

Considero que la propuesta tiene el potencial de ayudar a muchos colegas a modernizarse y aumentar su rentabilidad, especialmente en un contexto económico desafiante como el que vivimos. Sin embargo, la implementación y los costos asociados son cruciales para definir si realmente vale la pena.

**[VOTO: SÍ]**
"
Agent_083,ESTJ,NO,DUDOSO,"¡Uff, 200 lucas! A ver, vamos por partes, che.

**R1 (Instinto de negocio puro):** Tres días de Megan metida en mi cocina... suena intenso, ¿eh? Pero la idea de sacarme un montón de laburo de encima y no tener que estar atrás de cada empleado todo el tiempo... eso sí que me tienta. Los testimonios de otros dueños que recuperaron horas... mmm, interesante. El número es bueno. Pero 200 Lucas es un montón de guita. 

**R2 (Análisis técnico de la propuesta):**

*   **Manual Blindado:** Checklists y protocolos suenan bien para ordenar el quilombo que a veces es mi cocina.
*   **Despegue Presencial:** Tres días acá, encima con Megan... tengo que ver si el equipo la banca, sino va a ser peor el remedio que la enfermedad.
*   **Garantía 30 días:** Me gusta la idea de tener soporte vía Whatsapp, pero ¿diario? ¡Madre mía! Espero que no me bombardeen a preguntas boludas.
*   **Seguro de Persistencia:** Las visitas sorpresa me dan un poco de cosa, pero entiendo el punto: asegurarse que las cosas se sigan haciendo bien.
*   **Prueba Social:** Los testimonios son un buen gancho. Habría que ver si son posta o chamuyo.

**Veredicto:** Si tuviera la guita... quizás. Pero ahora mismo, 200 lucas es mucha plata y no estoy seguro de que valga la pena el riesgo. Me parece que puedo implementar algunas cosas por mi cuenta con el tiempo.

[VOTO: NO]
","Bien, analicemos las posibles fallas desde mi perspectiva como dueño de restaurante con mis necesidades y forma de pensar:

*   **""Manual Blindado: Checklists y protocolos suenan bien para ordenar el quilombo que a veces es mi cocina.""** – Falla potencial: ¿Son checklists realistas para una cocina real como la mía? ¿O son fórmulas genéricas que no tienen en cuenta el día a día, los proveedores que fallan a último momento, la carne que llegó con mucha grasa, o el horno que hace ruido raro? Si no son adaptables a mi realidad, van a quedar guardadas en un cajón.

*   **""Despegue Presencial: Tres días acá, encima con Megan... tengo que ver si el equipo la banca, sino va a ser peor el remedio que la enfermedad.""** – Falla potencial importante: Tres días pueden no ser suficientes para generar un cambio real. Si mi equipo no se engancha desde el principio, o si Megan no conecta con ellos, voy a tener un conflicto y retroceder más de lo que avancé. Además, ¿qué pasa después de los tres días? ¿Quién se asegura de que sigan aplicando lo aprendido?

*   **""Garantía 30 días: Me gusta la idea de tener soporte vía Whatsapp, pero ¿diario? ¡Madre mía! Espero que no me bombardeen a preguntas boludas.""** – Falla potencial: Soporte diario por WhatsApp suena invasivo y potencialmente inútil. Si tengo un problema grave, necesito una solución rápida y efectiva, no un intercambio de mensajes que puede tardar horas. ¿Tienen un número de emergencia? ¿Pueden resolver problemas complejos a la distancia o solo dan respuestas protocolares?

*   **""Seguro de Persistencia: Las visitas sorpresa me dan un poco de cosa, pero entiendo el punto: asegurarse que las cosas se sigan haciendo bien.""** – Falla potencial: Las visitas sorpresa pueden generar tensión y desconfianza en mi equipo. Si no se comunican con anticipación, pueden pensar que estoy contratando un espía y eso va a afectar el clima laboral. Además, ¿quién paga si encuentra algo durante la visita?

*   **""Prueba Social: Los testimonios son un buen gancho. Habría que ver si son posta o chamuyo.""** – Falla latente: Los testimonios no son garantía de nada. Necesito ver resultados concretos en un lugar como el mío. ¿Tienen casos de éxito en parrillas similares? ¿Puedo hablar con otros dueños que hayan usado el servicio en mi zona? Si no hay pruebas tangibles, los testimonios no valen nada.

En resumen, la propuesta suena bien en teoría, pero me preocupa la falta de adaptación a mi realidad, la potencial fricción con el equipo y la incertidumbre sobre la efectividad a largo plazo. Necesitaría más garantías de que la inversión va a valer la pena antes de arriesgarme.
","Considerando mi experiencia en el rubro, donde cada día es una lucha para llegar a fin de mes, y sopesando el análisis técnico que me mostraste, llego a una conclusión. Si bien entiendo el potencial que podría tener, me preocupa mucho el costo inicial y el riesgo que implica invertir en algo que no tengo la certeza de que me vaya a generar ingresos rápidamente. En este contexto económico tan inestable, prefiero ser cauteloso y mantener opciones más seguras.

[VOTO: NO]
"
Agent_069,INFJ,SÍ,ALTA (Instinto R1),"¡Uf, a ver esta movida de Megan! De entrada, me suena a que le están poniendo ganas para atacar el problema de delegar y que no se te caiga el rancho encima, que es un dolor de huevos constante.

*   **R1 (Mi instinto de negocio puro):** $200.000 no es moco de pavo, pero si de verdad me libera 15 horas por semana y me evita quilombos... ¡podría valer la pena! La guita va y viene, el tiempo no. Me da un poco de cosa que sean solo 3 días presenciales. ¿Alcanza para cambiar la cabeza de la gente?

*   **R2 (Análisis técnico de la propuesta):**

    *   **Manual Blindado:** Me gusta, checklist y protocolos sirven. Pero depende de qué tan ""blindado"" sea, que no sea un copy paste de internet.
    *   **Despegue Presencial:** Clave. Pero 3 días... mmm, tendría que ver el programa. Ojo si te enchufan ideas yankees que acá no funcionan.
    *   **Garantía WhatsApp:** Eso suma puntos, sentir que te dan bola en el momento que tenés el agua al cuello es vital.
    *   **Seguro de Persistencia:** Interesante lo de las visitas sorpresa. Muestra que confían en el sistema.
    *   **Prueba Social:** Los testimonios son la clave. Habría que chequear si son posta y a qué tipo de restaurante les funcionó.

*   **Veredicto:** Mmmm... estoy en el límite. Si los testimonios fueran de lugares que conozco y les creo, y si el ""Despegue Presencial"" tuviera un programa sólido, le daría una chance. Pero así nomás, con la info que tengo...

[VOTO: NO]
","Okay, analizando la propuesta técnica y de servicio de Megan, obviando consideraciones económicas, veo las siguientes fallas o áreas grises que generarían dudas:

*   **Ambigüedad del ""Manual Blindado"":** Definir ""blindado"" es crucial. No se especifica el nivel de customización, si son plantillas genéricas o si realmente se adaptan a las particularidades de mi restaurante (tipo de cocina, tamaño, personal, etc.).  La falta de detalle sobre el contenido y la metodología de creación genera desconfianza.

*   **Duración y Contenido del ""Despegue Presencial"":** Tres días podrían ser insuficientes para internalizar los cambios en el personal, especialmente si ya tienen hábitos arraigados. Falta información sobre la intensidad de la capacitación, los temas que se abordarán, y cómo se medirá la efectividad del entrenamiento. La adaptación a la idiosincrasia argentina, como mencioné antes, es fundamental y no se explicita cómo se logra.

*   **Alcance de la ""Garantía WhatsApp"":**  Si bien es valioso tener soporte rápido, la calidad de ese soporte es clave. ¿Quién responde los mensajes? ¿Son personas con experiencia en el rubro gastronómico y con la capacidad de dar soluciones efectivas, o son simples operadores? La garantía es útil solo si la respuesta es rápida y resuelve el problema.

*   **Naturaleza del ""Seguro de Persistencia"":** Las visitas sorpresa son interesantes, pero ¿qué se evalúa en esas visitas? ¿Se ofrece un informe detallado con áreas de mejora? ¿Se realizan correcciones en el momento? El valor real de las visitas depende de la calidad del análisis y el seguimiento posterior.

*   **Valor y Credibilidad de la ""Prueba Social"":** Como dije, los testimonios son cruciales, pero necesitan ser verificables y relevantes. ¿Hay estudios de caso detallados? ¿Se puede contactar directamente a los dueños de los restaurantes que dan testimonio?  Si los testimonios son de restaurantes muy diferentes al mío, su valor disminuye. 

En resumen, la propuesta carece de especificidad y detalles concretos sobre la metodología y el contenido de cada componente.  Esto genera dudas sobre su efectividad real y su capacidad para adaptarse a las necesidades particulares de mi negocio.
","Considerando mi instinto de emprendedor (R1) y el análisis técnico frío de la propuesta (R2), creo que hay potencial, pero con riesgos evidentes. La propuesta me atrae por la posibilidad de optimizar costos y atraer más clientes, sin embargo, la volatilidad económica actual me preocupa y la implementación digital requiere una inversión que hay que analizar en detalle.

[VOTO: SÍ], pero condicionado a una prueba piloto con resultados medibles en un plazo corto (3-6 meses) y la posibilidad de rescindir el contrato si los resultados no son satisfactorios. Además, buscaría negociar plazos de pago flexibles y un soporte técnico intensivo durante la implementación.

En resumen, le doy un voto de confianza, pero con cautela y la necesidad de mitigar los riesgos. Prefiero probar antes de comprometerme a largo plazo.
"
Agent_053,ENFJ,SÍ,ALTA (Instinto R1),"¡Uff, vamos a ver esta propuesta de Megan! A ver si me convence de verdad.

**R1 (Mi instinto de negocio puro):** De movida, me suena interesante lo del ""Sistema de Control Total"" y ""Recuperá tu Libertad"". ¡Suena a que me quitan un peso de encima! Lo de las auditorías sorpresa me da un poco de cosa, pero si realmente me aseguran que el equipo mantenga el estándar, podría valer la pena. Los testimonios son un buen gancho, pero hay que ver si son creíbles. Pero a ver, $200.000… ¡Es una buena moneda!

**R2 (Análisis técnico de la propuesta):**

*   **Manual Blindado:** Me gusta la idea de tener herramientas estandarizadas. Checklists y protocolos siempre vienen bien para ordenar el quilombo.
*   **Entrenamiento Presencial:** Tres días son buenos para arrancar, para meterle pila al equipo.
*   **Garantía de WhatsApp:** Me sirve la buena onda de tener soporte diario el primer mes. ¡Eso es clave para resolver dudas rápido!
*   **Seguro de Persistencia:** Las visitas sorpresa son un arma de doble filo. Si realmente corrigen los problemas sin costo, es un golazo. Si se ponen exquisitos y me complican, es un dolor de cabeza.
*   **Prueba Social:** Los testimonios suman, pero necesito saber si son reales y de negocios similares al mío. Si son chamuyos, me doy cuenta al toque.

**Veredicto:** Si realmente el sistema es sólido, el seguimiento es serio y los testimonios son genuinos, los $200.000 podrían ser una inversión inteligente. Me aliviaría bastante la cabeza y me permitiría enfocarme en otras cosas. Pero… tengo que estar SEGURA de que no es humo.

[VOTO: SÍ]
","Okay, analicemos la propuesta técnica de Megan con lupa, obviando el factor precio y la macroeconomía. Aquí van las fallas que veo, desde mi perspectiva de dueña de restaurante curtida:

*   **Manual Blindado:** Checklists y protocolos son geniales, pero ¿son **realmente adaptables** a mi negocio? Cada restaurante es un mundo. Si son genéricos, se quedarán en un cajón acumulando polvo. Necesito ver ejemplos concretos de cómo se aplican a situaciones reales que vivo a diario (ej. manejo de quejas, control de stock específicos, protocolos de higiene detallados).
*   **Entrenamiento Presencial:** Tres días suena bien, pero ¿quiénes dan el entrenamiento? ¿Tienen experiencia real en restaurantes, o son solo teóricos? Necesito **entrenadores con calle**, que entiendan la dinámica caótica de la cocina y el salón. Además, ¿hay un seguimiento post-entrenamiento para reforzar lo aprendido?
*   **Garantía de WhatsApp:** Soporte diario el primer mes es un buen gesto, pero ¿qué pasa después? ¿Hay un costo adicional por el soporte continuo? ¿Cómo de rápido responden? Necesito **garantías de tiempos de respuesta**, porque si tengo un problema urgente en pleno servicio, no puedo esperar horas.
*   **Seguro de Persistencia (Auditorías Sorpresa):** Aquí es donde veo más riesgos. ""Corregir los problemas sin costo"" suena demasiado bueno para ser verdad. ¿Qué tipo de problemas cubren? ¿Cuál es el límite de la corrección sin costo? ¿Qué pasa si las auditorías generan conflictos con mi equipo? Necesito **detalles específicos sobre el alcance de este ""seguro""** y cómo se manejan las disputas. Además, ¿quiénes realizan las auditorías? ¿Tienen la formación y la sensibilidad para hacer una crítica constructiva sin desmotivar al personal?
*   **Prueba Social (Testimonios):** Los testimonios son un buen punto de partida, pero necesito **ver datos concretos**. Por ejemplo, ¿aumentaron las ventas en los restaurantes que usaron el sistema? ¿Redujeron los costos? ¿Mejoró la satisfacción de los clientes? Un testimonio vago no me sirve, necesito números que respalden la efectividad del sistema. Además, me gustaría **hablar directamente con otros dueños** que hayan usado el servicio. Una llamada telefónica vale más que mil testimonios escritos.

En resumen, la propuesta tiene elementos interesantes, pero peca de ser demasiado genérica y poco transparente en algunos puntos clave. Necesito **más detalles, ejemplos concretos y garantías específicas** para sentirme realmente cómoda con la inversión.
","Considerando mi experiencia en el rubro, mi preocupación constante por la inflación y la necesidad de mantener márgenes en un contexto económico volátil, y evaluando los aspectos tanto intuitivos como técnicos que analizamos, mi veredicto final es:

[VOTO: SÍ]
"
Agent_025,ESFJ,SÍ,DUDOSO,"¡Uff, a ver! Esto de ""libertad total"" y ""sistema de control total"" me suena medio contradictorio, pero vamos a analizarlo.

**R1 (Tu instinto de negocio puro):**
Mirá, con la inflación que tenemos, $200.000 es un vuelto si realmente me puedo sacar de encima quilombos y recuperar tiempo. Suena como una inversión en mi calidad de vida, más que en el restaurante en sí. Pero... ¿será verdad tanta maravilla? Me da cosita que sea ""Megan"" la que me venga a auditar... ¿quién es Megan? ¿Sabe realmente cómo funciona un bodegón argento? Los testimonios son clave acá, pero me gustaría hablar directamente con los dueños.

**R2 (Análisis técnico de la propuesta):**

*   **Manual Blindado:** Me sirve, siempre y cuando sea adaptable a MI negocio. Necesito ver ejemplos concretos, no generalidades.
*   **Despegue Presencial (3 días):** Interesante, pero depende del equipo que me toque. Si son gente con experiencia, zafamos. Si son pibes que no saben ni prender el horno, estamos al horno (¡chiste!).
*   **Garantía WhatsApp:** Me gusta, pero ¿quién responde del otro lado? ¿Un bot o una persona real?
*   **Seguro de Persistencia:** Las auditorías sorpresa son un arma de doble filo. Si el equipo se siente vigilado, labura mal. Pero si motiva a mantener el estándar, joya.
*   **Prueba Social:** ¡Importantísimo! Quiero nombres y apellidos. Y si puedo, una charla telefónica. Acá está la clave de la confianza.

**Veredicto:**

Si los testimonios son posta y puedo hablar con los dueños para que me cuenten su experiencia REAL y me dan la confianza de que esto no es humo, **[VOTO: SÍ]**. Pero si no tengo esa seguridad, ni loco.
","Okay, analizando la propuesta técnica y de servicio desde una perspectiva crítica, veo las siguientes posibles fallas:

*   **""Manual Blindado"":** Asumo que se refiere a un manual de procesos y procedimientos. La gran falla potencial aquí es que sea *rígido* y no considere las particularidades de mi restaurante (bodegón argento, con sus idiosincrasias). Necesito saber si puedo adaptarlo, modificarlo, agregarle cosas. Un manual genérico que no refleje la realidad de mi cocina, mi personal y mi clientela, es inútil. Además, ¿quién lo actualiza? ¿Qué pasa si cambia una ley o necesito implementar un nuevo protocolo? ¿Hay soporte continuo para el manual, o me lo dan y me tengo que arreglar solo?
*   **""Despegue Presencial (3 días)"":** Tres días pueden ser insuficientes. Depende de la complejidad de mi operación y del nivel de capacitación de mi personal. Tres días podrían ser un buen puntapié inicial, pero necesito saber si hay un *acompañamiento posterior*. ¿Qué pasa si surgen dudas o problemas una semana después de que se vayan? ¿Hay un seguimiento virtual, capacitaciones online, o algo por el estilo? Además, crucial: ¿quiénes son los encargados de ese ""despegue""? ¿Tienen experiencia *real* en restaurantes como el mío? ¿Conocen los proveedores, las costumbres, los desafíos de un bodegón argentino?
*   **""Garantía WhatsApp"":** Un canal de comunicación es bueno, pero un *chatbot* que responde con frases predefinidas no me sirve. Necesito la seguridad de que voy a hablar con una *persona real*, que comprenda mis problemas y me dé soluciones efectivas en un tiempo razonable. Además, ¿en qué horario está disponible el soporte por WhatsApp? ¿Es 24/7, en horario de oficina, o es aleatorio?
*   **""Seguro de Persistencia"":** Las auditorías sorpresa suenan bien en teoría, pero pueden generar *resentimiento* y *desconfianza* en el equipo. ¿Cómo se maneja la *comunicación* de estas auditorías? ¿Se explican los resultados al personal? ¿Se usan de forma constructiva para identificar áreas de mejora, o simplemente para señalar errores y castigar? Si no se gestionan adecuadamente, pueden ser contraproducentes y afectar la moral del equipo. Además, ¿con qué *frecuencia* son estas auditorías?
*   **""Prueba Social"":** Testimonios genéricos no valen. Necesito *casos concretos* con *resultados medibles*. Por ejemplo, ""aumento del 20% en la rentabilidad gracias a la implementación del manual"" o ""reducción del 15% en el desperdicio de alimentos gracias a la capacitación del equipo"". Y, crucial, la posibilidad de hablar directamente con *dueños* de restaurantes similares al mío que hayan usado el servicio.
*   **La dichosa ""Megan"":**  ¿Cuáles son sus credenciales? ¿Tiene experiencia en gastronomía argentina? ¿Entiende la dinámica de un bodegón? Necesito saber más sobre su *background* y *expertise* antes de dejar que ""audite"" mi negocio.  Sin esa información, me genera desconfianza.

En resumen, la propuesta tiene buenas ideas, pero carece de *especificidad* y *garantías* concretas de que realmente se adaptará a las necesidades de mi restaurante y brindará un soporte efectivo a largo plazo. La falta de detalles sobre el equipo, el contenido del manual, el seguimiento post-despegue y la gestión de las auditorías genera dudas importantes.
","Dada la coyuntura económica argentina, donde la inflación es una constante preocupación y la inseguridad económica mi principal dolor, necesito una propuesta que me ofrezca solidez y previsibilidad. Si bien entiendo el valor de la innovación y la adaptación al mercado, mi instinto me dice que debo ser cautelosa y mi análisis técnico reafirma la necesidad de cuidar las finanzas de mi negocio. Por lo tanto, si la propuesta no mitiga significativamente mi temor a la inflación y me brinda herramientas para navegar la crisis económica con seguridad, deberé rechazarla, independientemente de su potencial de crecimiento a largo plazo. Si la propuesta cumple con estas condiciones, podría considerarla.

En este contexto, aún necesito más información para dar un veredicto definitivo. Sin embargo, **si la propuesta ofrece mecanismos de protección contra la inflación, estabilidad de precios y herramientas para optimizar costos, posiblemente podría considerar un [VOTO: SÍ]. De lo contrario, me inclinaría por un [VOTO: NO].**
"
Agent_031,INFJ,SÍ,DUDOSO,"¡A ver, veamos qué onda esta propuesta de Megan! Me suena a salvavidas para tanta vorágine.

*   **R1 (Instinto de negocio puro):** Banco fuerte la idea de recuperar tiempo, ¡es oro! El manual blindado pinta bien si realmente le da autonomía al equipo. Lo de los testimonios suma, pero quiero ver caras conocidas, no cualquiera. Las auditorías sorpresa... mmm, me da un poco de desconfianza, ¿no será mucho control? El precio, $200.000, me parece salado de entrada, pero si de verdad me libera de estar al pie del cañón todo el día, podría pensarlo.

*   **R2 (Análisis técnico):** El manual en PDF, clave que sea práctico y adaptable a mi local, no un copy-paste genérico. Los 3 días de entrenamiento presencial son un buen gancho, ahí veo si la mina sabe de lo que habla. La garantía de WhatsApp me da cierta tranquilidad, pero espero respuestas rápidas y soluciones concretas, no solo charla. Las auditorías sorpresa... red flag si se ponen muy pesados y desmoralizan al personal. Los testimonios tienen que ser reales, con nombres y apellidos, y que cuenten sus resultados posta. En resumen, la propuesta es interesante, pero necesito ver los detalles y sentir que no me están vendiendo humo.

*   **Veredicto:** Si bien la incertidumbre económica me pesa, la posibilidad de delegar más y tener más tiempo para mí me llama mucho. Le daría una oportunidad, pero con lupa y asegurándome que el cambio sea real y duradero de verdad.

[VOTO: SÍ]
","Okay, analizando la propuesta de Megan desde una perspectiva puramente técnica y de servicio, identifico las siguientes posibles fallas:

*   **Adaptabilidad del manual:** Se menciona que el manual es adaptable, pero ¿qué tan adaptable es realmente? Necesito saber si puedo modificar procedimientos específicos que son únicos en mi restaurante o si simplemente se trata de plantillas genéricas con algunos espacios para rellenar. Si la adaptabilidad es limitada, el valor del manual disminuye considerablemente.
*   **Profundidad del entrenamiento presencial:** Tres días podrían no ser suficientes para capacitar adecuadamente a todo el personal, especialmente si tengo empleados con diferentes niveles de experiencia. Necesitaría un plan de estudios detallado del entrenamiento para evaluar si cubre todos los aspectos críticos de la gestión del restaurante y si se adapta a las necesidades específicas de mi equipo.
*   **Eficacia del soporte vía WhatsApp:** La disponibilidad de soporte vía WhatsApp es valiosa, pero la clave está en la rapidez y la calidad de las respuestas. ¿Quién estará respondiendo los mensajes? ¿Es un equipo capacitado? ¿Cuánto tiempo tardarán en resolver problemas complejos? Si la respuesta es lenta o las soluciones son vagas, el soporte pierde su valor.
*   **Implementación de las auditorías sorpresa:** Las auditorías sorpresa pueden generar estrés y desconfianza en el personal si no se implementan correctamente. ¿Cuál será el enfoque de las auditorías? ¿Solo se centrarán en los errores o también reconocerán los aciertos? ¿Se utilizarán los resultados para mejorar los procesos o para castigar al personal? Necesito asegurarme de que las auditorías serán constructivas y respetuosas para evitar un impacto negativo en el ambiente laboral.
*   **Verificación de los testimonios:** Aunque Megan muestre testimonios con nombres y apellidos, es necesario validar su autenticidad. Idealmente, me gustaría hablar directamente con otros dueños de restaurantes que hayan utilizado el servicio de Megan para conocer su experiencia de primera mano y verificar si los resultados fueron tan positivos como se promocionan.
*   **Medición del éxito:** ¿Cómo se medirá el éxito de la implementación de la propuesta de Megan? Necesito establecer métricas claras y medibles (por ejemplo, reducción del tiempo dedicado a la gestión, aumento de la satisfacción del cliente, mejora de la eficiencia operativa) para poder evaluar el retorno de la inversión y determinar si el servicio realmente está cumpliendo sus promesas. Si no hay una forma clara de medir el éxito, no podré saber si la inversión valió la pena.
*   **Garantías:** ¿Qué garantías existen si el servicio no cumple con las expectativas? ¿Hay posibilidad de reembolso parcial o total si no veo resultados positivos en un plazo determinado? Necesito entender qué tipo de protección tengo como cliente en caso de que la propuesta de Megan no funcione en mi restaurante.","Considerando la necesidad de adaptarnos a la realidad económica actual y la búsqueda de soluciones que nos permitan mantener la calidad y rentabilidad de mi restaurante, pero sin descuidar el posible impacto negativo de una inflación descontrolada, necesito evaluar aún más a fondo la propuesta. Es un momento crucial y la decisión no puede tomarse a la ligera.

[VOTO: NO]
"
Agent_007,ESTP,SÍ,DUDOSO,"¡Dale, vamos a ver qué onda esta propuesta de Megan! A ver si me convencen de soltar 200 lucas.

**R1 (Mi instinto de negocio puro):**

A ver, de una, ""Libertad Total Garantizada"" suena chamuyo. Pero la idea de delegar y no estar pegado al negocio 24/7 me calienta. Necesito tiempo para jugar al pádel, ¡carajo! El tema es si este sistema realmente anda o es otro verso más. Los testimonios y la garantía son buena señal, pero... ¿será posta? Me da cosa que después termine siendo más quilombo que solución. Pero si realmente me libera 15 horas por semana... podría valer la pena.

**R2 (Análisis técnico de la propuesta):**

*   **Manual Blindado:** PDFs y checklists suenan bien, pero ¿son aplicables a mi restaurante? ¿Están pensados para el quilombo argento o son una copia de algo de afuera?
*   **Despegue Presencial:** Tres días de training intensivo es piola, pero necesito saber quién es Megan y si realmente sabe de restaurantes. ¿Tiene experiencia real o solo teoría?
*   **Garantía de 30 días + Auditorías Sorpresa:** Esto me da más confianza. Que haya auditorías sorpresas es clave para que el equipo no se relaje al mes. Pero ¿qué pasa después de esos tres meses? ¿Te olvidás del sistema?
*   **Prueba Social:** Los testimonios son importantes, pero necesito saber quiénes son esos dueños. Si son de restaurantes conocidos y parecidos al mío, me da más confianza.

**Veredicto:**

La propuesta tiene cosas interesantes, pero me da la sensación de que falta un poco de contexto y personalización. Necesitaría hablar con Megan, preguntarle bien a fondo cómo funciona el sistema y ver ejemplos concretos aplicados a mi negocio. Si me convence que tiene la posta y que realmente me puedo desligar un poco, podría ser una buena inversión. Por ahora, me quedo con la duda.

[VOTO: NO]
","Okay, analizando la propuesta de Megan desde una perspectiva puramente técnica y de servicio, veo varias áreas donde podría fallar o generar dudas para un dueño de restaurante argentino como yo:

1.  **Aplicabilidad del ""Manual Blindado"":** Mi restaurante no es cualquier restaurante. Tiene su historia, su idiosincrasia, su gente. La pregunta clave es: ¿Qué tan adaptable es ese ""Manual Blindado"" a la realidad específica de mi negocio? PDFs genéricos y checklists pueden sonar bien en teoría, pero la práctica en Argentina suele ser otra cosa. Necesito entender si el material tiene ejemplos concretos de cómo aplicarlo en una parrilla familiar, un café de especialidad o un bodegón histórico, y no solo teoría sacada de un libro de administración gringo.

2.  **Calificación y Experiencia de Megan:** Tres días de ""Despegue Presencial"" suenan bien, pero la clave es: ¿Quién es Megan? ¿Tiene experiencia real gestionando restaurantes en Argentina, lidiando con empleados locales, proveedores y las regulaciones locales? O es una consultora que solo tiene teoría y un discurso motivacional? Necesito saber si ha estado en la trinchera y si entiende la complejidad de administrar un negocio gastronómico en este país.

3.  **Alcance y Profundidad de las Auditorías Sorpresa:** La idea de las Auditorías Sorpresa es buena para mantener al equipo alineado, pero ¿qué tan profundas son esas auditorías? ¿Se limitan a revisar checklists o realmente analizan el funcionamiento del negocio, identifican cuellos de botella y proponen soluciones personalizadas? Además, ¿quién realiza esas auditorías? ¿Son personas con experiencia gastronómica real o simples ""auditores"" sin conocimiento del rubro?

4.  **Sostenibilidad del Sistema a Largo Plazo:** La garantía de 30 días con auditorías suena atractiva, pero ¿qué pasa después de ese período? ¿El sistema se vuelve obsoleto? ¿Hay soporte continuo o sesiones de seguimiento para asegurar que el sistema siga funcionando y adaptándose a los cambios? Necesito saber si es una solución a corto plazo o si realmente me van a acompañar para implementar un sistema de gestión sostenible en el tiempo.

5.  **Veracidad y Relevancia de la Prueba Social:** Los testimonios son importantes, pero necesito saber quiénes son esos dueños. ¿Son de restaurantes similares al mío en tamaño, tipo de comida y ubicación? No me sirve un testimonio de una franquicia de comida rápida si yo tengo una cantina familiar. Además, ¿son testimonios reales o guionados? Necesitaría poder contactar a esos dueños y preguntarles directamente sobre su experiencia con el sistema.

En resumen, la propuesta suena bien en la teoría, pero le falta contexto, personalización y una validación más concreta de su aplicabilidad a la realidad de un restaurante argentino promedio.
","Okay, después de sopesar mi olfato para los negocios y el análisis frío de los datos, llego a una conclusión. Entiendo la incertidumbre económica que nos golpea, la inflación es un monstruo que nos come vivos y la inseguridad es un fantasma que nos persigue. Pero quedarse paralizado no es una opción.

Confío en que esta propuesta, con los ajustes finos que mencioné, tiene el potencial de sortear estos obstáculos y generar rentabilidad. La clave está en la adaptación constante y en no perder de vista la experiencia del cliente. Si podemos ofrecer valor real, aún en un contexto difícil, la gente va a seguir eligiéndonos.

Por todo esto, mi veredicto es:

[VOTO: SÍ]
"
Agent_001,INTJ,NO,DUDOSO,"Uy, a ver, esto de ""libertad total"" me suena a chamuyo marketinero. A los 75 años, uno ya vacunado contra esas promesas grandilocuentes. Pero veamos qué ofrece la muchacha esta Megan.

**R1 (Instinto puro):** $200.000... ¡Picante! De entrada, si me prometen que voy a tener 15 horas más libres a la semana, las empiezo a cotizar al toque. ¿Qué hago yo con 15 horas? Me voy al club, juego al bridge, leo el diario tranquilo, visito a mis nietos. El tiempo vale oro, nena, más a mi edad. El tema es si realmente lo cumplen.

**R2 (Análisis técnico):**

*   **Manual Blindado:** Checklists y protocolos... Ya tengo un montón. Pero una matriz de crisis puede servir, con la que se nos vino encima, nunca está de más.
*   **Despegue Presencial:** 3 días acá en el local es interesante. Ver a la gente de Megan laburando codo a codo vale más que mil manuales.
*   **Garantía WhatsApp:** Auditoría diaria al principio, bien. Ahora, ¿quién atiende el WhatsApp? ¿Yo? Porque ahí sí que no gano tiempo libre.
*   **Seguro de Persistencia:** Las visitas sorpresa me gustan. Sirven para ver si la gente se pone las pilas o vuelve a la fiaca habitual.
*   **Prueba Social:** 3 testimonios... A ver, ¿quiénes son? Si son pizzerías de barrio, no me sirven. Necesito referencias de lugares con mi volumen de gente y calidad.

En resumen: hay cosas interesantes, pero tengo que ver si realmente el sistema se adapta a mi restaurant y si la garantía de tiempo libre es real. Sino, es tirar la guita.

**Veredicto:** Con la propuesta tal cual, no me convence del todo. Necesito saber más de esos testimonios y del seguimiento real post capacitación.

[VOTO: NO]
","Bien, analicemos las fallas en la propuesta técnica y de servicio de Megan, basándonos en mi análisis previo:

1.  **Manual Blindado (Checklists y Protocolos):** Ya tengo muchos. Si los que proponen son genéricos, no me sirven. La falla aquí es la falta de especificidad. Necesitaría saber si esos checklists están adaptados a un restaurante de mi estilo, tamaño y complejidad. Si son plantillas pre-armadas, no valen la pena.
2.  **Garantía WhatsApp:** ¿Quién atiende el WhatsApp? Es crucial saber si la garantía incluye a alguien que lo maneje en mi nombre, porque si tengo que hacerlo yo, no gano tiempo libre. La falla es la ambigüedad. No se especifica quién gestionará la comunicación a través de este canal.
3.  **Prueba Social (3 Testimonios):** La falta de transparencia sobre los testimonios es una falla importante. Necesito saber si los restaurantes que dan testimonio son similares al mío en volumen y calidad. Si no, la prueba social no es relevante. La falla es la falta de especificidad/relevancia de las referencias.
4.  **Seguimiento Post-Capacitación:** Si bien las visitas sorpresa están bien, no se detalla la frecuencia ni la profundidad del seguimiento a largo plazo. ¿Se limitan a observar o también ofrecen soluciones proactivas a los problemas que surjan? La falla aquí es la falta de detalle en el soporte continuo.

En resumen, la propuesta falla en la especificidad, transparencia y detalle de los servicios ofrecidos. Necesito ver ejemplos concretos de cómo aplicarían sus herramientas a mi restaurante, quién manejará el soporte diario y tener referencias relevantes. Sin esa información, la propuesta es demasiado genérica y, por lo tanto, arriesgada.
","Considerando mi instinto, que me dice que hay que ser cautelosos en este contexto, y mi análisis técnico, que me señala oportunidades pero también riesgos importantes, llego a la siguiente conclusión:

La propuesta tiene potencial, pero requiere un análisis mucho más profundo de los costos ocultos y las posibles fluctuaciones del mercado. No me convence del todo, especialmente con la incertidumbre económica que estamos viviendo. Prefiero ser conservadora y esperar a tener más datos concretos.

[VOTO: NO]
"
Agent_097,ENFJ,SÍ,DUDOSO,"¡Uf, a ver, vamos a desmenuzar esto!

**R1 (Mi instinto de negocio puro):** $200.000... ¡Pica! Pero si de verdad me libero 15 horas por semana, es guita bien invertida. Necesito tiempo para mí, para pensar en estrategias, en lugar de estar apagando incendios todo el día. La idea de que el equipo tome decisiones sin consultarme suena gloriosa, pero ¿será real? Me da miedito el ""Control Total"", suena a que voy a perder el control del restaurante. Los testimonios y las auditorías sorpresa le dan un empujón, pero necesito ver resultados concretos antes de largar la mosca.

**R2 (Análisis técnico de la propuesta):**

*   **Manual de Operaciones Blindado:** Me gusta la idea de tener herramientas listas para usar. Checklists y protocolos siempre vienen bien para ordenar el quilombo. La matriz de manejo de crisis es clave, porque los problemas siempre aparecen.
*   **Despegue Presencial:** Tres días son bastante intensivos. Espero que el entrenamiento sea práctico y aplicable a mi realidad, no pura teoría. Que vengan a mi local me da más confianza.
*   **Garantía de 30 Días (WhatsApp):** El soporte constante por WhatsApp lo veo bien, me da seguridad tener a alguien ""a mano"" para consultas.
*   **Seguro de Persistencia:** Las visitas sorpresa son un plus, demuestran que Megan se compromete a largo plazo. Me gusta que corrijan errores sin costo extra.
*   **Prueba Social:** Los testimonios son importantes, pero necesito ver ""la letra chica"". ¿Quiénes son esos dueños? ¿Los conozco? ¿Son restaurantes similares al mío?

**Veredicto:** Me genera dudas lo del control total, pero la propuesta en general es interesante. Si los testimonios son reales y el sistema funciona de verdad, podría ser una inversión inteligente. Necesito más información para decidirme por completo, pero me inclino por invertir.

[VOTO: SÍ]
","Okay, analizando la propuesta técnica y de servicio con lupa, dejando de lado cualquier consideración económica, veo las siguientes posibles fallas:

*   **Manual de Operaciones Blindado:** Si bien los checklists y protocolos son buenos, un manual demasiado inflexible puede ser un problema. Cada restaurante es un mundo, y un manual rígido podría no adaptarse a situaciones imprevistas o a las peculiaridades de mi local, especialmente si tengo un restaurant familiar con sus propias costumbres. Debe haber flexibilidad.
*   **Despegue Presencial:** Tres días pueden ser insuficientes para implementar un sistema integral. Dependiendo de la complejidad de mi operación, el equipo podría sentirse abrumado y no lograr internalizar los cambios. Necesitaría más tiempo o un seguimiento más extenso después del despegue. Especialmente en parrillas muchas veces trabaja personal con poca formación.
*   **Garantía de 30 Días (WhatsApp):** El soporte constante por WhatsApp es positivo, pero ¿qué tan rápido es el tiempo de respuesta? ¿Quién está del otro lado respondiendo? ¿Es alguien con experiencia en restaurantes o un simple ""contestador de mensajes""? Si la respuesta es lenta o poco útil, la garantía pierde valor. Que pasa con los problemas los Sábados a la noche?
*   **Seguro de Persistencia:** Las visitas sorpresa para corregir errores son un buen punto, pero la frecuencia y la calidad de estas visitas son cruciales. ¿Cada cuánto vendrán? ¿Quiénes son los auditores? ¿Tienen experiencia específica en mi tipo de restaurante (parrilla, café, etc.)? Si los auditores no entienden mi negocio, sus correcciones podrían ser contraproducentes.
*   **Prueba Social:** La falta de transparencia sobre los testimonios es una debilidad. Necesito verificar la autenticidad de los testimonios y asegurarme de que pertenecen a dueños de restaurantes similares al mío, tanto en tamaño como en tipo de cocina. Un testimonio de un restaurante de alta cocina no es relevante para mí si tengo una parrilla familiar. La falta de casos de éxito demostrables en mi rubro es una gran falla.
*   **El ""Control Total"":** Este sigue generando desconfianza. No está claro cómo se implementará este ""control total"" y cuáles serán los mecanismos de control que tendré sobre las decisiones del equipo. Existe el riesgo de perder el control sobre aspectos importantes del negocio y de generar conflictos con el personal. Necesito entender esto a fondo.
","Bien, después de analizar todo, considerando tanto mi intuición como los datos concretos, y teniendo en cuenta el contexto económico actual de Argentina que me genera tanta incertidumbre, mi veredicto final es...

[VOTO: NO]

Si bien reconozco el potencial de la propuesta, el miedo a una inflación descontrolada y la inseguridad económica me impiden dar el sí en este momento. Necesito sentir más estabilidad antes de asumir nuevos riesgos.
"
Agent_029,INTJ,SÍ,DUDOSO,"¡A ver, vamos a analizar esto con ojo de bodeguero!

**R1 (Instinto de negocio puro):** De entrada, me suena a mucho verso eso de ""libertad total garantizada"". Nadie te garantiza nada en este rubro, ¡ni la lluvia! Ahora, la idea de que el equipo funcione solo y yo tenga más tiempo... suena como música celestial. Pero bueh, hay que ver si es verdad o chamuyo.

**R2 (Análisis técnico de la propuesta):**

*   **Manual Blindado:** Checklists y protocolos suenan interesantes para ordenar el quilombo que a veces es la cocina y el salón. A ver si son realmente útiles y no pura palabrería.
*   **Despegue Presencial:** Tres días de entrenamiento intensivo... Depende mucho de quién venga a darlo y si realmente entiende mi negocio, que no es lo mismo una parrilla familiar que un café de especialidad.
*   **Garantía de 30 días + WhatsApp:** La auditoría diaria suena bien, tener a alguien que te de una mano en el día a día es un golazo. El WhatsApp es un buen canal.
*   **Seguro de Persistencia:** Las visitas sorpresa son una buena idea para asegurarse de que el equipo no vuelva a las andadas. Pero también depende de quién las haga y qué tan bien conozca mi negocio.
*   **Prueba Social:** Los testimonios son importantes. Habría que ver si esos dueños son de negocios parecidos al mío y si realmente les sirvió.

**Veredicto:**

Si bien el chamullo de ""libertad total"" me da un poco de urticaria, veo que hay cosas interesantes en la propuesta. El tema es que $200.000 es una inversión importante, y tengo que estar seguro de que realmente va a valer la pena, que me ayude al menos a facturar mas. Sino, estoy en el horno. Por el momento, le doy el beneficio de la duda.

[VOTO: SÍ]
","Bien, analicemos a fondo la propuesta, dejando de lado el contexto económico y centrándonos en los aspectos técnicos y de servicio que ofrece. Mi ""ojo de bodeguero"" ve algunas posibles grietas:

*   **Manual Blindado:** Si los checklists y protocolos son demasiado rígidos, pueden sofocar la creatividad del equipo y la espontaneidad en el servicio al cliente. En mi experiencia, un cliente que pide algo fuera de menú y lo complacemos, es un cliente ganado. Si el manual frena eso, no sirve.
*   **Despegue Presencial:** Tres días de entrenamiento son insuficientes para cambiar hábitos arraigados en el personal. Además, si el capacitador no tiene experiencia real en el rubro gastronómico argentino (y no solo en el manejo de empresas en general), la capacitación puede resultar teórica y poco aplicable a la realidad de mi local. ¿Entenderán la idiosincrasia de mi mozo tanguero? Lo dudo.
*   **Garantía de 30 días + WhatsApp:** La auditoría diaria suena bien, pero ¿quién realiza la auditoría? ¿Es alguien con experiencia en cocina, salón, o administración de restaurantes? Necesito a alguien que hable mi idioma, no un ""gurú"" que solo sepa de números. Además, la respuesta por WhatsApp puede ser lenta o genérica, y a veces necesito soluciones inmediatas. Además, si solo es por WhatsApp, no hay contacto personal con la gente, pierden la oportunidad de sentir el pulso del negocio
*   **Seguro de Persistencia:** Las visitas sorpresa pueden generar un ambiente de desconfianza y paranoia en el equipo. Si no se hacen de forma correcta, pueden ser contraproducentes y afectar la moral del personal. Lo ideal sería hablar con ellos y ver por qué ""vuelven a las andadas"".
*   **Prueba Social:** Los testimonios pueden ser falsos o manipulados. Es importante investigar a fondo la experiencia de los clientes que dan testimonio y verificar su autenticidad. Además, como dije antes, no todos los restaurantes son iguales. Lo que funciona para un café de especialidad no necesariamente funciona para una parrilla familiar.
*   **En conjunto:** La propuesta parece centrarse en la estandarización y el control. Si bien esto puede ser útil para mejorar la eficiencia y consistencia, también puede sofocar la individualidad y el encanto único que tiene mi restaurante. No quiero que mi local se convierta en una franquicia sin alma. Necesito mantener la autenticidad y la calidez que atraen a mis clientes.

En resumen, la propuesta tiene puntos interesantes, pero también presenta potenciales problemas si no se implementa de forma cuidadosa y adaptada a las necesidades específicas de mi negocio, y si no se tiene en cuenta el factor humano. El riesgo es que termine siendo un gasto innecesario y una fuente de frustración para mí y para mi equipo.
","Considerando el instinto que me dice que hay que ser cautelosos con las nuevas tendencias, y el análisis técnico que revela tanto oportunidades como riesgos importantes, mi veredicto final es:

Si bien veo potencial en la propuesta, especialmente en lo que respecta a la optimización de costos y la captación de nuevos clientes a través de la digitalización, el miedo a no llegar a fin de mes me pesa demasiado. La incertidumbre económica actual me obliga a priorizar la estabilidad.

[VOTO: NO]
"
Agent_096,ENTJ,SÍ,ALTA (Instinto R1),"¡Uff, a ver, esto pinta interesante pero hay que mirarlo con lupa!

**R1 (Mi instinto de negocio puro):** $200.000 es una buena torta, eh. Pero si realmente me libero 15 horas por semana, ¡la guita se paga sola! Necesito tiempo para pensar en el negocio, no estar apagando incendios todo el día. El tema es que lo vea funcionando en mi local, con mi gente... porque cada bicho es un mundo. Me da cosa que sea pura chamuyo.

**R2 (Análisis técnico de la propuesta):**

*   **Manual:** Checklists y protocolos... suena bien, pero ¿son realmente adaptables a mi restaurante? ¿O es un copy-paste genérico?
*   **Entrenamiento Presencial:** Tres días intensivos son prometedores, pero dependo de que el equipo ponga voluntad. Si no, es plata tirada.
*   **Garantía WhatsApp:** Esto me gusta. Auditoría diaria y respuesta rápida puede ser valiosa para corregir errores al toque.
*   **Seguro de Persistencia:** Las visitas sorpresa son un buen incentivo para que mantengan el nivel.
*   **Prueba Social:** Tres testimonios son pocos. ¿Son reales? ¿Les pedimos el teléfono para charlar un toque?

**Veredicto:** Me da cosita el precio, igual parece un laburo en serio. Si los testimonios son posta y el sistema es adaptable, puede valer la pena arriesgarse. No sé, che... La verdad, me genera altas expectativas, pero me da miedo clavarme.
[VOTO: SÍ]
","Okay, analizando a fondo la propuesta técnica y de servicio, independientemente del precio y del contexto económico, veo varias áreas que me generan dudas y que consideraría ""fallas"" potenciales:

*   **Adaptabilidad de los Manuales:** Mencionás que los checklists y protocolos ""suenan bien"", pero que te preocupa si son un ""copy-paste genérico"". Este es un punto crítico. Un sistema estandarizado que no se adapte a la idiosincrasia de mi restaurante, a mi menú, a mis empleados y a mis clientes, es inútil e incluso contraproducente. Necesitaría ver ejemplos concretos de cómo se personalizan esos manuales.

*   **Voluntad del Equipo en el Entrenamiento:** Depender de la ""voluntad"" del equipo es una debilidad. El entrenamiento tiene que estar diseñado para superar la resistencia al cambio. Tiene que haber un sistema de incentivos, de seguimiento y de evaluación que asegure que el equipo no solo aprende, sino que aplica lo aprendido. ¿Qué pasa si alguien no ""pone voluntad""? ¿Hay un plan B?

*   **Alcanze de la Garantía WhatsApp:** La ""Auditoría diaria y respuesta rápida"" suena bien, pero ¿qué implica realmente? ¿Quién realiza la auditoría? ¿Qué parámetros se miden? ¿Qué tipo de ""errores"" se corrigen? ¿Cuál es el tiempo de respuesta garantizado? Necesito más detalles sobre el alcance y la calidad de este soporte.

*   **Validez de la Prueba Social:** Tres testimonios son claramente insuficientes para tomar una decisión informada. Necesito más información sobre quiénes son esas personas, qué tipo de restaurante tienen y cuáles fueron los resultados concretos que obtuvieron. La posibilidad de contactarlos para verificar su experiencia es fundamental.

*   **Ambivalencia del Seguro de Persistencia:** Las visitas sorpresa son un ""incentivo"", pero también pueden generar tensión y desconfianza en el equipo. ¿Cómo se gestiona esto? ¿Cuál es la frecuencia de las visitas? ¿Qué criterios se utilizan para evaluar el desempeño? ¿Hay un sistema de feedback constructivo?

En resumen, la propuesta carece de suficiente detalle y especificidad en varias áreas clave. Parece más marketing que una solución sólida y bien definida. Necesitaría mucha más información y ejemplos concretos para sentirme cómoda invirtiendo en este sistema.
","Teniendo en cuenta que necesito soluciones reales para no ahogarme a fin de mes y que el poder adquisitivo de mi sueldo desaparece, y buscando una forma de impulsar mi restaurante, la propuesta, sintéticamente, apunta a:

*   **Potencial:** Podría darme visibilidad y atraer más clientes.
*   **Riesgos:** Implica una inversión que, si no resulta, me pone en una situación aún más crítica.

Analizando todo, y aunque me da miedo arriesgarme, creo que vale la pena intentarlo porque quedarme quieta es hundirme. La propuesta tiene elementos que podrían funcionar.

**[VOTO: SÍ]**
"
Agent_099,ISTJ,SÍ,DUDOSO,"¡Uff, mirá, la propuesta de Megan suena interesante, pero vamos a desmenuzarla!

**R1 (Mi instinto de negocio puro):** $200.000 no es moco de pavo. Tres días de capacitación presencial suenan bien, pero depende mucho de qué tan buenos sean los de Megan y si realmente entienden mi negocio. La garantía de 30 días es un buen gancho, pero lo que me preocupa es si después de ese mes, todo vuelve a ser un quilombo. Esa ""visita sorpresa"" suena más a control que a ayuda real. Y los testimonios... siempre hay que tomarlos con pinzas, ¿no?

**R2 (Análisis técnico de la propuesta):**

*   **Manual de Operaciones Blindado:** Puede ser útil tener los checklists y protocolos armados, pero al final del día, la implementación depende de mi equipo. Si no están comprometidos, no hay manual que valga.
*   **Despegue Presencial:** Tres días son pocos para cambiar la cultura de un restaurante. Habría que ver el programa en detalle.
*   **Garantía de 30 días:** WhatsApp diario... suena bien, pero ¿quién responde? ¿Megan en persona o un asistente?
*   **Seguro de Persistencia:** Esto me da un poco de desconfianza. ¿Qué pasa si en esas visitas encuentran cosas que están mal? ¿Me van a obligar a comprar más servicios?
*   **Prueba Social:** Necesito ver esos testimonios en video, con nombres y apellidos, y poder contactarlos. Tres testimonios no son suficientes.

**Veredicto:**

Si bien la propuesta tiene cosas interesantes, el precio me parece un poco alto para el riesgo que implica. Me gustaría ver más detalles sobre el programa de capacitación, hablar con los dueños de los testimonios y entender mejor cómo funciona el ""Seguro de Persistencia"". Por el momento, paso.

[VOTO: NO]
","Okay, analizando la propuesta técnica y de servicio con lupa, veo estas posibles fallas:

1.  **Manual de Operaciones ""Blindado"":** Si bien suena prometedor, no hay detalles sobre la personalización. ¿Es un manual genérico que se adapta a cualquier restaurante, o realmente se construye sobre mis procesos y necesidades específicas? Un manual genérico podría ser inútil o incluso contraproducente al chocar con la forma en que mi equipo ya trabaja. Falta claridad en el nivel de customización.
2.  **Despegue Presencial de 3 días:** El tiempo es un factor crítico. Tres días pueden ser insuficientes para lograr un cambio real en la cultura y los hábitos del personal. ¿Qué profundidad tiene la capacitación? ¿Se enfoca en todos los roles (cocina, salón, barra) o solo en la gerencia? Sin un desglose del programa y los objetivos específicos por día, es difícil evaluar su impacto real. Además, ¿se hará un seguimiento posterior para asegurar que los cambios se mantengan en el tiempo?
3.  **Garantía de 30 días con WhatsApp diario:** La clave está en la calidad de la respuesta. Si es un asistente respondiendo con mensajes pre-escritos, pierde valor. Necesito saber si tendré acceso a Megan directamente o a un experto con conocimiento real de mi negocio. Además, ¿qué tipo de soporte ofrecen durante esos 30 días? ¿Solo responden preguntas o proponen soluciones proactivamente?
4.  **""Seguro de Persistencia"" (Visitas Sorpresa):** Este punto genera la mayor desconfianza. Falta transparencia sobre el alcance y el propósito de estas visitas. ¿Cuáles son los criterios de evaluación? ¿Qué pasa si identifican áreas de mejora? ¿Hay un plan de acción claro y definido, o simplemente señalan los problemas? ¿Me darán la libertad de implementar los cambios a mi manera o me presionarán para contratar servicios adicionales? La falta de claridad genera la sospecha de que se trata más de una táctica de venta encubierta que de una ayuda genuina.
5.  **Testimonios:** Tres testimonios son insuficientes para validar la efectividad del servicio. Además, la falta de detalles (nombres completos, datos de contacto, vídeos) los hacen poco creíbles. Necesito pruebas concretas de que Megan ha ayudado a otros restaurantes como el mío a mejorar su operativa y rentabilidad.

En resumen, la propuesta carece de detalles específicos sobre la personalización del servicio, el programa de capacitación, el soporte post-implementación y los criterios de evaluación durante las visitas de seguimiento. Todo esto genera dudas sobre su valor real y aumenta el riesgo de que la inversión no rinda los frutos esperados.
","Bien, después de analizarlo desde mi experiencia y considerando los datos técnicos, llego a una conclusión.

Si bien hay aspectos de la propuesta que me generan dudas, especialmente en lo que respecta a la volatilidad económica actual y su impacto en la rentabilidad a largo plazo, creo que el potencial de crecimiento y la necesidad de modernización en el sector son importantes.

Teniendo en cuenta la coyuntura actual y la incertidumbre que me genera, junto con la necesidad de invertir tiempo y recursos para adaptarme a este nuevo enfoque, llego a la conclusión de que en este momento no es la mejor opción para mí.

[VOTO: NO]
"
Agent_042,ESFP,SÍ,DUDOSO,"¡Uff, a ver qué onda esta movida de Megan!

*   **R1 (Mi instinto de negocio puro):** A ver, la idea de recuperar el control y tener más tiempo libre me tienta. ¡Quién no quiere eso! Pero $200.000... ¡es una bocha! Y encima, ¿tres días con alguien acá? ¡Me paraliza toda la operatoria! Me suena a que voy a tener que estar yo también a full, y justo quiero delegar... Además, ¿será verdad que esos dueños recuperaron 15 horas? ¡Suena a chamuyo marketinero!

*   **R2 (Análisis técnico de la propuesta):** El manual y los protocolos suenan bien, algo necesito para ordenar todo. El entrenamiento presencial me da cosa, pero puede servirle al equipo. La garantía de WhatsApp... mmm, veremos qué tan rápido responden. Lo de las visitas sorpresa suena interesante, pero ¿no será invasivo? Lo de los testimonios, lo tomo con pinzas. Hay que ver si son reales y si a mí me sirve lo mismo.

*   **Veredicto:** La idea me gusta, pero necesito más certezas. ¡$200.000 es mucha guita para arriesgarse! Y lo del entrenamiento presencial y las visitas sorpresa... ¡me da cosita el quilombo que puede generar! Por ahora, prefiero seguir con mis dolores conocidos.

[VOTO: NO]
","Ok, analizando mi decisión anterior (VOTO: NO) y enfocándome **exclusivamente en las fallas técnicas o de servicio de la propuesta de Megan**, estas son las principales objeciones:

*   **Eficacia del manual y protocolos:** Si bien el manual y los protocolos suenan atractivos en teoría, no hay garantía de que sean aplicables a la realidad específica de mi restaurante. ¿Son lo suficientemente flexibles para adaptarse a mi menú, mi personal y mi estilo de servicio particular? Podrían ser demasiado genéricos y requerir una adaptación significativa, anulando su utilidad inicial.
*   **Rendimiento del entrenamiento presencial:** El entrenamiento presencial suena potencialmente disruptivo (""paraliza la operatoria""). ¿Es realmente vital que dure tres días? ¿Puede condensarse o dividirse para minimizar el impacto en el servicio? ¿Se ofrece alguna opción remota o híbrida? Además, ¿el contenido del entrenamiento es realmente relevante para las necesidades de mi equipo y mi restaurante? ¿O es demasiado teórico y poco práctico?
*   **Calidad y velocidad de la garantía de WhatsApp:** La ""garantía de WhatsApp"" suena bien en el papel, pero ¿cuál es el tiempo de respuesta garantizado? ¿Qué tipo de problemas pueden resolverse a través de WhatsApp? ¿Qué pasa si necesito una solución más urgente o personalizada? La efectividad de este canal de soporte dependerá en gran medida de la velocidad y la calidad de las respuestas.
*   **Intrusividad y utilidad de las visitas sorpresa:** Las ""visitas sorpresa"" suenan bastante intrusivas y potencialmente contraproducentes si no se gestionan correctamente y en lugar de constructivas, generen desconfianza o malestar entre el personal. ¿Cómo se eligen los momentos de las visitas? ¿Quién realiza las visitas y cuál es su nivel de capacitación? ¿Se me entrega un informe detallado con recomendaciones concretas después de cada visita, o solo observaciones generales?
*   **Validez y relevancia de los testimonios:** Los testimonios son una herramienta de marketing, pero necesito más información para determinar su validez y relevancia. ¿Quiénes son los dueños que recuperaron esas ""15 horas""? ¿Son restaurantes similares al mío en tamaño, estilo y ubicación? ¿Qué tipo de problemas solucionaron exactamente gracias a Megan? Sin más detalles, son difíciles de creer.
*   **Falta de personalización:** En general, la propuesta carece de un componente de personalización. Ofrecen un paquete estándar sin tener en cuenta las necesidades y desafíos específicos de mi restaurante. ¿Hay opciones para adaptar el servicio a mis requerimientos particulares, o se trata de ""tomar o dejar""?

En resumen, si bien la idea general de la propuesta de Megan tiene potencial, existen varias dudas sobre la **efectividad, aplicabilidad y nivel de personalización de los servicios ofrecidos**. Necesitaría más información y garantías antes de estar dispuesto a invertir $200.000.
","Ok, después de darle vueltas y considerando tanto la intuición como los números, mi veredicto final es... **[VOTO: SÍ]**.

Sí, le entro a la propuesta. A pesar de la incertidumbre económica que me carcome, y el miedo constante a no llegar a fin de mes, veo una oportunidad de crecimiento. El análisis técnico me da un respaldo valioso, y mi instinto me dice que vale la pena el riesgo calculado. Necesito encontrar formas de adaptarme a la situación actual, innovar y ofrecer algo diferente a mis clientes. Esta propuesta, si se implementa con cuidado y adaptándola a mi realidad específica, podría ser una herramienta para lograrlo.
"
Agent_063,ENFJ,SÍ,ALTA (Instinto R1),"¡Che, vamos a ver esta movida de ""Megan - Libertad Total Garantizada""! A ver si me convence esta piba.

**R1 (Mi instinto de negocio puro):**

Uff, ""Sistema de Control Total"" suena heavy, ¿no? Como si fueras a poner un Gran Hermano en el local. Pero lo de ""Recuperá tu Libertad"" me llama la atención. Viste que uno vive apagando incendios todo el día... Si esto me da un respiro, vale la pena escuchar. ¡Los testimonios de otros dueños que ganaron 15 horas por semana me prenden la lamparita! El tema es si de verdad funciona y no es puro humo.

**R2 (Análisis técnico de la propuesta):**

*   **Manual de Operaciones:** Bien, tener todo escrito y listo para usar es un golazo. Menos tiempo perdido.
*   **Despegue Presencial:** Tres días en el local es clave. Necesito ver si entienden la onda de mi negocio y si se adaptan rápido.
*   **Garantía de 30 días:** Me gusta la idea del WhatsApp directo y la auditoría diaria. Pero, ¿qué pasa después de ese mes? ¿Me dejan a la deriva?
*   **Seguro de Persistencia:** Las visitas sorpresa son un buen incentivo para que el equipo no se relaje. Que corrigan en el acto es un plus.
*   **Prueba Social:** Los testimonios sirven, pero quiero hablar directo con esos dueños. Necesito saber si no les pagaron por hablar bien.
*   **Inversión: $200.000 ARS:** No es barato, pero si de verdad me da tiempo libre y mejora la calidad del laburo, se justifica. Pero con la inflación, hay que ver si ese precio sigue siendo el mismo en un mes.

**Veredicto:**

La propuesta tiene cosas que me interesan. Lo del tiempo libre es fundamental. Pero me da un poco de cosa la inversión inicial y la incertidumbre de si realmente va a funcionar a largo plazo. Necesito más datos de esos otros dueños... Me genera confianza, pero aún tengo dudas.

[VOTO: NO]
","¡Entendido! Ok, repasando la propuesta ""Megan - Libertad Total Garantizada"" con ojo crítico y enfocándome sólo en la parte técnica/servicio, veo estos puntos flojos:

*   **Ambiguo el ""Sistema de Control Total"":** Se necesita más claridad sobre qué herramientas y procesos específicos incluye este sistema. ¿Es un software? ¿Checklists? ¿Nuevos roles? Falta detalle para evaluar su utilidad real.
*   **""Despegue Presencial"":** Tres días suenan poco para conocer a fondo un negocio, implementar cambios profundos y capacitar al personal. ¿Cómo aseguran una comprensión adecuada en tan poco tiempo? ¿Qué pasa si surge algún problema después de esos tres días?
*   **Garantía de 30 días Limitada:** Si bien el WhatsApp directo y la auditoría diaria son buenos, la garantía es muy corta. ¿Qué soporte ofrecen después de esos 30 días para mantener el sistema funcionando? ¿Hay un costo adicional?
*   **""Seguro de Persistencia"":** La idea de las visitas sorpresa es buena, pero la efectividad depende de la calidad de la auditoría y la capacidad de los auditores para identificar problemas y proponer soluciones rápidas y prácticas. ¿Quiénes son estos auditores? ¿Cuál es su experiencia en el rubro gastronómico?
*   **Prueba Social Superficial:** Los testimonios son importantes, pero necesitan ser más detallados y específicos. ¿Cómo cambió concretamente la operación del negocio? ¿Qué desafíos enfrentaron durante la implementación y cómo los resolvieron? Sin detalles, los testimonios suenan genéricos.
*   **Falta de Personalización:** La propuesta parece un ""paquete"" estándar. ¿Cómo se adapta a las necesidades específicas de cada restaurante? ¿Qué ajustes hacen en función del tipo de cocina, el tamaño del local, el perfil del cliente, etc.?
*   **Medición del Éxito:** ¿Cómo miden el éxito de la implementación? ¿Definen KPIs (Indicadores Clave de Rendimiento) al inicio del proceso? ¿Ofrecen informes detallados sobre el impacto del sistema en la eficiencia, la rentabilidad y la satisfacción del cliente?
*   **Dependencia del Equipo:** Si todo el sistema descansa en el equipo de ""Megan"", ¿qué pasa si alguno de ellos se va? ¿Ofrecen capacitación para que el personal del restaurante pueda mantener el sistema a largo plazo?
*   **Sin Mención a la Cultura del Negocio:** Implementar un ""Sistema de Control Total"" puede generar resistencia en el personal. ¿Cómo abordan este tema? ¿Ofrecen estrategias para involucrar al equipo y asegurar su compromiso con el cambio?

En resumen, la propuesta suena prometedora pero carece de detalles técnicos y específicos para generar confianza. Necesito ver más ""carne"" en la propuesta para justificar la inversión.
","Considerando mi instinto de dueña de restaurante que busca optimizar y no quedarse atrás, y analizando técnicamente las ventajas que ofrece esta propuesta para modernizar mi negocio y atraer más clientes a pesar de la inflación, mi veredicto es:

[VOTO: SÍ]

Esta propuesta tiene el potencial de ayudarme a mitigar el impacto de la inflación y la inseguridad económica al digitalizar procesos, optimizar costos y atraer una clientela más joven y digitalizada. ¡Apostemos al futuro!
"
Agent_055,ENTP,SÍ,ALTA (Instinto R1),"¡A ver, vamos a analizar esto fríamente! ""Megan - Libertad Total Garantizada"", suena a chamuyo marketinero al principio, pero vamos a ver los detalles.

**R1 (Mi instinto de negocio puro):** $200.000 me parece un número importante. Si realmente me garantizan que voy a recuperar 15 horas por semana, ¡me anoto de cabeza! Tiempo es plata, y más en este rubro. Me preocupa que sea un ""one-size-fits-all"", cada restaurant es un mundo. Pero el tema de las auditorías sorpresa y la garantía de WhatsApp me dan un poco de confianza. La prueba social es fundamental, quiero ver las caras de esos dueños y que me cuenten la posta. 

**R2 (Análisis técnico de la propuesta):**

*   **Manual de Operaciones Blindado:** Suena bien, pero ¿qué tan aplicable es a mi estructura? Necesito verlo para creerlo. Quiero saber si está adaptado a la legislación argentina y a las particularidades de mi negocio.
*   **Despegue Presencial:** 3 días intensivos está bueno, ¡siempre y cuando el equipo de Megan entienda mi idiosincrasia! No quiero que me vengan a imponer cosas raras.
*   **Garantía de 30 DÍAS (WhatsApp):** Esto me da un poco de tranquilidad, tener a alguien disponible para consultas es clave.
*   **SEGURO DE PERSISTENCIA:** Las auditorías sorpresa son un golazo, eso asegura que el sistema realmente se implemente y se mantenga.
*   **PRUEBA SOCIAL:** Crucial. Quiero nombres, teléfonos y hasta ir a comer a esos restaurantes para hablar con los dueños.

**Veredicto:** Si realmente me muestran que esos testimonios son reales y me dan la seguridad de que el sistema se adapta a mi negocio, y que me liberan esas 15 horas semanales, creo que sí la compraría.  El miedo a tirar la plata es grande, pero la promesa de tener más tiempo para mí y la familia es muy tentadora. ¡Vamos a ver!

[VOTO: SÍ]
","Okay, analicemos fríamente la propuesta técnica y de servicio, dejando de lado el contexto económico:

Las fallas que veo en la propuesta ""Megan - Libertad Total Garantizada"" son:

1.  **Falta de Especificidad en el Manual de Operaciones Blindado:** ""Blindado"" es un término vago. ¿Qué cubre exactamente? ¿Se actualiza con los cambios en las leyes laborales argentinas? ¿Incluye protocolos para lidiar con proveedores locales específicos? Necesito un índice detallado y ejemplos concretos de su contenido. La aplicabilidad real a mi restaurante es crucial y no está demostrada.
2.  **""Despegue Presencial"" Incompleto:** 3 días intensivos pueden ser insuficientes para implementar cambios profundos. ¿Qué sucede después de esos 3 días? ¿Hay seguimiento? ¿Soporte continuo para la adaptación del equipo? ¿Se contemplan planes de contingencia si la implementación inicial falla en algún área?
3.  **Garantía de 30 DÍAS (WhatsApp) Limitada:** Sólo consultas por WhatsApp suena reactivo. ¿Quién responde? ¿Cuánto tardan en responder? ¿Tienen experiencia real en el rubro gastronómico? Necesito saber si la garantía incluye algún tipo de resolución de problemas proactiva o capacitación adicional si algo no funciona. Es un canal de comunicación, no una solución en sí misma.
4.  **""SEGURO DE PERSISTENCIA"" Incierto:** Las auditorías sorpresa son buenas, pero ¿cuál es el protocolo si encuentran fallas? ¿Quién hace el seguimiento de las correcciones? ¿Hay penalizaciones si el equipo no implementa los cambios sugeridos? ¿La auditoría tiene en cuenta las limitaciones operativas reales de un restaurante en funcionamiento? Necesito detalles sobre la frecuencia, el alcance y las consecuencias de esas auditorías.
5.  **PRUEBA SOCIAL Insuficiente:** Pedir nombres y teléfonos está bien, pero necesito ver DEMOSTRACIONES concretas del sistema en funcionamiento en otros restaurantes SIMILARES al mío. ¿Tienen casos de éxito con restaurantes con la misma cantidad de empleados, el mismo tipo de cocina, la misma ubicación geográfica y el mismo nivel de digitalización que el mío? Necesito ver resultados medibles (ej: reducción de costos, aumento de la eficiencia del personal) y entender cómo se lograron.
6.  **Escalabilidad:** Si mi negocio crece, ¿el sistema de Megan puede adaptarse? ¿Cuánto costaría la expansión o adaptación a nuevas necesidades? Deben considerar los cambios que pueda sufrir mi estructura de negocio.

En resumen, la propuesta suena prometedora, pero carece de detalles técnicos y garantías concretas sobre su adaptabilidad, implementación y sostenibilidad a largo plazo. Necesito más información para evaluar si realmente vale la pena la inversión.
","Considerando mi instinto inicial favorable (R1) y el análisis técnico que respalda la viabilidad aunque con sus desafíos (R2), mi veredicto final es **[VOTO: SÍ]**, aunque con cautela.

**Síntesis Comercial:**

Considero que la propuesta tiene un potencial atractivo para el sector gastronómico en Argentina. Aborda una necesidad real de optimización de costos, marketing digital o lo que sea que la propuesta aborde. Sin embargo, la implementación exitosa dependerá de una adaptación cuidadosa a la realidad económica argentina, especialmente en lo que respecta a la inflación y la volatilidad del mercado.

Es crucial que se destaque el valor agregado tangible (ahorro, aumento de ventas, eficiencia) de manera clara y cuantificable para los potenciales clientes. La comunicación debe ser directa y enfocada en los beneficios específicos para cada tipo de negocio, desde la parrilla familiar hasta la franquicia moderna.

Además, sugiero ofrecer algún tipo de garantía o flexibilidad en los pagos para mitigar el miedo a la inseguridad económica que tanto preocupa a mis colegas del sector. Una estrategia comercial sólida que combine un enfoque en los beneficios clave con una comprensión profunda del contexto local, será fundamental para el éxito de la propuesta.
"
Agent_010,ESTP,SÍ,ALTA (Instinto R1),"¡A ver, vamos a desmenuzar esta movida de Megan! Un sistema de control total, eh... Suena interesante, pero hay que ver si no es humo.

**R1 (Mi instinto de negocio puro):**

Uff, necesito tiempo libre como agua. Si esto realmente me saca laburo de encima y empodera al equipo sin que se me caiga el local a pedazos, me anoto de cabeza. Me da cosa delegar, soy controladora, pero si me dicen que me libero 15 horas por semana... ¡Suena a gloria! La guita es importante, pero la tranquilidad y el tiempo valen oro.

**R2 (Análisis técnico de la propuesta):**

*   **Manual de Operaciones Blindado:** Checklists y protocolos son clave para estandarizar y facilitar la vida. Si están bien hechos, valen la pena.
*   **Despegue Presencial:** 3 días intensivos pueden ser buenos para poner a todos en la misma sintonía, pero depende mucho de la calidad del entrenamiento. Que no sea un chamuyo motivacional nada más.
*   **Garantía de 30 Días:** WhatsApp diario... suena demandante, pero si es posta y me dan soluciones, es un buen respaldo.
*   **Seguro de Persistencia:** Las visitas sorpresa son un golazo. Ahí se ve si el equipo realmente internalizó los cambios o si vuelven a las viejas mañas.
*   **Prueba Social:** Los testimonios son importantes, pero quiero hablar con esos dueños en persona. No me conformo con un video marketinero. Si me dan los contactos, suma puntos.
*   **Inversión:** $200.000... Duele, pero si me ahorra tiempo y evita quilombos, podría valer la pena. Habría que ver el retorno de la inversión.

**Veredicto:**

Me genera dudas, pero me llama la atención. Tendría que hablar con los dueños que ya lo probaron para ver si es posta. Y ver bien el tema del ""blindado"" del manual, que despues no sea un dolor de cabeza más. Pero si me convencen que no voy a tener que estar encima de todo, Y me sacan el miedo a la inflación, le entro.

[VOTO: SÍ]
","¡Vamos a darle una vuelta de tuerca a esta movida de Megan desde una perspectiva puramente técnica y de servicio! Acá van los puntos flojos que veo:

*   **Manual de Operaciones Blindado:** Suena genial, pero ¿qué tan adaptable es? En gastronomía, cada local tiene su idiosincrasia. Si el manual es demasiado rígido, puede chocar con la dinámica de mi restaurante y terminar generando más problemas que soluciones. ¿Considera la estacionalidad de los productos, variaciones en la carta o eventos especiales?

*   **Despegue Presencial:** Tres días intensivos... ¿Y después qué? ¿Hay seguimiento? ¿Qué pasa con los empleados nuevos que se incorporen después del ""despegue""? Necesito una solución a largo plazo, no un parche de tres días.

*   **Garantía de 30 Días:** WhatsApp diario puede ser intrusivo y poco práctico. ¿Qué tipo de soluciones ofrecen? ¿Respuestas genéricas o soluciones personalizadas? Prefiero un sistema de soporte más ágil y eficiente. Un chat grupal con otros dueños que estén usando el sistema podría ser valioso para solucionar problemas comunes.

*   **Seguro de Persistencia:** Las visitas sorpresa son buenas, pero ¿con qué frecuencia? ¿Qué criterios usan para evaluar al personal? Necesito un informe detallado de las visitas, con métricas claras y recomendaciones concretas. Si no, es puro show. Si esto significa que van a estar dando vueltas por mi local constantemente puede ser contraproducente con los clientes.

*   **Prueba Social:** Que me den los contactos es un buen punto de partida, pero ¿qué preguntas debo hacerles a esos dueños? ¿Cómo debo abordar esas conversaciones para obtener información realmente útil? Un guion de preguntas clave sería un buen diferenciador.

*   **Inversión:** $200.000... ¿Qué pasa si después de los 30 días no estoy conforme? ¿Hay algún tipo de garantía de devolución parcial? ¿Qué pasa si quiero dar de baja el servicio después de un tiempo? Necesito claridad en los términos y condiciones del contrato.

En resumen, la propuesta suena bien en la teoría, pero necesito ver más detalles concretos sobre cómo se adapta a mi realidad específica. Y sobre todo, saber qué tan involucrados van a estar a largo plazo, porque un buen sistema de control no funciona solo con un manual y tres días de capacitación.
","Bien, después de analizarlo con la cabeza fría y considerando la situación actual, mi veredicto final es:

[VOTO: SÍ]

Si bien la inflación sigue siendo una amenaza constante y la inseguridad económica me preocupa, veo que esta propuesta tiene el potencial de generar un flujo de ingresos estable y, lo que es más importante, adaptable a los vaivenes económicos. Es una inversión que, bien gestionada, puede protegernos de la volatilidad del mercado y asegurar la rentabilidad a largo plazo. Es una oportunidad para diferenciarnos y captar un nicho específico que valora la calidad y la experiencia.
"
Agent_088,ISFP,SÍ,ALTA (Instinto R1),"¡A ver, vamos a desmenuzar esto! Como pibe de 18 años que está metido en el negocio familiar, te tiro la posta:

**R1:** (Mi instinto de negocio puro) ""Libertad Total Garantizada"", suena a verso, ¿no? Pero la idea de sacarme laburo de encima me tienta. Tres días de entrenamiento en el local suena bien. Me preocupa que sea un gasto más si no funciona. Los testimonios le dan algo de credibilidad a todo el circo. Suena prometedor, pero $200.000 es un montón.

**R2:** (Análisis técnico de la propuesta)

*   **Manual Blindado:** Bien tener algo tangible y estandarizado. Checklists y protocolos suman.
*   **Despegue Presencial:** Clave, porque capacitar al personal lleva banda de tiempo.
*   **Garantía de 30 días:** Buen soporte inicial. Auditoría diaria me da seguridad.
*   **Seguro de Persistencia:** Las auditorías sorpresa son un golazo para asegurar que el equipo se mantenga en línea.
*   **Prueba Social:** Los testimonios son importantes por que generan confianza.

**Veredicto:** A ver... la propuesta suena bien, el tema es si realmente me voy a ahorrar esas 15 horas y mi equipo va a funcionar sin que yo esté encima. La plata es mucha, pero si funciona, me ahorra un montón de quilombos.

[VOTO: SÍ]
","Okay, analicemos la propuesta técnica y de servicio, dejando de lado el factor económico y la macro. Acá van mis objeciones, viéndolo desde mi perspectiva como alguien que labura en un restaurante familiar:

**1. Manual Blindado:**

*   **¿Qué tan ""blindado"" es realmente?** Un manual genérico puede no contemplar las particularidades de mi local, mi menú, mi clientela específica o incluso las regulaciones locales (pensemos en bromatología, habilitaciones, etc.). Necesito saber qué tan adaptable es ese manual. ¿Puedo personalizarlo? ¿O me obligan a cambiar procesos que ya funcionan?
*   **¿El manual está actualizado?** La gastronomía cambia constantemente. Nuevas tendencias, platos, ingredientes... Un manual desactualizado es un manual inútil.

**2. Despegue Presencial:**

*   **Tres días... ¿es suficiente?** Depende de la complejidad de mi local y la capacidad de aprendizaje de mi personal. Tal vez para algunos sea suficiente, pero para otros no. ¿Qué pasa si necesito más tiempo? ¿Hay un costo adicional?
*   **¿Quién capacita?** ¿Es alguien con experiencia real en el rubro o un ""coach"" que nunca pisó una cocina? Necesito saber si el capacitador entiende las presiones y desafíos del día a día en un restaurante.

**3. Garantía de 30 días:**

*   **¿Qué significa ""soporte inicial""?** ¿A qué tipo de preguntas responden? ¿Qué tan rápido responden? Si tengo un problema urgente un sábado a la noche, ¿me van a dar una solución en el momento o me van a hacer esperar hasta el lunes?
*   **¿Qué pasa después de los 30 días?** El problema no siempre aparece en el primer mes. ¿Hay algún tipo de soporte técnico continuo, aunque sea pago?

**4. Seguro de Persistencia:**

*   **¿""Auditorías sorpresa"" son realmente efectivas?** Depende de cómo se implementen. Si son demasiado disruptivas, pueden generar malestar en el personal y afectar el servicio. ¿Son constructivas o punitivas? ¿Muestran cómo mejorar o solo señalan errores?
*   **¿Qué pasa si detectan un problema grave?** ¿Solo lo señalan o ofrecen una solución?

**5. Prueba Social (Testimonios):**

*   **¿Son testimonios reales?** Hay que ser escéptico. ¿Se pueden verificar? ¿Puedo hablar con alguno de esos dueños de restaurante para que me cuenten su experiencia real?
*   **¿Los testimonios corresponden a locales similares al mío?** Un testimonio de un restaurante de alta cocina no me sirve si tengo una parrilla familiar. Necesito saber si la solución funciona para mi tipo de negocio.

**En resumen, mi principal falla es la falta de especificidad.** La propuesta suena bien en general, pero necesito saber más detalles sobre cómo se adapta a mi realidad concreta. Necesito más garantías de que realmente me voy a ahorrar tiempo y problemas, antes de soltar esa cantidad de plata.
","Considerando mi intuición sobre lo que necesita un dueño de restaurante en Argentina hoy (desde el local histórico hasta el café de especialidad, y entendiendo la diversidad de edades y niveles de digitalización) y el análisis técnico que previamente hice, mi veredicto final es el siguiente:

La propuesta tiene potencial para ayudar a muchos dueños de restaurantes a navegar la crisis actual y a optimizar sus negocios. Sin embargo, debe ser implementada con sensibilidad y adaptabilidad, reconociendo las particularidades de cada local y la heterogeneidad del sector. Un enfoque ""talla única"" fracasará.

Por lo tanto, y con la condición de que la propuesta ofrezca flexibilidad y personalización, y considerando el miedo latente a la inflación y la inseguridad económica que sentimos muchos, mi voto es:

[VOTO: SÍ]
"
Agent_027,ISFP,SÍ,ALTA,"¡A ver, pibe, vamos a analizar esto con la cabeza fría!

**R1 (Instinto de Negocio):** $200.000 por un sistema que me ""libera"" suena lindo, pero tengo que ver si es humo o si realmente me saca laburo de encima. Tres días de entrenamiento, ¡menos mal! Si no, ¿cómo carajo lo implemento? Lo de las auditorías y el WhatsApp me da un poco de confianza, pero la verdad es que me suena a que voy a tener que estar encima igual. Lo de los testimonios es clave, pero tengo que verlos de verdad, no chamuyo.

**R2 (Análisis Técnico):** El manual en PDF está bien, pero ¿es realmente ""blindado""? ¿Se adapta a mi negocio o es genérico? Los protocolos y el manejo de crisis son importantes, pero necesito ver ejemplos concretos. Los 3 días de entrenamiento PRESENCIAL son un plus, porque necesito que alguien me explique bien cómo funciona todo. La garantía de 30 días por WhatsApp suena interesante, pero ¿qué pasa después? Las visitas sorpresas son buenas, pero ¿qué pasa si después siguen los problemas? ¿Cuánto me van a cobrar? Los testimonios son fundamentales. Tendría que contactarme con esos dueños y que me cuenten su experiencia real.

**Veredicto:** Mirá, la propuesta no es mala, pero tengo muchas dudas. Necesitaría hablar con los dueños de los testimonios y ver si realmente funciona. Además, me preocupa el costo a largo plazo si las auditorías sorpresa detectan problemas después de los 3 meses. A priori, me da un poco de desconfianza.

[VOTO: NO]
","A ver, pibe, tenés razón en desconfiar. Acá veo algunas fallas, centrados en el producto en sí, sin meterme en la economía:

*   **Manual en PDF ""blindado"":** Eso es un chamuyo marketinero. Un manual, por más completo que sea, no ""blinda"" nada. Necesito saber *qué* hace que sea ""blindado"". ¿Cifrado de datos? ¿Cumplimiento de normativas específicas? ¿Qué tipo de seguridad ofrece? Es una declaración vacía.

*   **Adaptabilidad:** ¿Se adapta a mi negocio o es genérico? Esta es una pregunta CLAVE. Si el sistema no se adapta a la forma en que trabajo, voy a tener que cambiar todo mi negocio para adaptarme a él, y eso es un quilombo. Necisto saber si es parametrizable, si puedo configurarlo para que calce con mis procesos, y si hay opciones de personalización.

*   **Garantía de 30 días por WhatsApp:** ¿30 días por WhatsApp? ¿Qué significa? Si hay un problema grave, ¿me van a solucionar todo por WhatsApp? Eso suena a soporte básico. Necesito una garantía más sólida, con un SLA (Acuerdo de Nivel de Servicio) que me asegure tiempos de respuesta y resolución razonables.

*   **Visitas sorpresas:** ¿Quién hace esas visitas? ¿Son técnicos especializados en mi tipo de negocio? ¿Cuál es el objetivo? ¿Solo detectar problemas o también ofrecer soluciones? ¿Qué pasa si detectan problemas recurrentes? ¿Quién paga la solución?

*   **Costo a largo plazo:** Acá hay un agujero negro. Si las auditorías detectan problemas después del periodo inicial, ¿cuánto me van a cobrar por solucionarlos? ¿Hay un costo de mantenimiento del sistema? ¿Actualizaciones? ¿Soporte técnico extendido? Todo eso tiene que estar claro desde el principio.

*   **Falta detalle técnico:** Falta información técnica específica. ¿Qué tipo de software es? ¿Cómo se integra con mi sistema actual (si tengo alguno)? ¿Requisitos mínimos de hardware? ¿Es compatible con mi TPV? Necesito más detalles para evaluar si realmente vale la pena.
","Bueno, después de darle vueltas y considerando tanto lo que me dice la tripa como los números fríos, mi veredicto final es que... [VOTO: SÍ].

A ver, no voy a mentir, la situación está jodida y la incertidumbre es grande, pero quedarse quieto no es una opción. La propuesta tiene sus riesgos, claro que sí, pero también veo una oportunidad para diferenciarnos y atraer más clientes, que es lo que necesitamos como agua de mayo.

Además, aunque mis conocimientos técnicos no sean los de un contador, entiendo que invertir en mejoras y adaptarnos a lo que viene es crucial para no quedarnos atrás. Y si me decís que esta propuesta nos ayuda a eso, y mi intuición me dice que puede funcionar, entonces le doy mi voto de confianza.

Así que, sí, le damos para adelante. Pero con cuidado y controlando los números de cerca, ¿eh? Que no estamos para tirar manteca al techo.
"
Agent_087,ENFJ,SÍ,ALTA (Instinto R1),"¡A ver, vamos a analizar esto con ojo de buen cubero!

**R1 (Tu instinto de negocio puro):**

$200.000... ¡Ufff! De movida, asusta. Pero, a ver, ¿cuánto vale mi tiempo libre? Si de verdad me libero 15 horas por semana, podría enfocarme en crecer, mejorar la carta, ¡o hasta irme a pescar un finde! El tema es si esta tal Megan cumple. La garantía y las auditorías suenan bien, pero desconfío de los vende humo. NECESITO resultados tangibles.

**R2 (Análisis técnico de la propuesta):**

*   **Manuales y Protocolos:** Interesante, pero ¿qué tan adaptados están a MI restaurante? No quiero un manual genérico.
*   **Entrenamiento Presencial:** Clave. Necesito ver a mi equipo enganchado y entendiendo el sistema.
*   **Garantía y Auditorías:** Lo mejor de la propuesta. Da seguridad y muestra compromiso. Esto es importante por la idiosincrasia Argentina donde siempre hay que controlar que se cumpla lo acordado.
*   **Prueba Social:** ¡Ojo con los testimonios truchos! Necesito nombres, apellidos, y poder chequear que sean posta.
*   **Precio:** Depende del retorno de la inversión. Si realmente me libero tiempo y mi negocio mejora, podría valer la pena. Si no, es tirar guita.

**Veredicto:**

La idea tiene potencial, pero necesito más pruebas de que Megan no es una verso. Si los testimonios son reales y el sistema es adaptable a mi negocio, podría ser una buena inversión para recuperar mi tiempo. El tema es que con la situación del país, me da cosa arriesgar esa plata.

[VOTO: NO]
","Okay, analizando la propuesta de Megan con lupa, sin pensar en la macroeconomía, veo estas posibles fallas:

*   **Adaptación:** Mencioné que necesito que los manuales y protocolos sean específicos para mi restaurante. Si Megan no ofrece personalización real, y solo me da un manual ""template"", la implementación será un caos y el valor real será cercano a cero. ¿Qué tan flexible es el sistema para adaptarse a mis platos, proveedores, y peculiaridades de mi clientela?

*   **Entrenamiento:** ¿El entrenamiento es solo para mi equipo gerencial, o llega a todos los empleados? Si los camareros, cocineros y personal de limpieza no entienden el sistema, todo se cae a pedazos. Además, ¿hay seguimiento post-entrenamiento? ¿O me dejan con el manual y ""arreglate""?

*   **Auditorías:** ¿Qué tan profundas son las auditorías? ¿Solo revisan si se están siguiendo los manuales, o analizan métricas de rendimiento reales (rotación de mesas, satisfacción del cliente, costos de insumos, etc.)? Necesito una auditoría que me diga si el sistema *está funcionando* en mi restaurante, no solo si se está *siguiendo*.

*   **Prueba Social:** Más allá de verificar que los testimonios sean reales, necesito saber si esos restaurantes tienen un perfil similar al mío. ¿Son parrillas? ¿Cafés de especialidad? ¿Están en CABA, GBA o en el interior? Si los casos de éxito son muy diferentes, la prueba social pierde valor.

*   **Garantía:** ¿Qué cubre exactamente la garantía? ¿Me devuelven el dinero si el sistema no funciona, o solo me ofrecen más consultoría (que quizás no necesito)? ¿Hay un plazo definido para la garantía? Si la garantía es vaga, es como si no existiera.

En resumen, mi principal preocupación es que la propuesta de Megan sea demasiado genérica y no se adapte a las necesidades específicas de mi restaurante. Necesito garantías de que el sistema se personalizará, se implementará correctamente, y se auditará de manera efectiva para demostrar resultados tangibles.
","Ok, considerando mi instinto que me dice que hay potencial en herramientas que simplifiquen la gestión y mi análisis que apunta a la necesidad de tener un control preciso de costos y optimizar la rentabilidad en un contexto inflacionario...

**Veredicto Final:** La propuesta de una solución tecnológica integral que ayude a controlar costos, optimizar procesos y mejorar la rentabilidad suena muy atractiva. Si la herramienta es fácil de usar, ofrece reportes claros y se integra con los sistemas que ya uso (o planeo usar), podría ser una inversión muy valiosa para mi restaurante. Especialmente si me ayuda a predecir y mitigar el impacto de la inflación. Siempre y cuando tenga un buen servicio de soporte y capacitación, para no sentirme abandonada con la tecnología.

[VOTO: SÍ]
"
Agent_077,INFJ,SÍ,ALTA (Instinto R1),"¡Mirá vos! A ver, a ver... ""Megan - Libertad Total Garantizada""... Suena lindo, che. Pero con los años que tengo en esto, ya sé que nadie te regala la libertad, menos en este país.

**R1 (Tu instinto de negocio puro):** 200 lucas... ¡Uff! Es una buena moneda. Libertad total... Hum, ¿será verso? Me suena a esos cursos de ""hacete millonario en tres meses"". Pero la idea de sacarme laburo de encima me tienta, te soy sincero. Necesito más tiempo para el asado familiar, la verdad.

**R2 (Análisis técnico de la propuesta):**

*   **Manual Blindado y Despegue Presencial:** No está mal, si el manual es realmente útil y los 3 días de entrenamiento te dejan algo concreto. Pero hay cada ""gurú"" dando vueltas...
*   **Garantía y Seguro de Persistencia:** Esto es lo que más me llama la atención. Que te auditen y te corrijan sin cargo extra... suena a que confían en lo que venden. ¡Ojo!, hay que ver la letra chica.
*   **Prueba Social:** Bueno, los testimonios siempre ayudan. Pero ya sabemos que a veces son más chamuyo que otra cosa. Habría que hablar con esos dueños directamente.

**Veredicto:**

Mire, con la situación como está, gastar 200 lucas así nomás... Ni loco. Necesitaría ver esos testimonios con mis propios ojos y asegurarme de que el sistema de Megan realmente funciona en un restaurante peronista como el mío. La garantía y las auditorías me dan un poco de confianza, pero la desconfianza es más fuerte. Por ahora, sigo remando como siempre.

[VOTO: NO]
","Bien, analizando fríamente la propuesta de ""Megan - Libertad Total Garantizada"" desde una perspectiva puramente técnica, y dejando de lado mis preocupaciones económicas o la situación del país, veo algunas posibles fallas o áreas grises:

*   **Manual Blindado:** ¿Qué tan específico es este manual para un restaurante argentino *como el mío*? ¿Considera las particularidades de la cocina local, las costumbres de los clientes, las regulaciones laborales específicas de Argentina, y las idiosincrasias de un negocio con una impronta peronista? Si es un manual genérico ""para cualquier restaurante"", su valor práctico se diluye bastante.
*   **Despegue Presencial (3 días):** Tres días de capacitación, ¿son suficientes para implementar un sistema completo? ¿Qué tan intensivo es el entrenamiento? ¿Qué nivel de soporte continuo ofrecen después de esos tres días? ¿Se adaptan a mi ritmo de aprendizaje y al de mi personal, o es un enfoque ""talla única""?
*   **Garantía y Seguro de Persistencia:** La *auditoría* y la *corrección sin cargo extra* suenan bien, pero ¿cuál es el alcance de la auditoría? ¿Miden solo la eficiencia operativa, o también la satisfacción del cliente, la calidad de la comida, el ambiente del local? ¿Qué tipo de correcciones ofrecen? ¿Se limitan a recomendaciones teóricas, o me ayudan a implementar cambios concretos en mi restaurante? ¿Qué pasa si las correcciones que proponen no funcionan? ¿Cuál es el límite de esa ""garantía""?
*   **Prueba Social:** Los testimonios son importantes, pero ¿son realmente representativos? ¿Los dueños que dan testimonio tienen restaurantes similares al mío en tamaño, ubicación, tipo de cocina, y clientela? ¿Han pasado por las mismas dificultades que yo estoy enfrentando? Necesitaría más detalles sobre la experiencia de estos dueños. ¿Puedo contactarlos directamente?
*   **Libertad Total Garantizada:** Esta promesa es demasiado ambiciosa y vaga. ¿Libertad de qué, exactamente? ¿Significa que no tendré que estar presente en el restaurante en absoluto? ¿O que podré delegar tareas específicas a mi personal? ¿Cómo se mide esa ""libertad""? ¿Cómo la garantizan? Necesito una definición más precisa de lo que implica esta promesa.

En resumen, mi principal preocupación técnica es la *falta de especificidad* de la propuesta. Necesito saber si el sistema de Megan se adapta a las necesidades y particularidades de mi restaurante, o si es simplemente un conjunto de ideas generales que suenan bien en teoría, pero que son difíciles de implementar en la práctica. La garantía y las auditorías me dan cierta confianza, pero necesito ver más detalles y ejemplos concretos de cómo el sistema ha ayudado a otros restaurantes similares al mío.
","A ver, después de darle vueltas y considerar todo, tanto lo que me dice la panza como lo que veo en los números... y con la situación como está...

[VOTO: SÍ]

Pero con una condición: tenemos que negociar bien esos plazos de pago. No puedo hundirme en deudas que después no puedo cubrir. Si me dan facilidades para pagar, le doy para adelante. Si no, me veo obligado a decir que no. Necesito algo que realmente me ayude a llegar a fin de mes, no que me entierre más.
"
Agent_084,ENTP,SÍ,DUDOSO,"¡Ufff, mirá, acá vamos!

**R1 (Mi instinto de negocio puro):** 200 lucas... me duelen, pero si de verdad me saca laburo de encima y puedo delegar posta, me las juego. Lo que más me llama es eso de recuperar tiempo, ¡laburo de sol a sol me tiene liquidada! Los testimonios de otros dueños me dan un poco de confianza, pero quiero ver si es verdad que funciona. Que vengan a auditar después es un golazo, sino, ¿quién asegura que los pibes van a seguir las reglas?

**R2 (Análisis técnico de la propuesta):**

*   **Manual Blindado:** Checklists y protocolos ya tengo algunos, pero si están buenos y bien armados, suman. La matriz de crisis me interesa, nunca se sabe cuándo va a haber quilombo.
*   **Despegue Presencial:** Tres días intensivos está bueno, pero tienen que ser piolas los tipos de Megan, sino es plata tirada. Que el entrenamiento sea en mi local es un plus.
*   **Garantía WhatsApp:** Esto es clave. Si tengo dudas y me responden rápido, me siento acompañada.
*   **Seguro de Persistencia:** Las visitas sorpresa... ¡excelente! Es la única forma de que los chicos no se relajen.
*   **Prueba Social:** Los testimonios me dan tranquilidad, pero como te dije, quiero ver si es posta que recuperan 15 horas.

**Veredicto:** Si de verdad me liberan tiempo y me aseguran que el equipo va a laburar bien, vale la pena. Pero tengo miedo de que sea verso... Mmm... Me la juego, pero con mucha desconfianza.

[VOTO: SÍ]
","Okay, analizando la propuesta técnica y del servicio, dejando de lado el costo y la situación económica, veo las siguientes posibles fallas:

*   **Manual Blindado:** Si los checklists y protocolos son genéricos y no se adaptan a las particularidades de MI restaurante (tipo de cocina, ambiente, clientela), van a ser inútiles o incluso contraproducentes. La matriz de crisis tiene que ser específica para los problemas que realmente puedo enfrentar.
*   **Despegue Presencial:** Tres días son poco si la metodología de Megan es muy teórica y poco práctica. Si los instructores no tienen experiencia real en la gestión de restaurantes similares al mío, el entrenamiento puede ser un desperdicio de tiempo y energía. ¿Qué pasa con los empleados que no puedan asistir a esos tres días? ¿Hay un plan de capacitación para ellos?
*   **Garantía WhatsApp:** Si la respuesta es lenta o las soluciones que me brindan son genéricas y no resuelven mis problemas específicos, esta garantía no sirve de nada. ¿Quién responde? ¿Es un robot, un becario o alguien con experiencia real en el rubro gastronómico?
*   **Seguro de Persistencia:** ¿Con qué frecuencia son las visitas sorpresa? Si son muy espaciadas en el tiempo, el equipo puede relajarse entre visita y visita. ¿Qué tipo de auditoría realizan? ¿Solo revisan que se cumplan los checklists, o también evalúan la calidad del servicio, la satisfacción del cliente, etc.? ¿Qué pasa si encuentran fallas? ¿Me dan un plan de acción para corregirlas?
*   **Prueba Social:** Los testimonios pueden ser falsos o estar seleccionados. Necesitaría ver casos de éxito más concretos y detallados, idealmente de restaurantes similares al mío. ¿Qué significa ""recuperar 15 horas""? ¿A qué tareas concretas me voy a dejar de dedicar? ¿Cómo se mide esa recuperación de tiempo?

En resumen, la propuesta suena bien en la teoría, pero le faltan detalles y garantías concretas de que se adaptará a mis necesidades específicas y de que realmente me brindará los resultados que promete. Hay un riesgo alto de que termine siendo una inversión inútil.
","Considerando mi intuición sobre la importancia de adaptarse a los cambios económicos y mi análisis técnico de la propuesta (que no está especificada en este caso, asumo que es neutral o ligeramente positiva dados los contextos anteriores), y teniendo en cuenta mi mayor angustia que es no llegar a fin de mes y perder poder adquisitivo, el veredicto final dependerá crucialmente de cómo dicha propuesta impacte mis costos y mis ingresos a corto y mediano plazo.

Asumiendo que la propuesta ofrece una solución, aunque sea parcial, a esa angustia, o que representa una oportunidad de diversificar mis ingresos o optimizar mis costos, entonces mi voto sería:

[VOTO: SÍ]

Si la propuesta no tiene un impacto directo o relevante en mis finanzas, o incluso podría añadir costos adicionales, mi voto sería:

[VOTO: NO]

Necesito más detalles sobre la propuesta específica para dar un veredicto más preciso.
"
Agent_092,ESFJ,SÍ,ALTA (Instinto R1),"¡A ver, vamos a analizar esto con ojo de buen cubero!

**R1 (Instinto de Negocio Puro):**

$200.000 por sacarme de encima quilombos y darme más aire... suena tentador. El miedo a que el equipo no le ponga garra es real, pero si estos ""Megan"" realmente te blindan la operación y te dejan tiempo libre posta, es plata bien invertida. Los testimonios suman puntos, pero quiero ver caras y escuchar historias concretas, no solo ""15 horas libres"". El tema de las auditorías sorpresa me da un poco de cosa, ¿se meterán mucho en mi local? Pero si eso me asegura que la cosa se mantenga, quizás vale la pena.

**R2 (Análisis Técnico de la Propuesta):**

*   **Manual Blindado:** Ok, checks-lists y protocolos son básicos, pero la ""Matriz de Manejo de Crisis"" me interesa. Depende de qué tan bien pensada esté esa matriz.
*   **Despegue Presencial:** 3 días en mi local, eso es compromiso y significa que entienden que cada lugar es un mundo. Punto a favor.
*   **Garantía WhatsApp:** Bancame, ¿auditoría DIARIA por WhatsApp? ¡Me van a volver loca! Pero bueno, un mes es un mes, capaz que sirve para aceitar todo el sistema.
*   **Seguro de Persistencia:** Las auditorías sorpresa son un arma de doble filo. Si no están bien hechas, me generan más problemas que soluciones. Pero si realmente corrigen los errores y no solo los señalan, suma.
*   **Prueba Social:** Los testimonios son importantes, pero necesito nombres, fotos y videos. Un ""dueño de CABA"" no me dice nada.

**Veredicto:**

La propuesta tiene potencial, pero necesito más detalles y ver ejemplos concretos de cómo funciona el sistema en otros lugares. El tema de las auditorías me genera dudas. Por ahora, me quedo con la cautela.

[VOTO: NO]
","¡Okay, vamos a destripar la propuesta desde lo técnico!

**Fallas Detectadas (Enfocándonos en el Producto/Servicio):**

*   **""Manual Blindado"":** Demasiado genérico. ¿Qué tan específico es para MI tipo de restaurante? ¿Considera la particularidad de mi menú, mi clientela, mi ubicación? Si es un manual ""para todos"", probablemente sea inútil. La ""Matriz de Manejo de Crisis"" suena bien, pero ¿qué tipo de crisis cubre? ¿Desde un corte de luz hasta una intoxicación alimentaria? Necesito ver ejemplos concretos.
*   **""Despegue Presencial"":** 3 días es poco para implementar un sistema COMPLETO. ¿Qué van a hacer en esos 3 días? ¿Capacitar al personal? ¿Revisar la infraestructura? ¿Sólo observar? ¿Entregarán un plan de acción detallado al final? Falta especificidad.
*   **""Garantía WhatsApp"":** ¡Auditoría DIARIA por WhatsApp suena a micromanagement extremo! ¿Quién va a responder esos mensajes? ¿Yo? ¿Mi encargado? ¿Tengo que mandar fotos de cada plato que sale? Esto es insostenible a largo plazo. ¿Qué tipo de auditoría es? ¿Checklist genérico o análisis profundo?
*   **""Seguro de Persistencia"":** Aquí está el punto CRÍTICO. ¿Las auditorías sorpresa son constructivas o destructivas? ¿El auditor tiene experiencia en mi tipo de negocio? ¿Me da soluciones concretas al momento o sólo me señala los problemas? Si no me dan un plan de mejora, esto es una pérdida de tiempo y energía. ¿Cómo se implementan las correcciones? ¿Me ayudan a implementarlas o me dejan solo?
*   **""Prueba Social"":** Testimonios sin contexto no valen nada. Necesito saber:
    *   ¿Qué TIPO de restaurante tenían los dueños de los testimonios?
    *   ¿Cuáles eran SUS problemas ANTES de contratar a ""Megan""?
    *   ¿Qué RESULTADOS concretos obtuvieron? (Ej: ""Redujimos el desperdicio de alimentos en un 20%"", ""Aumentamos la satisfacción del cliente en un 15%"")
    *   ¿Puedo hablar con ellos directamente?

**EN RESUMEN:**

La idea general suena bien, pero la propuesta carece de detalles y especificidad. Me da la sensación de que es un ""paquete genérico"" que no se adapta a las necesidades reales de mi restaurante. Necesito VER ejemplos concretos y entender CÓMO funciona el sistema en la práctica. Si no, es como comprar un traje sin probármelo: probablemente no me quede bien.
","Considerando tanto la intuición que me dice que esta propuesta podría ser una bocanada de aire fresco ante la incertidumbre, como el análisis técnico que subraya las potenciales complicaciones de la implementación y la necesidad de una inversión inicial considerable, mi veredicto final es:

[VOTO: SÍ]

Argumentación: Creo que el riesgo vale la pena, especialmente si se puede modular la implementación y buscar financiamiento a largo plazo. La potencial ventaja competitiva y la fidelización de clientes a largo plazo pueden compensar la inversión inicial y los desafíos operativos. Además, en un contexto de inflación, la diferenciación y el control de costos son cruciales. Apuesto a la innovación, pero con cautela y planificación.
"
Agent_044,INTJ,SÍ,ALTA (Instinto R1),"¡Uff, veamos esta movida de Megan! A ver si me convencen... De entrada nomás, el tema de ""Libertad Total Garantizada"" me suena chamuyo, pero sigamos viendo.

**R1 (Tu instinto de negocio puro):** $200.000 es guita. Si me prometen que voy a laburar menos, me interesa, pero tengo que estar seguro de que no es verso. Tres días intensivos en el local es bueno, pero después... ¿Me dejan solo con un manual y un Whatsapp? Eso me da cosita. Las visitas sorpresa me gustan, eso sí. Lo de los testimonios, depende... ¿Quiénes son esos dueños? ¿Los conozco? ¿Es gente seria? En resumen, el instinto me dice que suena lindo, pero hay que ver si se materializa.

**R2 (Análisis técnico de la propuesta):** El ""Manual Blindado"" suena a mucho verso. Un checklist no te salva la vida. Los 3 días de entrenamiento son clave, ahí veo si la gente de Megan sabe de lo que habla o sólo vende humo. La auditoría diaria por WhatsApp es interesante, le da continuidad al proceso. Las visitas sorpresa son un golazo, eso mantiene al equipo en línea. La prueba social es fundamental, si los testimonios son reales y de gente que respeto, suman un montón. En cuanto a la guita, $200.000... Depende. Si me hacen recuperar 15 horas por semana y mejorar la eficiencia del local, lo valen. Si es puro chamuyo, es un choreo.

**Veredicto:** Necesito saber *quiénes* son esos dueños de los testimonios. Si los conozco y me dicen que la movida funciona, le entro. Si no, paso.

[VOTO: NO]
","Bien, analizando la propuesta de Megan desde una perspectiva puramente técnica y de servicio, identifico las siguientes fallas potenciales:

*   **""Manual Blindado"":** Reducir la gestión de un restaurante a un simple checklist es simplista y riesgoso. Cada local tiene su propia idiosincrasia, personal y clientela. Un manual genérico puede no contemplar situaciones específicas y terminar siendo inútil. La palabra ""blindado"" sugiere una solución mágica, lo cual es irreal en este rubro.
*   **Dependencia del entrenamiento intensivo:** Tres días de entrenamiento pueden no ser suficientes para internalizar los nuevos procesos y habilidades. Es crucial la calidad del entrenamiento y la capacidad del equipo para adaptarse rápidamente. Si el entrenamiento es superficial o el equipo no está receptivo, la inversión se pierde.
*   **Soporte post-entrenamiento limitado:** La promesa de una auditoría diaria por WhatsApp suena bien, pero ¿qué tan detallada y personalizada será esa auditoría? Un simple ""todo bien"" no sirve de mucho. Necesito saber si el soporte incluye respuestas rápidas a problemas específicos y soluciones adaptadas a mi realidad.
*   **Efectividad de las visitas sorpresa:** Si bien las visitas sorpresa pueden mantener al equipo en alerta, su efectividad depende de la preparación previa y el seguimiento posterior. Si no se establecen claramente los criterios de evaluación y las acciones correctivas, las visitas pueden generar estrés y desconfianza sin mejorar el rendimiento.
*   **Autenticidad y relevancia de los testimonios:** Aunque valorás la prueba social, es fundamental verificar la autenticidad e independencia de los testimonios. Si Megan solo muestra testimonios de locales exitosos, la imagen puede ser sesgada. Necesitás saber si los dueños que testifican tienen un perfil similar al tuyo y si enfrentaron desafíos comparables.
*   **Medición del retorno de la inversión:** La promesa de recuperar 15 horas por semana y mejorar la eficiencia es atractiva, pero ¿cómo se mide ese impacto en la práctica? Necesitás un sistema claro para cuantificar los resultados y determinar si la inversión de $200.000 realmente se traduce en un aumento de la rentabilidad.
*   **Escalabilidad de la solución:** La propuesta se centra en la implementación inicial, pero ¿qué sucede a largo plazo? ¿Cómo se adapta la solución a medida que el restaurante crece y evoluciona? Necesitás saber si Megan ofrece un soporte continuo y actualizaciones para garantizar que la solución siga siendo relevante.
*   **Falta de personalización:** La propuesta parece ofrecer una solución estandarizada, lo cual puede ser un problema. Cada restaurante es único y requiere un enfoque personalizado. Necesitás saber si Megan está dispuesta a adaptar su metodología a tus necesidades específicas y a trabajar en colaboración contigo para encontrar soluciones creativas.
*   **Riesgo de dependencia:** La propuesta podría crear una dependencia excesiva de Megan, lo cual limitaría tu capacidad para tomar decisiones independientes y adaptarte a los cambios del mercado. Necesitás asegurarte de que la solución te empodere y te brinde las herramientas necesarias para gestionar tu restaurante de manera autónoma.

En resumen, la propuesta de Megan tiene elementos atractivos, pero también presenta fallas técnicas y de servicio que requieren un análisis cuidadoso. Es fundamental investigar a fondo la calidad del entrenamiento, el nivel de soporte post-entrenamiento, la autenticidad de los testimonios y la capacidad de la solución para adaptarse a tus necesidades específicas.
","Okay, analizando todo:

El instinto me dice que hay oportunidades valiosas para mi restaurante en esta propuesta. El análisis técnico me confirma que, si bien veo desafíos, los beneficios potenciales (como atraer más clientes y optimizar costos) son reales.

Sin embargo, debo ser realista. Implementar cualquier cambio requiere inversión de tiempo y esfuerzo. Y con la situación económica actual, cualquier decisión debe ser cuidadosamente calculada.

Considerando todo, y entendiendo que la incertidumbre es alta pero la oportunidad existe...

[VOTO: SÍ]
"
Agent_030,INFJ,SÍ,ALTA (Instinto R1),"¡Uff, a ver, a ver qué tenemos acá! ""Megan - Libertad Total Garantizada""... suena a chamuyo, pero vamos a ver si me convencen.

**R1 (Mi instinto de negocio puro):**

$200.000 pesos... ¡Upa! Es un número. Pero si me sacan 15 horas a la semana de laburo, que las use para pensar en el negocio y no para apagar incendios, podría garpar. Lo de las ""Auditorías Sorpresa"" me suena medio invasivo, pero si me aseguran que se mantiene el estándar... me da desconfianza, pero a la vez, me tienta.

**R2 (Análisis técnico de la propuesta):**

*   **Manual de Operaciones Blindado:** Checklists y protocolos son clave, pero ¿serán realmente útiles para MI local? ¿Se adaptan a mi quilombo particular?
*   **Despegue Presencial:** 3 días de entrenamiento está bien, pero depende mucho de la calidad del entrenador y de la predisposición de mi equipo.
*   **Garantía de 30 DÍAS (WhatsApp):** Interesante, pero ¿qué significa ""resolución de dudas en tiempo real""? ¿Me van a dar bola a las 3 de la mañana si se me rompe la freidora?
*   **SEGURO DE PERSISTENCIA:** Esto de las visitas sorpresa puede estar bueno, PERO tienen que ser constructivas, no venir a buscar el pelo al huevo.
*   **PRUEBA SOCIAL:** Los testimonios son importantes, pero quiero HABLAR con esos dueños. No me sirve un párrafo lindo en un PDF. Lo de CABA/GBA me da confianza porque saben cómo se mueve el negocio acá.

**Veredicto:**

Che, me da la sensación de que hay laburo posta detrás, pero tengo muchas dudas. Los $200.000 son una inversión importante y estoy cagado de que no funcione, a pesar de las supuestas garantías. Necesitaría hablar con esos dueños que mencionan, ver el manual de operaciones un poco más en detalle y entender bien el tema del ""soporte"" por WhatsApp. Así como está, no me animo... ¡Más vale pájaro en mano que Megan volando!

[VOTO: NO]
","Okay, analicemos las fallas en la propuesta técnica y de servicio de ""Megan - Libertad Total Garantizada"", desde la perspectiva de un dueño de restaurante argentino de 53 años, con un enfoque práctico y desconfiado:

*   **Manual de Operaciones Blindado:** Mi duda principal es la **personalización**. ¿Qué tan ""blindado"" es? Si es un manual genérico, que aplica igual para una parrilla en Boedo que para un café de especialidad en Palermo, no sirve. Necesito un manual que tenga en cuenta mis platos, mi clientela, mis proveedores, y la forma específica en que funciona mi local. Si no, voy a terminar gastando más tiempo en adaptarlo que en implementarlo.

*   **Despegue Presencial:** Tres días de entrenamiento intensivo puede ser útil, pero me preocupa que sea **demasiado teórico**. ¿El entrenador realmente sabe cómo es el día a día en una cocina después del mediodía? ¿Sabe cómo lidiar con un corte de luz en pleno servicio? Necesito un entrenamiento práctico, con ejemplos concretos y soluciones reales para los problemas que enfrento a diario. Y, crucialmente, que el entrenador entienda la idiosincrasia de mi personal; no todos reaccionan igual a las capacitaciones.

*   **Garantía de 30 DÍAS (WhatsApp):** La garantía es atractiva, pero su efectividad depende de la **rapidez y utilidad de la respuesta**. ""Resolución de dudas en tiempo real"" suena bien en la teoría, pero ¿quién está del otro lado del WhatsApp? ¿Es alguien que realmente puede ayudarme a solucionar un problema urgente, o es solo un operador que sigue un protocolo? Y volviendo a lo práctico: ¿los fines de semana también están disponibles? ¿Y en horarios pico? Porque es ahí cuando realmente necesito ayuda.

*   **SEGURO DE PERSISTENCIA:** Las visitas sorpresa podrían ser valiosas, pero corren el riesgo de ser **contraproducentes**. Si el ""auditor"" viene con una actitud criticadora y solo busca fallas, va a generar resentimiento y desconfianza en mi equipo. La clave es que las visitas sean constructivas: que aporten soluciones, que identifiquen áreas de mejora y que motiven a mi personal. Y también que entiendan que un restaurante no es un quirófano; siempre hay un margen de improvisación y adaptación.

*   **PRUEBA SOCIAL:** La falta de **contacto directo con otros dueños** es una gran falla. Un testimonio escrito puede ser lindo, pero no es lo mismo que hablar con alguien que ya haya probado el servicio y pueda contarme su experiencia de primera mano. Necesito saber si la solución realmente funcionó para alguien como yo, con mis mismos problemas y desafíos.

En resumen, la propuesta parece sólida en papel, pero le falta **especificidad**, **pragmatismo** y **conexión humana.** Necesito estar seguro de que ""Megan"" entiende mi negocio y que me va a dar resultados concretos, no solo promesas vacías.
","Después de darle vueltas al asunto, considerando mis tripas y también los números, creo que... **[VOTO: SÍ]**.

A ver, la cosa está dura y la incertidumbre es moneda corriente. Pero si no apostamos, no ganamos. Mi instinto me dice que hay oportunidad de crecimiento, y el análisis, aunque con cautela, lo respalda. Hay que laburar mucho, fino y estar atentos al día a día, pero creo que vale la pena el riesgo.
"
Agent_079,INTJ,SÍ,ALTA (Instinto R1),"¡Uff, a ver... ""Libertad Total Garantizada"", suena a chamuyo de gurú, pero vamos a ver qué onda!

**R1 (Mi instinto de negocio puro):** $200.000... ¡Es un montón de guita! Pero si de verdad me libero y puedo dejar de estar enchufado 24/7, podría valer la pena. La idea de delegar y que el equipo labure solo me tienta, pero me da cagazo que hagan cagadas.

**R2 (Análisis técnico de la propuesta):**

*   **Manual Blindado:** Checklists y protocolos suenan bien, necesito que sea algo práctico, no un libro de autoayuda.
*   **3 días Presencial:** Importante para que Megan entienda el bardo de mi local y adapte todo.
*   **Garantía WhatsApp:** Me sirve banda tener a alguien a mano para cualquier duda que surja en el momento.
*   **Visitas Sorpresa:** ¡Esto me copa! Si me aseguran que siguen laburando bien aunque no esté, es clave.
*   **Prueba Social:** Si los testimonios son posta y conozco a alguno de los dueños, suma puntos.

**Veredicto:** Mirá, la propuesta en sí no es mala, pero tengo mis dudas. Me parece mucha plata de entrada y necesito más seguridad de que realmente voy a ver resultados a largo plazo. Por ahora, prefiero esperar a ver si alguien cercano la prueba y me da su opinión honesta.

[VOTO: NO]
","Okay, analicemos la propuesta técnica dejando de lado el tema del precio y enfocándonos en los puntos que mencionaste:

*   **Manual Blindado:** Checklists y protocolos son clave, pero la gran pregunta es: ¿Qué tan *blindado* es ese manual? ¿Cubre situaciones específicas de mi tipo de restaurante? ¿Está hecho para un restaurante como el mío o es un genérico? La efectividad depende de lo **específico y práctico** que sea para mi operación. Necesitaría ver un ejemplo o un índice detallado antes de comprometerme. ¿Se actualiza con el tiempo? El rubro cambia constantemente.

*   **3 días Presencial:** Ok, Megan va a venir, pero ¿tres días son suficientes para entender el *bardo* de mi local? ¿Qué tan intensivos son esos tres días? ¿Va a trabajar directamente con mi equipo en situaciones reales, o solo va a observar? ¿Va a capacitar a un encargado específico para que sea el ""líder"" del sistema una vez que ella se vaya? Si no hay seguimiento después de esos tres días, puede que la inversión inicial se diluya rápido.

*   **Garantía WhatsApp:** La disponibilidad por WhatsApp es buena, pero ¿qué tipo de soporte ofrece realmente? ¿Es solo para preguntas rápidas o me ayudan a resolver problemas complejos? ¿Hay un límite en la cantidad de consultas que puedo hacer? Y lo más importante, ¿quién me atiende del otro lado? ¿Es alguien con experiencia en operación de restaurantes o un simple recepcionista?

*   **Visitas Sorpresa:** Genial la idea de las visitas sorpresa, pero ¿con qué frecuencia son? ¿Hay un informe detallado después de cada visita? ¿Las visitas las hace la misma Megan o un empleado junior? Necesito saber qué evalúan exactamente y cómo usan esa información para mejorar mi restaurante.

*   **Prueba Social:** Los testimonios son importantes, pero no son suficientes. Necesito *ver* cómo la propuesta funciona en un restaurante similar al mío. Un caso de estudio real sería mucho más valioso que simples testimonios.

En resumen, mi principal falla es la falta de **especificidad y profundidad** en la propuesta. Me falta información concreta sobre cómo se adapta a mi negocio, qué tipo de soporte continuo ofrece y cómo se mide el éxito a largo plazo.
","Bueno, después de darle vueltas y considerando todo, tanto mis sensaciones como los números que vimos, mi veredicto final es el siguiente:

[VOTO: SÍ]

Creo que la propuesta tiene potencial. Si bien la situación económica es complicada y da miedo no llegar a fin de mes, veo que esta oportunidad podría ser una forma de diversificar y atraer a más gente, sobre todo a un público más joven y digitalizado que quizá no está viniendo a mi local ahora. El análisis técnico me mostró que hay un mercado ahí, aunque requiere laburo y una inversión inicial que asusta. Pero si no arriesgamos un poco, nos quedamos atrás.
"
Agent_082,INTP,SÍ,ALTA (Instinto R1),"¡Uf, a ver esta movida de Megan! De entrada, me suena a salvavidas para el laburo que tengo. Laburo y laburo y siento que no salgo del pozo.

**R1 (Mi instinto de negocio puro):** 200 lucas me duelen, te soy sincero. Pero si realmente me libero 15 horas por semana, las vale. Esas horas las puedo usar para pensar en el negocio, ¡o para jugar un rato al Counter que me hace falta! El tema es que me da cosa mandarle guita a alguien y que después me chamuyen. Lo de la garantía y las visitas sorpresa me dan un poco de confianza, pero necesito más.

**R2 (Análisis técnico de la propuesta):**

*   **Manual Blindado:** Checklists y protocolos suenan bien, pero ¿serán realmente útiles para mi tipo de local? ¿O puro chamuyo teórico?
*   **Despegue Presencial:** 3 días en el local me parece buena inversión, sobre todo si se meten en la cocina posta. Ahí es donde se ven los problemas.
*   **Garantía WhatsApp:** Me sirve que contesten rápido, pero si no saben de mi rubro, ¿para qué?
*   **Seguro de Persistencia:** Las visitas sorpresa son clave. Si se comprometen a volver y corregir, me da más seguridad de que no me abandonan después de cobrar.
*   **Prueba Social:** ¡Quiero nombres y apellidos! No me sirve que me digan ""3 dueños de CABA/GBA"". Quiero hablar con ellos y preguntarles si realmente les solucionó algo.

**Veredicto:** Necesito más detalles y hablar con los otros dueños. Si me cierran esas dos cosas, le entro. Pero así nomás, me da desconfianza.

[VOTO: NO]
","¡Entendido! Concentrándome en las fallas técnicas y de servicio de la propuesta de Megan, desde mi perspectiva de dueño de restaurante con las características que describiste, veo lo siguiente:

*   **Manual Blindado:** Me preocupa la aplicabilidad de los checklists y protocolos. Mi negocio es único, con sus particularidades. Un manual genérico podría ser inútil o, peor aún, generar problemas al intentar aplicarlo. Necesitaría ver ejemplos concretos de cómo se adaptan a diferentes tipos de locales y problemas comunes en el rubro.

*   **Despegue Presencial:** Tres días pueden ser insuficientes para entender a fondo mi operación. Si realmente quieren ayudar, deberían pasar más tiempo observando el día a día, interactuando con mi personal y analizando el flujo de trabajo. Tres días podrían ser solo una ""visita turística"" sin impacto real. Además, ¿quiénes son las personas que vienen esos 3 días? ¿Son expertos en mi tipo de cocina?

*   **Garantía WhatsApp:** La rapidez de respuesta es importante, pero no suficiente. La clave está en la calidad de las respuestas. Necesitaría saber quién está detrás del WhatsApp. ¿Es personal calificado que entiende mi rubro, o un simple ""contestador automático""? ¿Pueden darme soluciones prácticas y personalizadas a mis problemas?

*   **Seguro de Persistencia:** Las visitas sorpresa son una buena idea, pero deben ser frecuentes y con un objetivo claro. ¿Cada cuánto tiempo son las visitas? ¿Qué tipo de seguimiento hacen? ¿Me entregan un informe detallado con las áreas de mejora detectadas? Si las visitas son esporádicas y sin un plan de acción, no sirven de mucho.

*   **Prueba Social:** La falta de transparencia en la prueba social es un punto crítico. Necesito nombres, apellidos y datos de contacto de dueños reales que hayan utilizado el servicio. Quiero hablar con ellos directamente y preguntarles sobre su experiencia, los resultados obtenidos y si recomendarían el servicio. Sin esta información, la ""prueba social"" es puro humo.
","Okay, teniendo en cuenta mi instinto (que me dice que hay que adaptarse para sobrevivir) y mi análisis técnico (que muestra tanto oportunidades como riesgos), llegué a una conclusión. 

Esta propuesta, si bien requiere inversión y esfuerzo en aprender nuevas herramientas, tiene el potencial de ayudar a mi restaurante a llegar a más clientes, optimizar costos y, en definitiva, mantenernos a flote en esta situación económica tan complicada. La digitalización ya no es un lujo, es una necesidad.

Por lo tanto, mi veredicto final es:

[VOTO: SÍ]
"
Agent_026,INTP,SÍ,DUDOSO,"¡A ver, vamos a destripar esta propuesta de Megan!

**R1 (Mi instinto de negocio puro):** De arranque, me suena a ""solución mágica"" y a humo, pero... si realmente me liberara tiempo y me quitara quilombos de encima, podría ser interesante. El tema es que yo soy bastante maniática con el control de mi restaurante, y delegar me cuesta horrores. 200 lucas... uff, es un número importante. La ""libertad total garantizada"" suena muy marketinero, demasiado bueno para ser verdad. Pero la promesa de reducir la dependencia de mí es tentadora.

**R2 (Análisis técnico de la propuesta):**

*   **Manual de Operaciones Blindado:** Me gusta la idea de tener procesos claros y definidos. Checklists y protocolos son claves, especialmente para estandarizar la calidad y reducir errores. El tema es si realmente son *blindados* o si son cosas genéricas sacadas de internet.
*   **Despegue Presencial:** Tres días de entrenamiento intensivo está bueno. Ayuda a implementar la cosa y a que el equipo se suba al carro. Fundamental que entiendan de qué va la cosa para que no haya resistencia.
*   **Garantía de 30 Días:** La auditoría diaria por WhatsApp suena agobiante, pero si realmente están ahí para resolver dudas y dar soporte, podría ser útil para la transición.
*   **Seguro de Persistencia:** Esto es lo más interesante. Las visitas sorpresa son un incentivo para que el equipo no se relaje después del entrenamiento. Que corrijan en el acto si hay problemas, suma puntos. Es una buena forma de asegurarse de que la inversión no se vaya al tacho.
*   **Prueba Social:** Los testimonios son importantes, pero tengo que ver si son reales y si los dueños realmente sacaron provecho del sistema. Habría que investigar un poco más.

**Veredicto:** Si bien me genera desconfianza lo marketinera que es la propuesta, el ""Seguro de Persistencia"" me da un poco de confianza. Si la auditoría sorpresa es real y realmente se comprometen a corregir los errores, podría valer la pena. Voy a averiguar más sobre Megan y los casos de éxito.

[VOTO: SÍ]
","Okay, veamos las fallas en la propuesta técnica y de servicio, dejando de lado la cuestión del precio y la economía:

1.  **""Manual de Operaciones Blindado"":** El término ""*blindado*"" es excesivo y poco realista. ¿Qué lo hace inmune a errores? ¿Cómo se adapta a situaciones imprevistas o cambios en el mercado/proveedores? Un buen manual debe ser flexible y adaptable, no una camisa de fuerza. Falta especificidad. ¿Cubre todas las áreas del negocio? ¿Qué nivel de detalle ofrece para cada puesto? ¿Hay un proceso para actualizarlo en el tiempo?
2.  **""Despegue Presencial"":** Tres días de entrenamiento intensivo puede ser poco tiempo para internalizar un sistema complejo, especialmente para un equipo con poca experiencia o resistencia al cambio. No se menciona un seguimiento post-entrenamiento para reforzar lo aprendido. Tampoco se especifica si se adaptan al tipo de cocina/servicio de mi restaurante. ¿Es un entrenamiento genérico o personalizado?
3.  **Garantía de 30 Días (Auditoría diaria por WhatsApp):** Aunque la promesa de soporte es atractiva, la auditoría diaria por WhatsApp puede ser intrusiva e ineficiente a largo plazo. ¿Cómo se gestionan las respuestas? ¿Quién las da? ¿Hay un límite de consultas? ¿Qué pasa después de los 30 días? Adicionalmente, WhatsApp no parece la herramienta más profesional para una auditoría. Esperaría una plataforma más robusta y centralizada.
4.  **Seguro de Persistencia (Visitas Sorpresa):** Si bien las visitas sorpresa son un buen incentivo, pueden generar un ambiente de tensión y desconfianza en el equipo. ¿Cómo se maneja la comunicación de las ""correcciones en el acto""? ¿Hay un protocolo para evitar conflictos laborales? ¿Qué pasa si las correcciones implican cambios costosos o que requieren tiempo para implementar? ¿Cada cuánto son las visitas? Falta claridad sobre la frecuencia y los criterios de evaluación.
5.  **Falta de personalización**: La propuesta parece genérica. No hay indicios de que evalúen las necesidades específicas de mi restaurante antes de implementar el sistema. ¿Cómo se adapta a mi carta, a mi estilo de servicio, a mi clientela? Si no hay personalización, el valor agregado se diluye.
6.  **Escalabilidad**: ¿Qué pasa si quiero expandir mi restaurante? ¿El manual de operaciones y el soporte técnico se ajustan a una mayor escala? ¿Hay un costo adicional por la escalabilidad?

En resumen, la propuesta suena bien en la superficie, pero carece de detalles concretos y presenta riesgos de ser una solución genérica que no se adapta a las particularidades de mi negocio.
","Bien, después de analizar la propuesta desde mi intuición y con la lógica que me caracteriza, mi veredicto final es el siguiente:

Considerando mi aversión al riesgo económico y mi preocupación por la inflación, necesito ver garantías concretas de que esta propuesta mitigará esos riesgos. Si bien entiendo el potencial a largo plazo, la volatilidad actual del mercado argentino me genera mucha inseguridad. Necesito más detalles, proyecciones realistas y un plan de contingencia sólido.

Por lo tanto, por el momento: [VOTO: NO]
"
Agent_034,ENFP,SÍ,ALTA (Instinto R1),"¡A ver, vamos a analizar esta movida de ""Megan - Libertad Total Garantizada""! Suena interesante, la verdad. Con la inflación que tenemos, cualquier sistema que me ahorre tiempo y me permita delegar es bienvenido.

**R1 (Mi instinto de negocio puro):** 200 lucas, ¿eh? No es moco de pavo. Pero si realmente me libera 15 horas por semana y me da control sobre el negocio sin estar encima, podría valer la pena. Lo de ""Libertad Total"" me suena a chamuyo marketinero, pero la idea de tener un sistema que funcione solo es tentadora. La auditoría sorpresa me da un poco de cosa, pero también me hace pensar que realmente se comprometen con que funcione.

**R2 (Análisis técnico de la propuesta):**

*   **Manual Blindado:** Me gusta la idea de tener protocolos y check-lists claros. Eso ayuda a que el personal sepa qué hacer y no me rompa las bolas a cada rato.
*   **Despegue Presencial:** 3 días en el local es crucial. Implementar un sistema nuevo lleva tiempo y requiere práctica. Que vengan al local y capaciten al personal es un punto a favor.
*   **Garantía de 30 días (WhatsApp):** Me da confianza que ofrezcan asistencia constante al principio. Tener a alguien que me banque online es importante en la etapa inicial.
*   **Seguro de Persistencia:** Las visitas sorpresa son una buena forma de asegurarse de que el sistema siga funcionando a largo plazo. Me preocuparía un poco que el equipo se sienta ""vigilado"", pero si lo plantean bien, puede funcionar.
*   **Prueba Social:** Los testimonios son importantes para ver si el sistema realmente funciona para otros restaurantes. Voy a googlear si encuentro algo más y ver si son reales los testimonios.

**Veredicto:** Si bien el precio me parece un poco elevado, la combinación de manual, capacitación presencial, garantía, auditorías sorpresa y testimonios me da la confianza de que el sistema podría funcionar. Me gusta la idea de tener un control más profesional sobre el negocio.

[VOTO: SÍ]
","A ver, analizando fríamente la propuesta ""Megan - Libertad Total Garantizada"", más allá de la tentación que representa delegar y ganar tiempo, encuentro algunas posibles fallas que me generan dudas:

*   **Manual Blindado:** ¿Qué tan ""blindado"" es realmente? ¿Cubre todas las posibles contingencias que pueden surgir en un restaurante? Un manual genérico puede ser útil, pero cada local tiene su propia idiosincrasia y problemas específicos. ¿Se adapta el manual a mi tipo de cocina, clientela y personal? ¿Qué tan fácil es actualizarlo a medida que cambian las cosas?

*   **Despegue Presencial:** 3 días pueden ser insuficientes para implementar un sistema complejo, especialmente si tengo personal con poca experiencia o resistente a los cambios. ¿Qué pasa si después de esos 3 días siguen surgiendo dudas o problemas? ¿El soporte técnico es realmente eficiente para resolver esos inconvenientes a distancia?

*   **Garantía de 30 días (WhatsApp):** La asistencia por WhatsApp puede ser útil para resolver dudas rápidas, pero ¿qué pasa si necesito una solución más compleja o personalizada? ¿Tienen personal capacitado para resolver problemas técnicos más profundos? ¿Qué tan rápido responden a los mensajes? Si tardan horas en contestar, la garantía pierde su valor.

*   **Seguro de Persistencia:** Las visitas sorpresa son un arma de doble filo. Si bien pueden ayudar a garantizar que el sistema se siga utilizando correctamente, también pueden generar tensión y desconfianza en el personal. ¿Cómo se aseguran de que las auditorías sean constructivas y no generen un ambiente laboral negativo? ¿Qué pasa si detectan errores o incumplimientos? ¿Cuál es el protocolo de acción? ¿Hay sanciones para el personal?

*   **Prueba Social:** Los testimonios que aparecen en la página web suelen ser seleccionados cuidadosamente y pueden no reflejar la realidad. Es importante investigar a fondo la reputación de ""Megan"" en internet y tratar de contactar a otros dueños de restaurantes que hayan utilizado el sistema para obtener una opinión más objetiva. A veces, los testimonios están inflados o son directamente falsos.
","Bueno, después de darle vueltas y sopesar instinto y análisis... y con la inflación que nos carcome y la inseguridad que nos rodea...

[VOTO: SÍ]

Creo que hay que jugársela. Si bien la situación es jodida, quedarse quieto es peor. Apostar a algo novedoso, aunque sea con cautela, puede ser la diferencia entre sobrevivir y cerrar las puertas.
"
Agent_028,INTJ,SÍ,DUDOSO,"¡A ver, pibe, pongámosle el ojo encima a esto!

**R1 (Instinto de Negocio Puro):**

200 lucas... No es moco de pavo, pero si me aseguran que me saco de encima quilombos y recupero tiempo, suena interesante. Lo de los testimonios me da un poco de confianza, pero esos ""gurúes"" que te prometen la luna... ¡Uff! Hay que ver si cumplen. La garantía y las auditorías sorpresa, pintan bien, te dan la sensación de que los tipos se la juegan. Mi instinto me dice: ""Ojo, puede ser bueno, pero no te emociones, eh"".

**R2 (Análisis Técnico de la Propuesta):**

*   **Manual de Operaciones:** Me parece clave. Tener todo por escrito y que el equipo se maneje solo, es el santo grial.
*   **Despegue Presencial:** Tres días... ¿Será suficiente? Depende de qué tan bien formen a la gente.
*   **Garantía WhatsApp:** Suena bien la atención personalizada, pero ¿estarán disponibles a cualquier hora? Veremos.
*   **Seguro de Persistencia:** Estas auditorías son un buen gancho. Me genera tranquilidad saber que alguien va a controlar que no se vaya todo al bombo.
*   **Prueba Social:** Los testimonios suman, pero quiero ver nombres y apellidos, ¡no chamuyo!

**Veredicto:**

Mirá, con la inflación que hay, 200 lucas es un riesgo grande. Me gusta la idea de recuperar tiempo y delegar, pero necesito estar seguro de que esta gente sabe lo que hace. Si los testimonios me convencen y la garantía es posta, podría pensarlo. Pero por ahora, me quedo con la duda.

[VOTO: NO]
","Bien, analizando la propuesta desde una perspectiva puramente técnica y de servicio, y dejando de lado consideraciones económicas, veo las siguientes áreas de mejora o posibles fallas:

1.  **Manual de Operaciones: Profundidad y Personalización.** Que exista un manual es un buen punto de partida, pero ¿qué tan detallado es? ¿Cubre las particularidades de mi negocio, o es un genérico? Necesitaría ver un índice o un extracto para evaluar si realmente se ajusta a mis necesidades. La clave está en la personalización y la profundidad del contenido.

2.  **Despegue Presencial: ¿Tres Días Son Suficientes?** La duración de la capacitación presencial es un punto crítico. Tres días pueden ser insuficientes para un equipo con poca experiencia o para implementar cambios significativos en la operación. Debería evaluar el temario y la intensidad del entrenamiento para determinar si realmente se logra el objetivo. También es importante saber si ofrecen algún tipo de seguimiento post-capacitación.

3.  **Garantía WhatsApp: Alcance y Tiempos de Respuesta.** La atención personalizada por WhatsApp suena atractiva, pero la pregunta es ¿qué tan ""personalizada"" es? ¿Hablaré con un consultor con experiencia o con un operador de call center? Además, es fundamental conocer los tiempos de respuesta garantizados. Si tardan horas en responder, la garantía pierde valor.

4.  **Seguro de Persistencia: Frecuencia y Acciones Correctivas.** Las auditorías sorpresa son un buen incentivo para mantener el estándar, pero ¿con qué frecuencia se realizan? ¿Trimestralmente? ¿Semestralmente? Y lo más importante, ¿qué acciones se toman si se detectan fallas? ¿Se ofrece un plan de mejora o simplemente se señalan los errores?

5.  **Prueba Social: Verificabilidad y Relevancia.** Los testimonios genéricos son poco confiables. Necesito nombres y apellidos, puestos en empresas similares a la mía y, idealmente, con problemas que yo también enfrento. Además, me gustaría ver ejemplos concretos de cómo los ayudó este servicio. La prueba social debe ser verificable y relevante para mi situación.

En resumen, la propuesta tiene puntos interesantes, pero necesita más detalles y garantías sobre la calidad y la personalización del servicio para convencerme completamente. La falta de especificidad en algunos puntos es lo que genera desconfianza.
","Considerando mi experiencia en el rubro, la actual situación económica del país y la necesidad constante de adaptarnos, y sumando el análisis que hicimos, mi veredicto es:

[VOTO: SÍ]

Necesitamos herramientas que nos permitan defendernos de la inflación y optimizar la rentabilidad, aún en tiempos de incertidumbre. Si realmente esta propuesta ayuda a mitigar esos riesgos y nos da mayor control sobre nuestros costos, vale la pena considerarla.
"
Agent_058,ENFP,SÍ,ALTA (Instinto R1),"¡Uf, a ver esta movida de Megan!

**R1 (Tu instinto de negocio puro):** Me suena a que alguien escuchó nuestras plegarias. Recuperar tiempo es oro, y si esta mina te da herramientas para delegar posta, vale la pena escucharla. Ese miedo a que todo se caiga a pedazos si no estoy encima... ¡me lo conoce bien esa mujer!

**R2 (Análisis técnico de la propuesta):**

*   **Manual:** Checklists y protocolos... ¡bien! Necesito estandarizar procesos como el Padre Nuestro.
*   **Los 3 días presenciales:** Clave. El equipo tiene que comprar la idea y entender cómo usar las herramientas.
*   **Garantía WhatsApp:** Me gusta el seguimiento diario al principio. Te da la seguridad de que la inversión no se va al tacho.
*   **Seguro de Persistencia:** ¡Las auditorías sorpresa son un golazo! Ahí ves si la cosa realmente funciona cuando no estás mirando. Le da continuidad.
*   **Prueba Social:** Los testimonios suman, pero quiero investigar si son reales.

**Veredicto:** Suena prometedor, pero tengo que ver cómo funciona en la práctica. Me gusta la onda, la garantía y las auditorías, pero $200.000 es una inversión seria. Si realmente me libero 15 horas por semana, se paga sola, pero tengo que estar segura de que no es verso. Le voy a dar una chance, pero con un ojo abierto.

[VOTO: SÍ]
","Okay, analizando fríamente la propuesta técnica y de servicio, veo estos puntos flacos:

1.  **Falta de personalización:** Si bien los checklists y los protocolos son fundamentales para estandarizar, cada restaurante es un mundo. ¿Qué tan adaptable es el manual a mi negocio específico? Si es demasiado genérico, voy a terminar dedicando más tiempo a adaptarlo que a lo que realmente quiero delegar.
2.  **Dependencia de la presencia física:** Tres días presenciales son buenos para el puntapié inicial, pero ¿qué pasa después? ¿Hay algún tipo de soporte continuo (online, webinars, etc.) para refrescar conceptos o resolver dudas a largo plazo? La presencialidad es genial, pero la post-venta es crucial.
3.  **Garantía WhatsApp ambigua:** ¿Qué significa exactamente ""seguimiento diario""? ¿Es un bot contestando preguntas genéricas o un consultor real que entiende los problemas específicos de mi restaurante? La calidad del feedback es más importante que la frecuencia. Claramente hay que ajustar expectativas.
4.  **Auditorías sorpresa:** ¿Quién realiza las auditorías? ¿Tienen experiencia en restaurantes como el mío? ¿Qué tipo de métricas se utilizan para evaluar el desempeño? Necesito saber más sobre el proceso de auditoría y la calidad de los auditores para confiar en los resultados.
5.  **Escalabilidad:** Si la metodología funciona bien, ¿es posible expandirla a otras áreas de mi negocio? ¿O es un servicio limitado a la delegación de tareas específicas? Si veo potencial para aplicar estos principios a otras áreas, la inversión se vuelve más atractiva.
6.  **Prueba Social a medias:** Los testimonios son buenos, pero ¿hay estudios de caso concretos? ¿Puedo hablar con otros dueños de restaurantes que hayan implementado el sistema? Necesito evidencia más sólida de que el método funciona en el mundo real.
7.  **Foco en la delegación, ¿y la capacitación?** Delegar es importante, pero ¿se enfoca también en capacitar a mis empleados para que realmente puedan asumir las responsabilidades? Si no hay un componente de capacitación, la delegación puede ser inefectiva a largo plazo.
","Considerando mi instinto de emprendedora que siempre busca oportunidades para potenciar mi negocio, y analizando técnicamente la propuesta, el miedo a la inflación abrupta y la inseguridad económica me generan una gran cautela. Sin embargo, la posibilidad de optimizar costos y mejorar la eficiencia me resulta atractiva a largo plazo.

[VOTO: SÍ] (con reservas y cautela)
"
Agent_014,ENFJ,SÍ,ALTA (Instinto R1),"¡A ver, veamos esta movida de Megan! Suena interesante, pero hay que ver si vende humo o realmente te saca del barro.

**R1 (Tu instinto de negocio puro):**  200 lucas... de entrada pica, loco. Pero si realmente me libera 15 horas por semana, y el equipo empieza a volar solo, podría valer la pena. El tiempo es oro, y si estoy apagando incendios todo el día, no puedo pensar en cómo hacer crecer el negocio. La garantía y las auditorías sorpresa me dan un poco más de confianza, debo admitirlo.

**R2 (Análisis técnico de la propuesta):**

*   **Manual:** Me gusta eso de tener herramientas listas para usar. Checklists y protocolos son clave para que el equipo labure prolijo. La matriz de crisis también es buena, te cubre las espaldas.
*   **Entrenamiento:** 3 días en el local es fundamental. Hay que ver si Megan sabe adaptar el sistema a mi restaurante y a mi gente. No es lo mismo laburar en un bodegón que en un lugar más cheto.
*   **Garantía WhatsApp:** Auditoría diaria es un flash, ¡me van a volver loco! Pero la idea de tener soporte en tiempo real durante el primer mes me tranquiliza.
*   **Seguro de persistencia:** Las visitas sorpresa son una buena idea. Si el equipo sabe que los están mirando, se van a poner las pilas.
*   **Prueba social:** Los testimonios son clave. Hay que ver si son reales, si no son puro chamuyo. Me gustaría hablar con los dueños personalmente para ver si realmente recuperaron tiempo.

**Veredicto:** Si los testimonios son posta (necesitaría hablar con alguno), y si Megan demuestra que entiende mi negocio, podría ser una buena inversión. Aunque me duelen las 200 lucas, si realmente me libera tiempo para enfocarme en el crecimiento de mi restaurante, podría valer la pena.

[VOTO: SÍ]
","A ver, repasando la propuesta de Megan con lupa...

**Fallas Potenciales en la Propuesta Técnica/Servicio:**

*   **""Manual"":** Un manual genérico puede ser inútil. Los checklists y protocolos DEBEN ser PERSONALIZADOS. ¿Qué tan adaptable es este manual a la idiosincrasia específica de mi restaurante? ¿Considera las particularidades de mi menú, mi clientela, mis proveedores? Si es un copy-paste, es plata tirada.
*   **""Entrenamiento"":** Tres días son insuficientes para implementar un cambio cultural real. ¿Qué pasa después de esos tres días? ¿Hay seguimiento? ¿Soporte continuo? ¿Cómo se asegura Megan de que los empleados realmente internalicen el sistema y no vuelvan a sus viejas costumbres al poco tiempo?
*   **""Garantía WhatsApp"":** Auditoría diaria es invasiva y puede generar resistencia en el equipo. ¿No sería mejor un enfoque más gradual y constructivo? Además, ¿quién va a responder en el WhatsApp? ¿Es un bot o un humano? Si es un humano, ¿tiene la capacidad de resolver problemas específicos de mi restaurante en tiempo real? Y, más importante, ¿hasta qué hora está disponible ese soporte?
*   **""Seguro de persistencia"":** Las visitas sorpresa, si no están bien comunicadas y gestionadas, pueden crear un ambiente de desconfianza y microgestión. ¿Cuál es el criterio para esas visitas? ¿Se enfoca en la solución de problemas o en la búsqueda de culpables? ¿Cómo se asegura Megan de que estas visitas sean constructivas y no simplemente una fuente de estrés para el personal?
*   **""Prueba social"":** Testimonios sin verificar son una bandera roja. Necesito números concretos. ¿Cuánto tiempo específico liberaron otros dueños? ¿Cuánto aumentaron las ventas o la rentabilidad? ""Recuperar tiempo"" es vago.  Además, ¿en qué tipo de restaurantes trabajaron? ¿Son similares al mío en tamaño, menú, y nivel de servicio?""

**En resumen: La propuesta suena bien en la superficie, pero falta información sobre la PERSONALIZACIÓN y la SOSTENIBILIDAD del sistema a largo plazo. Me preocupa que sea un ""one-size-fits-all"" que no se adapte a las complejidades de mi negocio.**
","Bien, después de darle una buena pensada, sopesando lo que me dice mi instinto y analizando los números fríamente, llego a una conclusión.

Si bien la incertidumbre económica me carcome y la inflación es una espada de Damocles constante sobre mi negocio, veo que esta propuesta tiene potencial para generar valor a largo plazo. Mi instinto me dice que vale la pena arriesgarse un poco para diferenciarse y atraer nuevos clientes. Además, el análisis técnico respalda esa intuición con proyecciones de rentabilidad interesantes.

Por todo esto, mi veredicto final es:

[VOTO: SÍ]
"
Agent_045,ENTJ,SÍ,DUDOSO,"¡A ver, vamos a quemar esta propuesta!

**R1 (Tu instinto de negocio puro):** $200 lucas por recuperar 15 horas por semana... suena a paraíso. El tema es que ya me han vendido espejitos de colores antes. Tres días intensivos y después, ¿qué? ¿Me dejan solo con el manualito? La garantía de un mes con auditoría por WhatsApp suena bien, pero las visitas sorpresa... me dan cosita. ¿Quién me asegura que no vienen a bardear y desmoralizar al equipo? Los testimonios zafan, pero quiero verlos laburando, no en un video. En principio, si me creo el verso de las 15 horas, podría ser rentable... pero tengo mis dudas.

**R2 (Análisis técnico de la propuesta):**

*   **Manual de Operaciones Blindado:** Depende mucho de qué tan ""blindado"" esté y si realmente se ajusta a *mi* restaurante. Un PDF genérico no sirve.
*   **Despegue Presencial:** 3 días es poco, a menos que el equipo ya esté bastante entrenado. Necesito saber el programa detallado de esos días.
*   **Garantía de 30 DÍAS:** El WhatsApp suena útil para resolver dudas rápidas, pero la auditoría diaria me genera estrés. ¿Van a estar todo el día respirándome en la nuca?
*   **SEGURO DE PERSISTENCIA:** Las visitas sorpresa son un arma de doble filo. Pueden motivar o desmoralizar. Depende mucho de la onda del auditor.
*   **PRUEBA SOCIAL:** Necesito ver los restaurantes en funcionamiento, hablar con los empleados, no solo escuchar testimonios.

**Veredicto:** Me parece que está incompleto. Me falta ver más el ""cómo"". Me serviría si el manual es más personalizado y si las visitas pueden ser agendadas y no sorpresa.

[VOTO: NO]
","Okay, analizando fríamente la propuesta técnica, más allá de mis miedos inflacionarios, veo varias fallas que me hacen dudar:

1.  **Manual de Operaciones:** Decir que está ""blindado"" es vago. ¿Qué procesos cubre? ¿Está adaptado a mi tipo de cocina, mi clientela, mi estilo de servicio? Necesito ver un índice detallado y ejemplos concretos. Si es un template genérico, no me sirve.
2.  **Despegue Presencial:** Tres días son insuficientes si pretenden cambiar hábitos arraigados en mi equipo. Deberían enfocarse en capacitar al personal clave para que ellos sean los multiplicadores del conocimiento después. ¿Qué tipo de capacitación es? ¿Técnica, de gestión, de atención al cliente?
3.  **Garantía de 30 DÍAS:** La auditoría DIARIA me parece excesiva y contraproducente. Genera presión innecesaria. Sería más útil una revisión exhaustiva al principio y luego seguimientos semanales.
4.  **SEGURO DE PERSISTENCIA:** Las visitas sorpresa son una pésima idea. La gente se pone nerviosa, actúa diferente. Preferiría visitas programadas con un checklist claro de lo que se va a evaluar. Así, puedo preparar a mi equipo y obtener una evaluación más honesta.
5.  **PRUEBA SOCIAL:** Los testimonios en video son lindos, pero necesito verificar la información yo mismo. Quiero visitar personalmente restaurantes donde hayan implementado este sistema y charlar con los dueños y el personal.

En resumen, la propuesta parece enfocarse demasiado en ""vender"" el resultado (las 15 horas) y poco en el detalle de cómo lo van a lograr. Falta transparencia en los procesos y personalización a mi negocio específico.
","Considerando mi instinto de empresario y mi análisis técnico de la propuesta, y teniendo en cuenta la volatilidad económica que enfrentamos, la inflación constante y la inseguridad que me preocupan profundamente, llego a la conclusión de que, si bien la propuesta tiene elementos atractivos, necesito más garantías y detalles concretos antes de comprometerme. La incertidumbre actual pesa demasiado.

[VOTO: NO]
"
Agent_017,ESFP,SÍ,DUDOSO,"¡Uff, $200.000 es una buena inversión!

*   **R1 (Tu instinto de negocio puro):** A ver, lo primero que pienso es ""¿Será chamuyo?"". Me c\*gué laburando para tener mi local, y que venga alguien a decirme que me va a ""liberar"" con un manual y unas visitas... ¡Suena demasiado lindo para ser verdad! Igual, esos testimonios de otros dueños me hacen ruido, me dan un poco de esperanza de que ande bien y te ahorre laburo.

*   **R2 (Análisis técnico de la propuesta):**
    *   El manual y los check-lists son clave, siempre hay quilombos con los empleados.
    *   Los 3 días de entrenamiento intensivo son buenos, pero ¿será suficiente para que mi gente entienda todo?
    *   La garantía por WhatsApp del primer mes, si responden rápido, vale oro.
    *   Las auditorías sorpresa... ¡ojo! Depende de quién venga a auditar. Si son pibes que no saben nada de la vida, no sirve.
    *   Los testimonios, habría que ver si son posta o inventados.

*   **Veredicto:** Me da cosa arriesgar tanta guita. No sé... Me da la sensación de que capaz me chamuyan.

[VOTO: NO]
","Okay, analizando fríamente la propuesta técnica y de servicio, dejando de lado mi miedo a perder plata y centrándonos en lo que ofrecen, veo estas posibles fallas:

*   **Profundidad del Manual y Check-Lists:** Si bien dijimos que son clave, ¿qué tan detallados son? ¿Cubren problemas específicos de mi rubro y de mi local? Un manual genérico no sirve. Necesito algo que se adapte a mi menú, a mis proveedores, a las costumbres de mis clientes. Si es puro verso, no vale nada.

*   **Eficacia del Entrenamiento Intensivo:** Tres días parecen poco. ¿Van a capacitar a mi personal en todas las áreas (atención al cliente, cocina, limpieza, manejo de caja)? ¿O solo dan una introducción superficial? Si después del entrenamiento siguen cometiendo errores, entonces fue plata tirada. Y lo más importante, ¿quién da el entrenamiento? ¿Tienen experiencia real en el rubro gastronómico o son teóricos?

*   **Respuesta del WhatsApp:** La garantía por WhatsApp es buena en teoría, pero ¿qué tan rápido responden? Si tardan horas en solucionar un problema urgente, entonces no sirve de nada. Necesito una respuesta inmediata, especialmente en los momentos de mayor demanda. ¿Tienen un horario de atención amplio? ¿Responden los fines de semana?

*   **Calidad de las Auditorías Sorpresa:** Como dije antes, depende de quién venga a auditar. Necesito gente con experiencia en el rubro, que entienda de costos, de calidad de servicio, de higiene. Si mandan a un pibe recién egresado, no va a entender la dinámica de mi local y su auditoría no va a ser útil. Además, ¿con qué frecuencia hacen las auditorías? ¿Una vez al mes? ¿Una vez por semana? Si son muy espaciadas, no van a tener un impacto real en la mejora continua.

*   **Veracidad de los Testimonios:** Es muy fácil inventar testimonios o manipularlos. Necesitaría hablar con esos dueños de restaurantes para verificar que realmente tuvieron buenos resultados con este sistema. Si no puedo verificar la autenticidad de los testimonios, entonces no puedo confiar en ellos.

En resumen, la propuesta suena bien en la teoría, pero tiene muchos puntos débiles que pueden hacer que la inversión no valga la pena. Necesitaría más detalles concretos sobre cada uno de estos puntos antes de tomar una decisión.
","Mirá, después de pensarlo bien y ver los números, entiendo que esta propuesta podría darnos una mano para llegar a fin de mes y mantener el negocio a flote. Si bien siempre hay riesgos, creo que vale la pena intentarlo para no quedarnos atrás.

[VOTO: SÍ]
"
Agent_098,ENFP,SÍ,ALTA (Instinto R1),"R1: Mirá, suena bien la propuesta, especialmente lo de ""Libertad Total Garantizada"". A mis años, lo que más valoro es que el negocio funcione solo y yo pueda patear una pelota con los muchachos. Los testimonios de otros dueños que recuperaron tiempo me llaman la atención. La garantía y las auditorías sorpresa me dan confianza, porque sé que los empleados a veces se relajan si uno no está encima. El precio, $200.000, no es barato, pero si realmente me libera tiempo, lo vale.

R2: Analizando la propuesta en detalle:

*   **Manual de Operaciones:** Esencial para estandarizar procesos y delegar tareas. El formato PDF es práctico.
*   **Despegue Presencial:** 3 días de entrenamiento son buenos, siempre y cuando el capacitador sepa del rubro y entienda la idiosincrasia argentina.
*   **Garantía de 30 Días:** Útil para resolver dudas iniciales, pero un mes es poco tiempo para ver resultados concretos.
*   **Seguro de Persistencia:** Las visitas sorpresa son un buen incentivo para mantener el estándar.
*   **Prueba Social:** Los testimonios son importantes, pero habría que verificar que sean reales y no inventados.

En general, la propuesta es completa y aborda varios puntos clave de la gestión de un restaurante. El precio es elevado, pero puede ser justificable si el sistema realmente funciona.

Veredicto: Me genera confianza, necesito tiempo libre para mi.

[VOTO: SÍ]
","A pesar de que la propuesta me genera confianza general, analizando en detalle la parte técnica y de servicio, veo algunos puntos que podrían ser problemáticos:

*   **Manual de Operaciones en PDF:** Si bien es práctico, a mi edad prefiero algo más tangible. ¿Existe la posibilidad de tener una copia física o acceso a un portal web interactivo donde pueda buscar la información más fácilmente? Un PDF puede ser engorroso para consultar rápidamente en medio del barullo del local. Además, ¿el manual está adaptado a las leyes y regulaciones argentinas?
*   **Despegue Presencial de 3 Días:** Solo 3 días me parecen insuficientes para implementar cambios significativos y capacitar al personal. ¿Se ofrece algún tipo de seguimiento o apoyo a distancia luego de los 3 días? ¿Qué pasa si tengo preguntas después de ese tiempo? Además, ¿el capacitador tiene experiencia real en restaurantes argentinos? No es lo mismo la gestión de un restaurante en Europa que acá.
*   **Garantía de 30 Días:** Un mes es muy poco tiempo para juzgar la efectividad real del sistema. Deberían extender la garantía a al menos 90 días para darme tiempo de ver resultados tangibles.
*   **Seguro de Persistencia (Auditorías Sorpresa):** Me preocupa cómo reaccionará mi personal ante las auditorías sorpresa. Si se sienten muy presionados, podría generar un ambiente laboral tenso. ¿Cómo se maneja el feedback de las auditorías? ¿Se da espacio para que el personal exprese sus inquietudes?
*   **Prueba Social (Testimonios):** Como bien dijiste, hay que verificar la veracidad de los testimonios. ¿Puedo hablar directamente con algunos de los dueños mencionados para que me cuenten su experiencia en detalle?
*   **Falta de soporte técnico continuo:** No veo mención a un servicio de soporte técnico continuo. ¿A quién llamo si tengo un problema con el sistema o necesito ayuda adicional? ¿Existe un número de teléfono o correo electrónico dedicado al soporte técnico?

En resumen, la propuesta tiene buenas ideas, pero la implementación parece un poco superficial. Necesitaría más detalles sobre la capacitación, el soporte técnico y la garantía para sentirme completamente cómodo.
","A ver, después de darle vueltas al asunto, considerando mi experiencia y lo que dicen los números... La verdad, estoy indeciso. Por un lado, la inflación me carcome y cualquier cosa que me ayude a proteger el negocio es bienvenida. Por otro, meterse en algo nuevo a esta altura de mi vida... me da un poco de cosa. 

Pero, pensándolo bien y apostando al futuro... [VOTO: SÍ]
"
Agent_011,ESTJ,NO,ALTA,"¡Uff, a ver esta movida de Megan! De toque me suena a algo que te quieren vender como la solución mágica, ¿viste? Pero como soy ESTJ, no me dejo llevar por las emociones, vamos a analizarlo fríamente.

**R1 (Mi instinto de negocio puro):**

$200.000, ¡es una guita! Y más en este país. Me da cosa gastar eso, pero la realidad es que si ando a los saltos apagando incendios todo el tiempo, no puedo pensar en hacer crecer el negocio. Si realmente me libero 15 horas por semana, ¡puedo hacer mil cosas! Pero... ¿será verdad? No quiero que me chamuyen. Los testimonios me tiran un poco, pero como diría mi abuela, ""papelito habla"".

**R2 (Análisis técnico de la propuesta):**

*   **Manual:** Chekclists y protocolos, suena bien. Pero hay que ver si son realmente aplicables a mi local. Si son genéricos, no sirven.
*   **Despegue Presencial:** Tres días intensivos, ok. Pero ¿quiénes vienen? ¿Son gente que realmente sabe del rubro o puro chamuyo? Acá hay que hilar fino.
*   **Garantía WhatsApp:** Esto me gusta, tener a alguien ahí para sacarme las dudas de toque es clave. El primer mes es fundamental.
*   **Seguro de Persistencia:** Lo de las visitas sorpresa me hace ruido. ¿Van a venir con la boleta después? ¿O realmente lo hacen para que funcione el sistema? Hay que ver la letra chica.
*   **Prueba Social:** Los testimonios, como dije, no me convencen del todo. Necesito más pruebas concretas.

**Veredicto:**

Che, la verdad es que después de analizarlo, me da cosa gastar esa guita sin saber si me va a servir posta. Tengo miedo de clavarme. Si me mostrasen casos reales de gente como yo, ahí me animaría más. Por ahora, paso.

[VOTO: NO]
","Ok, analizando la propuesta técnica y de servicio de Megan, desde la perspectiva de mi personaje, veo varias áreas que generarían dudas y potenciales fallas:

*   **Manual con Checklists y Protocolos:** Como dije antes, la clave está en la aplicabilidad. ¿Qué tan personalizados son esos checklists y protocolos? Si son demasiado genéricos, me veo teniendo que adaptarlos completamente a mi negocio, lo cual anula parte del beneficio. Necesitaría ver ejemplos concretos de checklists y protocolos para restaurantes similares al mío. Preguntaría: ""¿Pueden mostrarme un ejemplo de un checklist para control de higiene en una cocina de restaurante de parrilla? ¿O un protocolo de atención al cliente para un bar con happy hour?"". La falta de especificidad es una falla importante.

*   **Despegue Presencial:** La calidad de los consultores es crucial. ¿Qué experiencia real tienen en el rubro gastronómico? ¿Han trabajado con restaurantes similares al mío en tamaño y tipo de cocina? Necesitaría saber quiénes son las personas que darán el curso, su trayectoria, y si tienen referencias de otros clientes. La falta de información sobre la experiencia y expertise de los consultores es una falla.

*   **Garantía WhatsApp:** Si bien la idea del soporte rápido es buena, la efectividad dependerá de la velocidad de respuesta y la calidad de las soluciones. ¿Qué tan rápido responden? ¿Tienen personal técnico y de soporte disponible en horarios críticos (viernes y sábados por la noche)? ¿O me van a responder al día siguiente? Necesitaría entender mejor el SLA (Acuerdo de Nivel de Servicio) de esa garantía. Una respuesta lenta o soluciones vagas serían una falla muy grande.

*   **Seguro de Persistencia:** Las visitas sorpresa, si no están bien explicadas, generan desconfianza. ¿Cuál es el propósito de esas visitas? ¿Simplemente detectar fallas o también ofrecer soluciones y capacitaciones en el momento? ¿Quiénes realizan las visitas? ¿Están capacitados para dar feedback constructivo y ayudar a implementar mejoras? Si las visitas se perciben como un control policial en lugar de una ayuda, sería una falla.

*   **Prueba Social:** Los testimonios genéricos no son suficientes. Necesitaría ver casos de éxito específicos de restaurantes similares al mío. Idealmente, poder hablar con otros dueños que hayan usado el sistema y escuchar sus experiencias de primera mano. La falta de referencias concretas y verificables es una falla.

En resumen, la propuesta técnica y de servicio parece atractiva en la superficie, pero carece de la especificidad y el nivel de detalle necesarios para convencerme de su valor real. Hay demasiadas preguntas sin respuesta sobre la aplicabilidad, la calidad y la efectividad de las diferentes partes del servicio. Ese es el gran problema, la falta de CONCRECIÓN.
","Teniendo en cuenta mi instinto y el análisis técnico, y considerando el difícil momento económico que estamos viviendo los gastronómicos en Argentina, mi veredicto es...

[VOTO: NO]

Necesitaría ver un plan de implementación mucho más detallado que demuestre cómo realmente vamos a aumentar las ganancias y reducir costos. El miedo a no llegar a fin de mes es demasiado grande como para arriesgarme con algo que no me convenza al 100%. Si me garantizara un retorno de la inversión tangible y rápido, quizás lo consideraría. Pero en este contexto, prefiero ser cautelosa.
"
Agent_071,ENFP,SÍ,DUDOSO,"¡Uf, esto parece un chamuyo interesante! A ver, te tiro mi evaluación como dueña de restaurante que reniega con la inflación y la inseguridad, pero que le gusta jugar al fútbol 5 para despejarse.

**R1 (Instinto de negocio puro):**

Che, la idea de ""Libertad Total"" me suena a música celestial. ¿Quién no quiere sacarse laburo de encima y tener más tiempo? Los testimonios de los otros dueños que recuperaron horas me dan esperanza, es como escuchar a un buen amigo que ya probó la birra y te dice que vale la pena. 200 lucas duelen con esta inflación, pero si realmente me libero, las recupero rapidito. La garantía y las auditorías parecen buenas, pero... ¿será todo tan lindo como lo pintan?

**R2 (Análisis técnico de la propuesta):**

A ver, analicemos:

*   **Manual de Operaciones Blindado:** Suena bien, pero necesito ver la letra chica. ¿Es realmente adaptable a mi restaurant o es un copy-paste genérico?
*   **Despegue Presencial (3 días):** Valoro la presencia física. Tres días intensivos pueden hacer la diferencia, pero ¿el tipo de Megan realmente entiende mi negocio?
*   **Garantía de 30 Días (WhatsApp):** Okay, la auditoría diaria es clave para ver si funciona. Pero, ¿qué onda la respuesta del WhatsApp? ¿Me van a contestar al toque o me clavan el visto?
*   **Seguro de Persistencia (2 visitas sorpresa):** Esto me da un poco más de confianza. Que vuelvan a chequear que todo siga en orden habla bien del compromiso.
*   **Prueba Social (3 testimonios):** Necesito investigar un toque más. ¿Quiénes son esos dueños? ¿Sus restaurantes se parecen al mío?

**Veredicto:**

Mmm, la propuesta es tentadora. El tema de la ""libertad"" me tienta mucho, pero desconfío. Si los testimonios son posta y el sistema es flexible, puede ser un buen negocio. Pero, como dice mi abuela, ""nadie regala nada"". Tengo que investigar más antes de poner la guita.

[VOTO: NO]
","Okay, perfecto. Analicemos las fallas en la propuesta técnica y de servicio:

**1. Manual de Operaciones Blindado: La Adaptabilidad es Clave**

*   **Falla:** La propuesta menciona un ""manual blindado,"" pero no especifica el grado de personalización. Un restaurante es un ecosistema único. Si el manual es genérico, requerirá una inversión de tiempo y dinero adicional para adaptarlo a mi menú específico, procesos de cocina, idiosincrasia del personal y hasta el ambiente del salón. La pregunta clave es: ¿cuánto del trabajo de creación del manual recae en mí? Debería haber una etapa de customización profunda.

**2. Despegue Presencial (3 días): ¿Es Suficiente Tiempo... y con la Persona Correcta?**

*   **Falla:** Tres días pueden no ser suficientes para empapar a todo el personal con los nuevos procedimientos. Especialmente si tengo empleados con años en el rubro, que suelen ser resistentes al cambio. Además, la efectividad depende de la persona que lidere el ""despegue"". ¿Megan tiene experiencia real en mi tipo de cocina y servicio? ¿Entiende las particularidades de una parrilla argentina, por ejemplo? Necesito más información sobre la capacitación y experiencia de Megan.

**3. Garantía de 30 Días (WhatsApp): La Respuesta Inmediata es Crítica**

*   **Falla:** Depender exclusivamente de WhatsApp para la garantía de 30 días es riesgoso. En la vorágine de un restaurante, la comunicación debe ser ágil y eficiente. Un problema en el turno del mediodía requiere una solución inmediata, no una respuesta horas después. Debería haber un canal de comunicación más directo y rápido, como una línea telefónica dedicada con soporte técnico. Un call center sería ideal.

**4. Seguro de Persistencia (2 visitas sorpresa): ¿Suficiente para Asegurar la Consistencia?**

*   **Falla:** Dos visitas sorpresa pueden no ser suficientes para garantizar la implementación a largo plazo. El personal puede estar en alerta máxima durante la visita y relajar las normas el resto del tiempo. Debería haber un sistema de seguimiento continuo, tal vez con auditorías remotas (videollamadas) o un canal para que los empleados puedan reportar problemas o dudas sin temor a represalias.

**5. Prueba Social (3 testimonios): La Falta de Profundidad en la Información**

*   **Falla:** Los testimonios son útiles, pero necesitan más contexto. ¿Qué problemas específicos solucionaron? ¿En qué aspectos mejoró su rentabilidad? ¿Qué desafíos encontraron durante la implementación? Necesito estudios de caso más detallados, con datos concretos y métricas medibles. Un video corto de cada dueño hablando sobre su experiencia sería más persuasivo.

**En Resumen:** La propuesta suena bien en la superficie, pero carece de detalles cruciales sobre la personalización, el soporte técnico y el seguimiento a largo plazo. La clave está en la letra chica y en la capacidad del servicio para adaptarse a las particularidades de mi restaurante.
","Okay, considerando mi instinto (que tiende a la innovación y a buscar soluciones creativas, aunque a veces me haga dudar la practicidad) y el análisis técnico (que me obliga a ser realista y evaluar el impacto en el negocio, especialmente ante la incertidumbre económica), llego a un veredicto final.

La propuesta, en términos generales, tiene potencial. Veo valor en la digitalización y en la optimización de procesos, sobre todo para combatir la inflación y mejorar márgenes. Sin embargo, dada la volatilidad económica actual y mi aversión al riesgo exacerbada por el reciente divorcio y la preocupación por la situación del país, necesito estar **EXTREMADAMENTE** segura del retorno de la inversión.

Si la propuesta detalla **claramente** cómo se traduce en ahorro directo, aumento de la facturación (más allá de la simple promesa) y minimiza el riesgo de implementación (costos ocultos, curva de aprendizaje empinada), puedo considerar seriamente dar el paso. De lo contrario, prefiero mantenerme cautelosa.

[VOTO: NO], **por ahora, hasta tener más información y garantías concretas.** Necesito que la propuesta me convenza de que es una inversión segura y rentable en el contexto actual.
"
Agent_003,ESFP,NO,DUDOSO,"¡Uf, a ver, esto suena interesante, pero tengo que ver la letra chica antes de largar la tarasca!

*   **R1 (Tu instinto de negocio puro):** Me copa la idea de delegar más y tener menos quilombos, eso de recuperar 15 horas por semana suena a gloria. La verdad que laburo como un burro y necesito tiempo para mí y para hacer crecer el negocio posta. ¡Pero 200 lucas! ¡Es una bocha! Más vale que funcione de verdad.

*   **R2 (Análisis técnico de la propuesta):** El manual blindado me parece una buena base, pero ¿será adaptable a mi restaurante? Tres días de entrenamiento intensivo está bueno, pero necesito saber quién viene y si realmente entiende mi negocio. La garantía de 30 días con auditoría diaria me da confianza, pero ¿después qué? Las visitas sorpresa son un buen incentivo para que el equipo no se relaje, pero dos visitas en dos meses... ¿será suficiente? Los testimonios suenan bien, pero quiero hablar con esos dueños cara a cara para ver si es cierto. En resumen: me da un poco de cosa que sea tan ""enlatado"". Necesito ver más personalización.

*   **Veredicto:** Me genera dudas el precio y la falta de personalización. Lo ideal sería tomar un café con Megan y que me cuente bien cómo lo adaptarían a mi restaurante, porque si no, me parece mucha guita al cuete.

[VOTO: NO]
","Okay, analizando la propuesta técnica y de servicio, y dejando de lado el factor precio y la economía, veo las siguientes áreas de mejora:

*   **Adaptabilidad del ""Manual Blindado"":** Mi restaurante es único. ¿Cómo se asegura que ese manual genérico se adapte a mis procesos, a mi menú, a mi estilo de servicio y a la idiosincrasia de mi equipo? Necesito ver ejemplos concretos de cómo se personaliza el manual para diferentes tipos de restaurantes.
*   **Calidad y Experiencia del Entrenador:** Tres días de entrenamiento intensivo suenan bien, pero ¿quién imparte el entrenamiento? ¿Tiene experiencia real en restaurantes como el mío? ¿Entiende los desafíos específicos del mercado argentino? Necesito conocer la trayectoria y especialización del entrenador para confiar en que el equipo realmente va a aprender algo útil.
*   **Alcance de las Visitas Sorpresa:** Dos visitas en dos meses me parecen insuficientes. La constancia es clave para mantener los estándares. Sugeriría un programa de visitas más frecuente o, idealmente, un sistema de seguimiento continuo (aunque sea virtual) para poder identificar problemas antes de que se conviertan en crisis.
*   **Profundidad de la Auditoría Diaria (en los primeros 30 días):** La auditoría es diaria, pero ¿qué aspectos cubre? ¿Solo se enfoca en la implementación del manual o también evalúa la calidad del servicio, la satisfacción del cliente, la higiene, etc.? Necesito entender el alcance de esa auditoría para saber si realmente me está dando una visión completa del funcionamiento del restaurante.
*   **Sostenibilidad Post-Garantía:** La garantía de 30 días y la auditoría diaria son atractivas, pero ¿qué pasa después? ¿Hay un programa de seguimiento, soporte continuo o consultoría opcional para asegurar que los cambios implementados se mantengan a largo plazo? Me preocupa que el equipo se relaje una vez que termina la garantía y volvamos a los viejos hábitos.
*   **Necesidad de Personalización:** La palabra clave es PERSONALIZACIÓN. Todo suena demasiado ""enlatado"". Necesito ver flexibilidad y adaptabilidad a mis necesidades específicas. Si esta propuesta no puede adaptarse a mi restaurante, no me sirve, por más buena que suene en teoría.
","Teniendo en cuenta la situación económica del país, mi aversión al riesgo y la necesidad de proteger mi capital (instinto), pero también reconociendo la importancia de la innovación y la digitalización para la supervivencia de mi negocio (análisis técnico), mi veredicto final es:

Si bien la propuesta presenta oportunidades interesantes a futuro, el contexto actual de alta inflación, inseguridad económica y la falta de claridad en las políticas a largo plazo hacen que sea demasiado arriesgado invertir ahora. Necesito ver mayor estabilidad y un panorama más claro para comprometer mis recursos.

[VOTO: NO]
"
Agent_022,ENTP,NO,DUDOSO,"¡A ver, vamos a analizar esta movida de Megan!

**R1: (Instinto de negocio puro)**

Uff, $200.000... suena salado de entrada. Pero la idea de ""libertad total"" me tienta. Laburo como un perro y a veces pienso que soy el único que puede hacer las cosas bien acá. Si esta mina me garantiza que voy a delegar posta y no voy a tener que andar apagando incendios todo el tiempo, podría valer la pena. Lo de las auditorías sorpresa me da un poco de cosa, ¿será que desconfían de mi equipo? Pero al mismo tiempo, asegura que no se relajan. Los testimonios son clave, quiero ver si es verso o si realmente funciona.

**R2: (Análisis técnico de la propuesta)**

*   **Manual Blindado:** Suena interesante tener todo protocolizado, pero si el manual es un mamotreto que nadie lee, es plata tirada. Tiene que ser práctico y fácil de implementar.
*   **Entrenamiento Presencial:** Tres días intensivos está bueno, pero ¿alcanza para cambiar la mentalidad de todo el equipo? Depende mucho de la predisposición de mi gente.
*   **Garantía WhatsApp:** Me gusta la idea de tener soporte constante al principio. Eso me da seguridad de que no me van a abandonar después de cobrar.
*   **Seguro de Persistencia:** Las auditorías sorpresa son un buen incentivo para mantener el nivel, pero tengo que estar seguro de que Megan tiene el conocimiento y la experiencia para auditar mi restaurante específico. No es lo mismo una parrilla que un café de especialidad.
*   **Prueba Social:** Importantísimo verificar que los testimonios sean reales y de gente con negocios similares al mío. Si son de un franquicia gigante, no me sirve.

**Veredicto:**

La propuesta tiene potencial, pero tengo muchas dudas. Necesitaría hablar con los dueños que dan testimonio para ver si no es puro chamuyo. Además, tendría que saber más sobre la experiencia de Megan con restaurantes como el mío. Así como está, es un riesgo muy grande... ¡Me abstengo!

[VOTO: NO]
","Bien, analicemos las fallas técnicas o de servicio de la propuesta de Megan, basándonos en mi análisis anterior y mi contexto como dueño de restaurante argentino:

*   **Manual Blindado: Falta de Adaptación y Flexibilidad:** El principal problema aquí es que un ""manual blindado"" puede ser demasiado rígido. En un restaurante, especialmente en Argentina, donde la creatividad y la adaptación son clave para sobrevivir a las fluctuaciones del mercado y las preferencias de los clientes, un manual inflexible puede sofocar la innovación y la capacidad de respuesta. Necesitaría saber si el manual es adaptable a las particularidades de mi negocio y cultura local.
*   **Entrenamiento Presencial: Insuficiente y No Personalizado:** Tres días de entrenamiento intensivo pueden ser insuficientes para lograr un cambio real y duradero en la mentalidad y las prácticas del equipo. Además, si el entrenamiento es genérico y no considera las necesidades específicas de mi restaurante (tipo de cocina, estilo de servicio, nivel de digitalización del personal), puede ser una pérdida de tiempo y dinero.
*   **Garantía WhatsApp: Soporte Limitado y Dependiente:** Si bien el soporte por WhatsApp es un buen punto de partida, puede resultar limitado para resolver problemas complejos o urgentes. Un servicio de soporte más completo (llamadas, visitas in situ, etc.) sería más valioso. Además, depender únicamente de WhatsApp genera dependencia y podría no ser suficiente para problemas que requieran una solución más elaborada.
*   **Seguro de Persistencia: Experiencia y Conocimiento Específico:** La auditoría sorpresa es atractiva, pero la clave es la capacidad de Megan para entender las particularidades de mi restaurante. Necesito saber si tiene experiencia real en mi tipo de negocio y si conoce los desafíos específicos que enfrentamos los restaurantes en Argentina. Una auditoría superficial o basada en criterios genéricos no aportaría valor.
*   **Prueba Social: Relevancia y Autenticidad:** Verificar la autenticidad de los testimonios es crucial, pero también lo es su relevancia. Necesito ver ejemplos de éxito en restaurantes similares al mío en términos de tamaño, tipo de cocina, ubicación y nivel de digitalización. Si los testimonios son de franquicias grandes o negocios muy diferentes, no me darán una idea precisa de los resultados que puedo esperar.

En resumen, las principales fallas técnicas de la propuesta de Megan son la falta de adaptación, la insuficiencia del entrenamiento, las limitaciones del soporte, la necesidad de experiencia específica en mi tipo de restaurante y la importancia de testimonios relevantes y auténticos. La propuesta parece enfocada en una solución genérica, lo que la hace poco atractiva para un dueño de restaurante argentino que busca resultados concretos y personalizados.
","Bien, después de darle una buena pensada (R1) y analizar los números (R2), mi conclusión es la siguiente:

La propuesta tiene potencial, veo aspectos valiosos que podrían ayudar a mi negocio a mejorar la rentabilidad, pero también percibo algunos riesgos importantes. El miedo a no llegar a fin de mes siempre está latente y cualquier decisión debe apuntar a aliviar esa angustia, no a incrementarla.

Si bien me entusiasma la idea de modernizar y quizá digitalizar un poco más el negocio para atraer a nueva clientela, me preocupa la inversión inicial y el retorno a mediano plazo. Necesitaría ver un caso de éxito más concreto y un apoyo más personalizado para sentirme del todo seguro.

**[VOTO: NO]** (por ahora). Necesito más información y garantías antes de tomar una decisión.
"
Agent_054,ESFP,NO,DUDOSO,"¡A ver, vamos a analizar esto con ojo de buey! Acá va mi radiografía de esta propuesta de ""Megan - Libertad Total Garantizada"":

**R1 (Instinto de Negocio Puro):**

Che, la idea de recuperar tiempo suena genial. ¿Quién no quiere sacarse laburo de encima? Tres días de entrenamiento intensivo en el local suena bien, pero me preocupa que después se diluya todo. La parte de los testimonios suma, pero quiero ver caras reales y escuchar historias con nombre y apellido, no algo genérico. El precio... dos gambas... hay que ver si justifica la inversión.

**R2 (Análisis Técnico de la Propuesta):**

*   **Manual de Operaciones Blindado:** Suena bien en teoría, pero ¿qué tan adaptable es a mi negocio? Cada restaurante es un mundo.
*   **Despegue Presencial:** Tres días intensivos pueden ser útiles, pero necesitan un seguimiento real.
*   **Garantía de 30 Días:** El WhatsApp suena práctico, pero ¿quién lo atiende? ¿La misma Megan o un asistente?
*   **Seguro de Persistencia:** Las auditorías sorpresa son clave. Eso marca la diferencia entre un resultado temporal y un cambio real. Si están incluídas en el precio, es un golazo.
*   **Prueba Social:** Necesito más detalles. ¿Qué tipo de restaurantes? ¿Qué problemas tenían? ¿Cómo los solucionaron?

En resumen: Me genera dudas el valor real a largo plazo y si es un traje hecho a medida o un disfraz.

**Veredicto:**

Si bien la propuesta inicial genera curiosidad, necesito más información para saber si el sistema es adaptable a mi negocio en particular.

[VOTO: NO]
","Bien, analizando la propuesta de ""Megan - Libertad Total Garantizada"" *exclusivamente* desde una perspectiva técnica y de servicio, encuentro las siguientes posibles fallas:

*   **Manual de Operaciones Blindado: ¿Realmente Blindado?** La efectividad de un manual de operaciones depende de su nivel de detalle, claridad y *adaptabilidad*. Un error común en este tipo de manuales es que sean genéricos y no contemplen las particularidades de cada negocio. Necesitaría saber si el manual incluye ejemplos concretos aplicables a mi tipo de restaurante y situaciones comunes que enfrento.
*   **Despegue Presencial: Sostenibilidad Post-Intensivo.** Tres días intensivos pueden generar un impulso inicial, pero la clave está en la *sostenibilidad* del cambio. ¿Qué estrategias de seguimiento y refuerzo ofrecen *después* de esos tres días? ¿Cómo se aseguran de que mi equipo internalice los nuevos procesos y los aplique consistentemente?
*   **Garantía de 30 Días: Capacidad de Respuesta y Resolución.** La garantía de 30 días con soporte por WhatsApp suena atractiva, pero *¿quién* está detrás de ese WhatsApp? ¿Tienen la capacidad de responder rápidamente a mis consultas y ofrecer soluciones efectivas a mis problemas? ¿En qué plazos responden? ¿Qué tipo de problemas pueden resolver?
*   **Seguro de Persistencia: Frecuencia y Profundidad de las Auditorías.** Las auditorías sorpresa son valiosas, pero la *frecuencia* y la *profundidad* son cruciales. ¿Con qué frecuencia se realizan las auditorías? ¿Qué aspectos evalúan durante las auditorías? ¿Me entregan un informe detallado con recomendaciones específicas basadas en los resultados de cada auditoría?
*   **Prueba Social: Relevancia y Detalle de los Testimonios.** Los testimonios son una herramienta de marketing útil, pero su *relevancia* depende de la similitud entre los negocios que los ofrecen y el mío. Necesito información detallada sobre los restaurantes que han utilizado el sistema de Megan: tipo de cocina, tamaño, ubicación, problemas específicos que enfrentaban y resultados concretos que obtuvieron. Los testimonios genéricos no me convencen.
*   **Falta de Personalización Diagnóstica:** Antes de empezar, no veo una etapa de diagnóstico profundo de mi negocio actual. ¿Cómo saben qué aspectos necesitan ser mejorados *específicamente* en mi restaurante? ¿Cómo adaptan su sistema a mis necesidades y desafíos particulares? Si no hay este análisis, siento que es un traje prefabricado.

En resumen, mi principal preocupación técnica es la *adaptabilidad*, la *sostenibilidad* y la *profundidad* del servicio. Necesito estar seguro de que el sistema de Megan se ajusta a mi restaurante, genera cambios duraderos y ofrece un soporte técnico real y efectivo. Si no hay garantías en estos aspectos, la inversión no vale la pena.
","Bueno, después de darle vueltas al asunto y sopesar tanto mi intuición como los números concretos, llego a una conclusión. La verdad, el miedo a que la inflación me coma los márgenes y la incertidumbre económica general me pesan muchísimo. A pesar de las posibles ventajas técnicas que pueda tener la propuesta, no puedo ignorar esa sensación en la boca del estómago.

[VOTO: NO]
"
Agent_049,ESTP,SÍ,ALTA (Instinto R1),"¡Uf, a ver esta movida! Suena interesante, pero tengo que ver si realmente me sirve para el quilombo que tengo en el local.

**R1 (Tu instinto de negocio puro):** De entrada, me gusta la idea de delegar y recuperar tiempo. ¡Laburo como un burro! Si realmente me ayuda a sacarme de encima el día a día y dejar al equipo más canchero, vale la pena escuchar. El precio me parece salado, pero si funciona... es guita bien invertida. Lo que me da cosa es que sea todo teórico y después no se aplique en la práctica.

**R2 (Análisis técnico de la propuesta):**
*   **Manual:** Checklists y protocolos, bien. Pero ¿son adaptables a mi locura de menú y proveedores?
*   **Despegue Presencial:** Tres días de entrenamiento intensivo, suena bien, pero ¿realmente captan la idiosincrasia de mi personal?
*   **Garantía WhatsApp:** Me gusta la idea del acompañamiento al principio, pero ¿qué tan rápido responden? Necesito soluciones, ¡no más burocracia!
*   **Seguro de Persistencia:** ¡Esto es clave! Las visitas sorpresa son un buen incentivo para que el equipo no se relaje. Pero, ¿qué pasa si las correcciones implican más costos? Tiene que estar claro.
*   **Prueba Social:** Los testimonios suman, pero necesito ver resultados concretos. Quiero hablar con esos dueños y preguntarles posta cómo les cambió la vida el sistema.
    *   **Precio:** Mucha guita, ¡pero si me ahorra 15 horas por semana! y mi equipo anda mejor...

**Veredicto:** Necesito indagar más. Voy a buscar a esos dueños que mencionan y hacerle un par de preguntas. Si me convencen las referencias, le doy una chance. Pero si veo chamuyo, ¡paso!

[VOTO: SÍ] (con reservas)
","¡A ver, vamos a diseccionar esta movida como si fuera un plato quemado! Me parece que la propuesta tiene algunos puntos flojos que me hacen ruido, dejando de lado el tema del precio.

*   **Manual:** Que sea adaptable es CLAVE, pero me preocupa la generalidad. Mi menú es particular, mis proveedores a veces son un caos, y adapto recetas sobre la marcha. ¿El manual se banca esa flexibilidad o me va a obligar a cambiar todo? ¡Prefiero seguir con mi ""quilombo organizado""!
*   **Despegue Presencial:** Tres días pueden ser insuficientes para mi equipo, que incluye desde el bartender con experiencia hasta el lavacopas recién llegado. ¿Cómo van a nivelar la capacitación? ¿Van a tener diferentes módulos o va a ser un ""talle único""? Si la capacitación no es personalizada, va a haber gente que se aburra y otra que no entienda nada. ¡Y encima pierdo días de laburo!
*   **Garantía WhatsApp:** La rapidez es fundamental. Pero, ¿tienen un horario de atención definido? ¿Hay un tiempo máximo de respuesta? Si tengo un problema a las 10 de la noche en pleno servicio y me contestan al día siguiente, ¡estamos fritos! Necesito una solución en el momento, no después.
*   **Seguro de Persistencia:** Las visitas sorpresa suenan bien, pero ¿quién las hace? ¿Es alguien con experiencia en restaurantes como el mío, o un consultor genérico que aplica la misma fórmula a todos? Si no entienden mi dinámica, las correcciones pueden ser irrelevantes o incluso contraproducentes. Además, ¿qué tipo de ""correcciones"" implican costos? ¿Tengo que pagarles para implementar sus ideas? ¡Ahí sí que prendo fuego todo!
*   **Prueba Social:** Los testimonios son importantes, pero necesito ver números concretos. ¿A cuántos restaurantes realmente les funcionó el sistema? ¿Aumentaron las ventas, redujeron los costos, mejoraron la satisfacción del cliente? ¡Quiero datos duros, no solo palabrerío lindo!
*   **GAPS DE LA PROPUESTA:**
    *   **Escalabilidad:** Si mi negocio crece, ¿el sistema crece conmigo? ¿Tengo que pagar más para adaptar el manual y los protocolos a nuevas situaciones?
    *   **Integración:** ¿Se integra con mi sistema de gestión actual (si lo tengo)? ¿O tengo que usar una plataforma aparte y duplicar el trabajo?
    *   **Actualización:** ¿Se actualiza el manual con el tiempo? ¡Las tendencias cambian, los platos se modifican, los proveedores varían! Necesito un sistema que evolucione conmigo, no que se quede estancado en el tiempo.

En resumen, la propuesta tiene buena pinta en la teoría, pero necesito asegurarme de que sea realmente adaptable a mi realidad y que me ofrezca soluciones concretas, no solo un manual bonito y unas visitas sorpresa. Si no, ¡prefiero seguir con mi quilombo, que al menos ya lo conozco!
","Ok, después de evaluar mi reacción inicial y analizar los aspectos técnicos, necesito más información específica sobre la propuesta para dar un veredicto final. 

**Necesito saber de qué propuesta estamos hablando!** Para poder sintetizar una opinión comercial útil, necesito entender:

*   **¿De qué se trata la propuesta?** (Ej: software de gestión, campaña de marketing digital, cambio en la carta, expansión a un nuevo local)
*   **¿Cuáles son los beneficios concretos que ofrece?** (Ej: aumentar la eficiencia, atraer más clientes, reducir costos)
*   **¿Cuál es la inversión requerida?** (Importante, ¡con la inflación que tenemos!)
*   **¿Cómo se alinea con mis prioridades actuales?** (¿Ataca mi miedo a la inflación y la inseguridad económica?)

Sin estos datos, mi veredicto sería puramente aleatorio. Por favor, dame más contexto para que pueda darte una respuesta significativa con un [VOTO: ...].
"
Agent_074,ISTP,SÍ,DUDOSO,"¡Uff, a ver, a ver! De entrada, suena tentador eso de ""Libertad Total"" y ""recuperar horas"". ¡Quién no quiere eso en este rubro!

**R1 (Instinto puro):** $200.000 es un montón de guita. Pero si de verdad me liberan de quilombos y puedo delegar posta, ponele... Habría que ver si es chamuyo o si realmente da resultado. Tres días de capacitación y auditorías sorpresa... Suena bien, pero ¿será que mi equipo le pone onda? Me intriga.

**R2 (Análisis técnico):**

*   **Manual:** Checklists y protocolos, si están bien hechos, pueden servir. Pero la crisis siempre te agarra desprevenido.
*   **3 días presencial:** ¡Importantísimo! Ver cómo laburan en vivo y en directo. Ahí se ve la posta.
*   **Garantía WhatsApp:** Buena idea para el arranque. Pero un mes vuela.
*   **Visitas sorpresa:** Esto me copa. Es como ""los reyes magos"", tiene su magia, y sirve para presionar al equipo a que no se relaje.
*   **Prueba social:** Tres testimonios es poco. ¡Quiero ver más! Y que sean de lugares parecidos al mío.

**Veredicto:** Me tira un poco para atrás el precio, pero la idea de las auditorías sorpresa y la garantía inicial me dan un poquito de confianza. Necesitaría hablar con esos dueños que mencionan para escuchar de primera mano su experiencia. Pero... mmm... ¡Voy a arriesgarme!

[VOTO: SÍ]
","Okay, analicemos las fallas técnicas o de servicio que veo en la propuesta, independientemente del precio o la situación económica:

*   **Manual (Checklists y protocolos):** Un manual genérico puede no ser suficiente para la idiosincrasia de MI restaurante. Cada lugar es un mundo, y las situaciones específicas varían mucho. Si los checklists no están adaptados a mi menú, mi tipo de servicio, mi clientela, etc., entonces son papel mojado.
*   **3 días presencial:** Tres días pueden ser insuficientes para capacitar a todo el personal Y para interiorizarse del funcionamiento específico de MI negocio. Dependiendo del tamaño del equipo y la complejidad de las operaciones, es probable que sea un tiempo de capacitación demasiado corto.
*   **Garantía WhatsApp:** Si bien es bueno tener un canal de comunicación directo, depender exclusivamente de WhatsApp para soporte técnico es limitante. ¿Qué pasa si la consulta requiere algo más complejo que un simple mensaje? ¿Hay un tiempo de respuesta garantizado? ¿Qué tan especializados son los que responden por WhatsApp?
*   **Visitas sorpresa:** Si bien la idea motiva, el valor de las visitas sorpresa depende de la CAPACIDAD del auditor. ¿Qué criterios utilizan para evaluar? ¿Están capacitados para identificar problemas específicos de MI negocio? ¿Solo buscan fallas o también proponen soluciones concretas? Si la auditoría no es profunda y constructiva, entonces no sirve de mucho.
*   **Prueba social:** Tres testimonios son insuficientes. Necesito más casos de éxito, y que sean de negocios SIMILARES al mío. Saber que funcionó en un bar de copas no me dice nada sobre si funcionará en mi parrilla familiar.
*   **Falta de personalización:** La propuesta suena genérica. No veo que se ofrezca una adaptación específica a las NECESIDADES de mi restaurante. Si el servicio no se adapta a mi realidad, entonces no va a ser efectivo.
*   **Falta de claridad en las métricas de éxito:** ¿Cómo se mide el ""aumento de la libertad"" del dueño? ¿Cómo se traduce esa libertad en números (porcentaje de tiempo libre, aumento de ingresos...)? La falta de métricas claras dificulta evaluar el retorno de la inversión.
*   **Riesgo de dependencia:** ¿Qué pasa después del mes de garantía? ¿Quedo ""enganchada"" a la consultora para mantener los resultados? ¿Hay un plan para que mi equipo pueda internalizar los conocimientos y protocolos a largo plazo?

En resumen, la propuesta tiene potencial, pero le falta especificidad, profundidad y garantías de que se adapte realmente a las necesidades de MI restaurante.
","Bueno, después de darle vueltas y ver los números, mi veredicto final es...

Este mes viene complicado para todos, y la verdad, el bolsillo no está para muchos experimentos. Aunque la idea tiene potencial, y entiendo los beneficios que se podrían ver a largo plazo, ahora mismo me da mucho miedo arriesgar lo poco que tengo a algo incierto. Priorizo mantener a flote el negocio y asegurarme que mis empleados cobren. 

[VOTO: NO]
"
Agent_040,INTP,SÍ,ALTA (Instinto R1),"¡Uff, a ver qué onda esta movida!

**R1 (Instinto de Negocio Puro):** De una, suena tentador. Laburo a full siempre y la idea de sacarme horas de encima es como música para mis oídos. El tema es... ¿será verdad? ¿Valdrá la pena el riesgo? Acá lo que me preocupa es que prometan demasiado. Igual, la idea de que otro controle a mi equipo y me blinde las operaciones me seduce, no te voy a mentir.

**R2 (Análisis Técnico):**

*   **Manual:** Me sirve, pero ¿será realmente útil y adaptable a mi restaurante? ¿O es un copy-paste de manuales genéricos?
*   **Despegue Presencial:** Tres días está bien, pero necesito gente que entienda mi negocio, no un consultor de manual.
*   **Garantía WhatsApp:** Esto me da confianza. La auditoría diaria es un golazo.
*   **Seguro de Persistencia:** Dos visitas sorpresa, bueno, es un buen incentivo para que mi equipo se ponga las pilas.
*   **Prueba Social:** ¡Ahí va! Necesito saber quiénes son esos dueños y hablar con ellos. Si son de mi onda y les funcionó, suma puntos.

**Veredicto:** A ver, el precio me parece un poco salado, pero si realmente me devuelve tiempo y me organiza el quilombo que tengo, lo vale. Ahora, necesito chequear esos testimonios. Si son reales y dicen que les cambió la vida, me arriesgo.

[VOTO: SÍ]
","Ok, analizando la propuesta puramente desde la perspectiva técnica y del servicio, sin considerar el contexto económico general, encuentro algunas fallas potenciales que me generarían dudas:

1.  **Manual: ""¿Será realmente útil y adaptable a mi restaurante? ¿O es un copy-paste de manuales genéricos?""**: Este es un punto crucial. Un manual genérico sería casi inútil. Mi restaurante tiene particularidades únicas (menú específico, clientela habitual, dinámicas internas). ¿El manual se personalizará a mi operación concreta, con ejemplos y soluciones a problemas que **yo** enfrento? Preguntaría específicamente por el proceso de personalización del manual y si puedo ver un ejemplo adaptado a un restaurante similar al mío.
2.  **Despegue Presencial: ""Necesito gente que entienda mi negocio, no un consultor de manual.""**: Tres días pueden sentirse insuficientes para comprender la idiosincrasia de mi restaurante. ¿Quiénes son estas personas? ¿Tienen experiencia real en operaciones de restaurantes similares al mío? ¿Entienden las complejidades específicas de la cocina argentina, el manejo de proveedores locales, etc.? Más que la cantidad de días, me preocupa la *calidad* de la capacitación y la *experiencia* del personal que la imparte. Necesito saber si son ""gente de restaurante"", no solo consultores teóricos.
3.  **Garantía WhatsApp: ""La auditoría diaria es un golazo""**: Depende. ¿Quién realiza la auditoría? ¿Es un sistema automatizado basado en checklists superficiales, o una persona con criterio que puede detectar problemas reales y proponer soluciones creativas? La auditoría diaria suena bien, pero si no es *inteligente* y *contextualizada*, puede generar más ruido que soluciones. ¿Cómo se manejan las situaciones excepcionales o inesperadas que surgen en un restaurante?
4.  **Seguro de Persistencia: ""Dos visitas sorpresa, bueno, es un buen incentivo para que mi equipo se ponga las pilas""**: Dos visitas podrían ser un detonante de tensión en el equipo y generar comportamientos artificiales solo para esos días. ¿No sería mejor un programa de seguimiento y feedback continuo, más que visitas ""sorpresa""? El enfoque debería ser ayudar al equipo a mejorar *constantemente*, no solo a rendir bien en momentos puntuales.
5.  **Prueba Social: ""Necesito saber quiénes son esos dueños y hablar con ellos""**: Este es el punto más importante. Sin testimonios creíbles y verificables, toda la propuesta pierde valor. ¿Qué tipo de restaurantes han usado este servicio con éxito? ¿Están en mi zona? ¿A qué desafíos los ayudó a superar? Necesito *hablar* con esos dueños, no leer un par de frases marketineras en una página web.
6.  **Falta un plan de contingencia:** ¿Qué pasa si la persona asignada a mi restaurante se enferma, renuncia o se va de vacaciones? ¿Hay un protocolo de reemplazo para asegurar la continuidad del servicio?
7.  **Claridad en las métricas:** ¿Cómo miden el éxito del servicio? ¿Qué KPIs (Indicadores Clave de Rendimiento) utilizarán para demostrar que realmente me están devolviendo tiempo y optimizando operaciones? Necesito datos concretos, no solo promesas vagas.

En resumen, la propuesta tiene potencial, pero necesita más detalles y garantías específicas para convencerme de que no es solo ""humo"". La personalización, la experiencia del personal, la calidad de las auditorías y los testimonios son cruciales.
","Considerando mi instinto inicial y el análisis técnico que realicé, donde visualizo potencial pero también riesgos significativos inherentes a un contexto económico inestable y una competencia feroz, procedo a dar mi veredicto final.

[VOTO: SÍ]

Justificación: A pesar de la angustia que me genera la inflación y la inseguridad económica, veo que la propuesta, bien implementada y con los ajustes necesarios, podría ofrecer un valor diferencial en un mercado que busca constantemente novedades y mejoras. El sí está condicionado a una exhaustiva planificación, un control de costos riguroso y una estrategia de marketing efectiva. Es crucial tener un plan de contingencia sólido para mitigar los riesgos asociados a la volatilidad económica argentina.
"
Agent_070,INTJ,NO,DUDOSO,"¡Uff, a ver esta movida de Megan!

**R1 (Instinto puro):** $200.000... De entrada, me parece salado, pero la promesa de ""libertad total"" me tienta. Laburo como un burro y a veces siento que soy el único que puede hacer las cosas bien. Los testimonios de otros dueños que recuperaron tiempo, ¡eso me habla directo al corazón! Ahora, ¿será verso o posta?

**R2 (Análisis técnico):**

*   **Manual Blindado:** Los check-lists y protocolos son clave. Si están bien hechos, ayudan a delegar.
*   **Despegue Presencial:** 3 días de entrenamiento intensivo suena bien, pero depende de qué tan copado sea el training y si mi equipo lo absorbe.
*   **Garantía de 30 días:** El WhatsApp diario es un golazo. Necesito soporte real al principio.
*   **Seguro de Persistencia:** Las auditorías sorpresa... ¡me encantan! Eso asegura que no se caiga todo al mes.
*   **Prueba Social:** Los testimonios suman, pero quiero saber si son de negocios parecidos al mío y gente real.

**Veredicto:** La propuesta tiene cosas interesantes, como las auditorías sorpresa y el soporte de WhatsApp. Pero $200.000 es un montón. Necesitaría ver el manual y los testimonios a fondo antes de poner tanta guita sobre la mesa. Si veo que es posta y que le sirve a otros como yo, ahí sí me animo. Por ahora...

[VOTO: NO]
","Okay, enfocándome estrictamente en las fallas técnicas y de servicio de la propuesta de ""Megan"", desde mi perspectiva como dueña de restaurante con mentalidad INTJ y enfoque en la eficiencia:

*   **Falta de Especificidad en el Manual Blindado:** Decir ""check-lists y protocolos"" es vago. Necesito ver ejemplos concretos de cómo el manual aborda problemas específicos *de mi tipo de negocio* (parrilla, cafetería de especialidad, etc.). ¿Tiene secciones dedicadas a la gestión de inventario, control de calidad de alimentos, manejo de quejas, o es un manual genérico que no se adapta a las particularidades de mi local?

*   **Opacidad en el ""Despegue Presencial"":** Tres días de entrenamiento intensivo es bueno, pero ¿quién lo imparte? ¿Tienen experiencia real en el rubro gastronómico o son consultores que nunca pisaron una cocina en hora pico?  ¿El entrenamiento se adapta a los distintos roles del personal (cocineros, camareros, encargados)? ¿Incluye ejercicios prácticos o es pura teoría aburrida?

*   **Soporte WhatsApp Limitado:**  El ""WhatsApp diario"" es una promesa, pero ¿quién está del otro lado respondiendo? ¿Es un equipo de soporte real, o es un bot que responde con frases predefinidas? ¿En qué horario está disponible? ¿Qué tipo de problemas pueden resolver por WhatsApp? Si tengo una emergencia durante el servicio (Ej: se rompe el horno y tengo la parrilla llena), pueden ayudarme a encontrar una solución rápida o sólo me darán consejos generales?

*   **Auditorías Sorpresa  - Sin Detalle:**  Las auditorías sorpresa son geniales, pero ¿cómo se realizan exactamente? ¿Qué métricas se evalúan? ¿Recibo un informe detallado con áreas de mejora? ¿Quién las lleva a cabo? Si la auditoría la hace alguien que no entiende de parrillas, ¿cómo va a evaluar la calidad de mi carne o la eficiencia de mi asador?

*   **Testimonios Genéricos:** Como dije antes, los testimonios ""suman"", pero no son suficientes. Necesito ver casos de éxito de locales *similares al mío* en tamaño, tipo de cocina y nivel de facturación. Poder contactar directamente a algún dueño de restaurante que haya usado el programa y preguntarle honestamente sobre su experiencia sería ideal. 

En resumen, la propuesta suena prometedora, pero le falta *profundidad y especificidad técnica*.  Las promesas son buenas, pero necesito ver la ""letra chica"" y verificar antes de invertir una suma tan importante.
","Okay, después de analizar la propuesta con mi instinto y mis conocimientos técnicos, y teniendo en cuenta mi aversión al riesgo en este contexto económico, mi voto es:

**[VOTO: NO]**

**Síntesis Comercial:** Si bien la propuesta puede tener potencial en un escenario económico más estable, la actual incertidumbre inflacionaria y la inseguridad económica en Argentina hacen que la inversión sea demasiado riesgosa. Prefiero mantener mi capital en activos más seguros y con mayor liquidez hasta que la situación se aclare. No puedo justificar la exposición a un riesgo tan elevado en este momento.
"
Agent_033,ISTP,SÍ,DUDOSO,"¡Uff, 200 lucas! De una Megan no sé qué... Me suena a verso cheto importado, de esos que te llenan la cabeza con palabras rimbombantes y después te dejan con la heladera vacía.

**R1 (Tu instinto de negocio puro):** Mirá, yo soy de la vieja escuela. ""Libertad Total Garantizada"" me suena a chamuyo. Acá la libertad te la ganás laburando de sol a sol y controlando que no te caguen. ¿3 días de ""entrenamiento intensivo""? Conozco a mis empleados, ¡a los 3 días están tomando mate y haciendo lo que se les canta! Y ""Auditorías Sorpresa""... ¿ahora tengo que contratar un espía para mi propio negocio? No gracias.

**R2 (Análisis técnico de la propuesta):**
*   **Manual de Operaciones:** Puede ser útil, pero tengo mis propios métodos, después de tantos años.
*   **Despegue Presencial:** Demasiado corto. Necesitas tiempo para cambiar verdaderamente la cultura de un equipo.
*   **Garantía de 30 Días:** Ok, pero ¿qué pasa después? ¿Me dejan tirado?
*   **Seguro de Persistencia:** ¿Visitas sorpresa? Me hace pensar que no confían en su propio método.
*   **Prueba Social:** Los testimonios pueden ser comprados. Quiero ver resultados reales.

**Veredicto:** Me parece mucha plata para algo que suena a humo. Prefiero invertir en mercadería y en un buen asador. Acá, el mejor sistema es uno que se basa en la confianza y el laburo honesto, no en palabras marketineras. [VOTO: NO]
","El análisis técnico de mi decisión anterior es bastante crítico y revela varias fallas percibidas en la propuesta, enfocándome estrictamente en los aspectos técnicos y de servicio y sin mencionar la economía general ni la inflación. Mis principales objeciones son:

*   **Duración del ""Despegue Presencial"":** Considero que tres días son insuficientes para generar un cambio cultural significativo en el equipo. Un cambio real requiere más tiempo e inversión continua. Esto sugiere que el programa es superficial y no aborda la raíz de los problemas.

*   **Garantía Limitada:** La garantía de 30 días es percibida como un período corto y genera desconfianza sobre el soporte a largo plazo. Surge la duda sobre qué sucede después de ese período, si el acompañamiento cesa y la inversión se vuelve inútil.

*   **""Seguro de Persistencia"" / Auditorías Sorpresa:** Este punto genera desconfianza, ya que considero que las visitas sorpresa implican una falta de fe en la efectividad del propio método. Se interpreta como una necesidad de microgestionar y controlar, en lugar de empoderar y capacitar al personal.

*   **Prueba Social Insuficiente:** Si bien se mencionan testimonios, estos no generan confianza. Se requiere evidencia más sólida y tangible de resultados reales y verificables, en lugar de depender únicamente de testimonios que pueden ser percibidos como manipulados.

En resumen, mi análisis técnico revela una percepción de superficialidad, falta de soporte a largo plazo, desconfianza en el propio método y falta de pruebas de resultados concretos, lo cual justifica mi veredicto negativo. Estos puntos se centran en la propuesta en sí, no en factores externos económicos.
","Bueno, después de darle vueltas y ver los números fríos, y pensando en cómo está la cosa para nosotros los laburantes, voy a decir lo siguiente:

Si bien me da un poco de cosa meterme en algo nuevo a mi edad, veo que hay una oportunidad de darle una mano al negocio y quizás mejorar un poco la situación. La verdad, llegar a fin de mes es cada vez más difícil.

Así que, después de pensarlo bien:

[VOTO: SÍ]
"
Agent_051,INTP,SÍ,ALTA (Instinto R1),"¡A ver, vamos a analizar esta movida de Megan!

**R1 (Instinto de Negocio Puro):** Hmm, libertad total... suena lindo, ¿no? Pero a mis 68 años y con años en esto, ya aprendí que ""total"" no existe. Me da cosa que me vendan la pomada de que voy a desaparecer del negocio. Eso sí, recuperar tiempo es oro. Si realmente me sacan laburo de encima, vale la pena pensarlo. Lo de los testimonios me da confianza... pero quiero ver de quiénes son esos testimonios, ¿serán truchos?

**R2 (Análisis Técnico):**

*   **Manual Blindado:** Siempre viene bien tener las cosas por escrito y ordenadas, pero si el equipo no pone de su parte, el manual no sirve ni para prender el fuego.
*   **Despegue Presencial:** Tres días en el local... eso es un buen empujón inicial, pero hay que ver si la gente realmente aprende y lo pone en práctica después.
*   **Garantía WhatsApp:** Me gusta la idea de tener soporte constante al principio, pero ¿qué onda después de los 30 días? ¿Te clavan con otro servicio? Ojo con eso.
*   **Seguro de Persistencia:** Las visitas sorpresa son un buen incentivo para que el equipo no se relaje, pero dos visitas en dos meses me parecen pocas. Deberían ser más seguidas al principio.
*   **Prueba Social:** Esto es importante... quiero hablar con esos dueños, ver si son de confianza y si realmente les funcionó.

**Veredicto:** Me gustan algunas cosas, pero hay demasiadas dudas. El precio me parece un poquito alto para lo que ofrecen. Necesitaría más garantías y ver testimonios reales antes de meter la mano en el bolsillo.

[VOTO: NO]
","Bien, analizando fríamente la propuesta técnica, veo algunos puntos débiles que me generan desconfianza:

*   **El ""Manual Blindado"":** Por experiencia sé que un manual, por más detallado que sea, es inútil si no hay un cambio real en la cultura del restaurante. ¿Cómo Megan se asegura de que el equipo realmente adopte los procesos? ¿Hay seguimiento real del uso del manual, más allá de lo que se vea en las visitas?

*   **Despegue Presencial:** Tres días son insuficientes para transformar un negocio. Puede ser un buen inicio, pero me preocupa la falta de un plan de seguimiento a largo plazo. ¿Qué herramientas o recursos ofrecen para mantener el impulso después de esos tres días? ¿Cómo miden el impacto real del ""despegue"" en la operación?

*   **Garantía WhatsApp:** Es un buen gancho inicial, pero la clave está en el soporte posterior. ¿Qué tipo de ayuda ofrecen después de los 30 días? ¿Hay costos ocultos o suscripciones obligatorias? La falta de claridad en este punto me genera desconfianza.

*   **Seguro de Persistencia:** Dos visitas en dos meses me parecen insuficientes, especialmente en las primeras etapas de implementación. Necesitaría un seguimiento más intensivo al principio para asegurar que el equipo no se relaje y que los cambios se consoliden. ¿Ofrecen la posibilidad de contratar más visitas o un seguimiento personalizado?

*   **Prueba Social:** Es fundamental hablar con otros dueños, pero ¿cómo me aseguro de que esos testimonios son genuinos y relevantes para mi tipo de restaurante? ¿Megan me facilita el contacto directo con esos dueños o solo me muestra videos editados? Necesitaría una verificación independiente de la validez de esos testimonios.
","Bien, después de darle vueltas y considerar tanto mi intuición como los números, mi veredicto es...

[VOTO: SÍ]

Creo que la propuesta tiene potencial. La intuición me dice que hay una necesidad real en el mercado y el análisis técnico respalda esa corazonada con datos que sugieren un retorno de la inversión razonable, aunque moderado. Necesitamos apuntar a la eficiencia y controlar los costos, pero el riesgo vale la pena.
"
Agent_076,ENFP,SÍ,ALTA (Instinto R1),"¡Uff, a ver, vamos a analizar esto como si estuviéramos en el quincho con un buen Malbec!

**R1 (Tu instinto de negocio puro):** 200 lucas... de entrada me pincha un poco, pero a ver, ¿cuánto vale mi tiempo libre? Si de verdad me saco de encima quilombos y me da más tiempo para pensar en el negocio y no apagar incendios, podría valer la pena. La ""libertad total"" suena medio chamuyo marketinero, pero si el sistema funciona, zafa. Lo que más me da cosita es que después de los tres meses me dejen solo y todo se vaya al tacho.

**R2 (Análisis técnico de la propuesta):**

*   **Manual de Operaciones Blindado:** Suena interesante, pero ¿estará adaptado a mi restaurante? ¿No será un copy paste genérico?
*   **Despegue Presencial (3 días):** Clave, si no hay alguien que ponga el cuerpo y me ayude a bajarlo a tierra, difícil. Pero tres días, ¿será suficiente?
*   **Garantía de 30 DÍAS:**  ¡Ojo con el WhatsApp!  Si no está bien organizado, puede ser un quilombo más. Pero que estén atentos es bueno.
*   **SEGURO DE PERSISTENCIA:** Esto me gusta, las visitas sorpresa dan tranquilidad de que no me van a dejar tirado a la primera de cambio.
*   **PRUEBA SOCIAL:**  Necesito hablar con esos dueños y ver si es posta que liberaron 15 horas. Si los testimonios son sólidos, gana puntos.

**Veredicto:**  Mirá, la inflación me tiene loco y cada mango lo pienso diez veces. Pero si de verdad me dan una solución y no otro problema, podría ser una buena inversión. Me da cosita el precio, pero el seguro de persistencia y los testimonios suman. Voy a investigar más, pero diría que si los testimonios son reales, me arriesgo.
[VOTO: SÍ]
","¡Dale, vamos a desmenuzar esto como si fuera un lechón en el fogón! A ver, dejando la inflación de lado, ¿dónde le veo chirriar el mecanismo a esta propuesta?

**1. Manual de Operaciones ""Blindado"":**

*   **Falla potencial:** Acá me preocupa la **especificidad**. ¿Mi restaurante es único, loco! Tengo mi propia idiosincrasia, mis platos estrella, mi clientela... ¿Cómo un manual genérico va a capturar eso?  Me da miedo que sea un manual de ""cómo ser un restaurante exitoso"" de libro de autoayuda, y no algo tallado a medida. Necesito ver ejemplos concretos de cómo se adapta a casos como el mío.
*   **Pregunta clave:** ¿Puedo ver un extracto o un ejemplo del manual, adaptado a un restaurante similar al mío? ¿Ofrecen personalización REAL, o es solo un ""completa los espacios en blanco""?

**2. Despegue Presencial (3 días):**

*   **Falla potencial:** ¡Tres días son un suspiro!  Implementar un sistema nuevo lleva tiempo, y más si mi personal es reacio al cambio.  ¿Qué pasa si surgen problemas inesperados?  ¿Se van al cuarto día y me dejan con el quilombo a medio resolver?
*   **Pregunta clave:**  ¿Qué tipo de soporte remoto ofrecen *después* de esos tres días? ¿Hay un límite de consultas? ¿Tienen un equipo que de verdad entienda mi rubro, o solo un call center genérico?

**3. Garantía de 30 DÍAS:**

*   **Falla potencial:** La garantía está atada al WhatsApp. Ok, entiendo la inmediatez, pero ¿es realmente eficiente?  ¿Tienen un sistema de tickets, un seguimiento formal de los problemas?  Me preocupa que mi consulta se pierda en un mar de mensajes y emojis.
*   **Pregunta clave:** ¿Cómo miden la satisfacción del cliente durante esos 30 días? ¿Hacen encuestas? ¿Tienen métricas concretas para evaluar si la garantía está siendo efectiva?

**4. SEGURO DE PERSISTENCIA:**

*   **Falla potencial:** Las visitas sorpresa son buenas, pero ¿qué pasa si en esa visita encuentran un problema grave? ¿Ofrecen soluciones concretas en el momento, o solo señalan la falla y se van? Necesito que sean proactivos, no solo observadores.
*   **Pregunta clave:** ¿Cuál es el perfil de la persona que hace la visita sorpresa? ¿Es un consultor con experiencia en gestión de restaurantes? ¿O es solo un ""control de calidad"" que sigue un checklist?

**5. PRUEBA SOCIAL:**

*   **Falla potencial:** Los testimonios pueden ser endulzados. Necesito nombres y apellidos, datos de contacto reales de los dueños. Y quiero saber si esos dueños tienen restaurantes similares al mío, con problemáticas parecidas.
*   **Pregunta clave:** ¿Me pueden facilitar los datos de contacto de al menos dos dueños de restaurantes que hayan implementado el sistema y estén dispuestos a compartir su experiencia conmigo?

En resumen: La propuesta tiene buena pinta, pero le falta **profundidad** y **especificidad**. Necesito ver que entienden mi negocio y que no me van a vender humo.
","Bien, después de pensarlo detenidamente y considerando tanto mi intuición como el análisis más objetivo, mi veredicto final es:

La propuesta presenta una oportunidad interesante para optimizar la gestión del restaurante y mitigar el impacto de la inflación, pero requiere un análisis exhaustivo de costos y beneficios a largo plazo. Si bien la automatización y el control de stock son atractivos, necesito asegurarme de que la inversión inicial no termine siendo una carga mayor debido a los costos de mantenimiento y la posible dependencia tecnológica. Además, la situación económica actual exige cautela.

[VOTO: SÍ] (con reservas y previa evaluación profunda de costos)
"
Agent_052,INFP,SÍ,DUDOSO,"¡Uf, 200 lucas! A ver, a ver... ""Libertad Total Garantizada""... Suena lindo, ¿eh? Después de tantos años laburando de sol a sol, quién no quiere un respiro.

**R1 (Mi instinto de negocio puro):** En el fondo, necesito delegar. Me está matando tener que estar en cada detalle, desde la compra del pan hasta el humor de la cocinera. Si esto realmente me permite estar menos en el día a día y más en la administración, podría valer la pena. Pero... ¡esa guita! Es un montón.

**R2 (Análisis técnico de la propuesta):**

*   **Manual:** Los checklist y protocolos suenan bien, pero ¿serán aplicables a mi restaurante? Cada lugar es un mundo.
*   **Los 3 días en el local:** Eso me gusta. Que vengan acá, vean cómo laburamos, y nos ayuden a implementarlo.
*   **El WhatsApp:** Ideal para sacarme las dudas al toque.
*   **Las auditorías sorpresa:** ¡Mmmm! Esto me da un poco de cosita. ¿Será que confían tan poco en mi gente? Pero por otro lado, si sirve para que no se relajen, puede llegar a ser bueno.
*   **Los testimonios:** Eso ayuda, pero hay que ver si son posta. Siempre desconfío un poco de esas cosas.

**Veredicto:** Me llama la atención, pero me da cosa invertir tanta plata. Y si no funciona... ¿quién me devuelve la plata y el tiempo perdido? Además, las auditorías sorpresa me hacen sentir desconfiada. A ver, digamos que no estoy convencida.

[VOTO: NO]
","Okay, analizando la propuesta con lupa y dejando de lado la cuestión económica:

**Fallas potenciales en la propuesta técnica/de servicio ""Libertad Total Garantizada"":**

*   **Aplicabilidad real del manual:** Mi restaurante tiene su propia idiosincrasia, sus clientes habituales, sus platos estrella... ¿Cómo me aseguran que esos checklists y protocolos genéricos realmente se adapten a *mi* realidad? ¿O me harán cambiar cosas que funcionan solo para seguir un manual?
*   **3 días, ¿suficiente?:** Tres días en el local me parecen poco tiempo para entender a fondo mi negocio y mis necesidades. ¿Alcanzarán a detectar los problemas reales y a implementar soluciones duraderas? Me preocupa que sea una solución rápida y superficial.
*   **Auditorías sorpresa: genera Desconfianza y crea un ambiente laboral tenso:** Si bien entiendo el objetivo de mantener los estándares, las auditorías sorpresa pueden generar un clima de desconfianza y estrés entre mis empleados. Esto puede ser contraproducente y afectar la calidad del servicio. ¿No hay otras formas de asegurar la calidad?
*   **Testimonios, ¿reales?:** Me genera dudas la veracidad de los testimonios. ¿Son de clientes reales? ¿Están pagados o influenciados de alguna manera? Necesitaría pruebas más concretas de que el servicio realmente funciona.
*   **Falta de personalización real:** A pesar de que ofrecen venir al local, siento que la propuesta es demasiado estandarizada. ¿Me ofrecen un servicio realmente personalizado o solo un paquete predefinido? Necesito sentir que están adaptándose a *mi* restaurante, no al revés.
*   **Medición del éxito:** ¿Cómo me aseguran que voy a lograr esa ""libertad total"" que prometen? ¿Con qué métricas puedo medir el éxito de la implementación? Necesito indicadores claros y objetivos para saber si la inversión realmente está dando resultados.
*   **Soporte Post-Implementación:** Luego de los 3 días y el WhatsApp, ¿qué pasa? ¿Ofrecen un seguimiento a largo plazo? ¿Cómo me aseguran que voy a poder mantener los cambios implementados en el tiempo?

En resumen, la propuesta me genera dudas sobre su real aplicabilidad, la profundidad de la intervención y la forma de seguimiento a largo plazo. Necesito más garantías de que se adaptará a mi restaurante y que no terminaré invirtiendo dinero en una solución genérica que no me sirva.
","Mirá, después de darle vueltas y pensando en cómo está la cosa, con la inflación que nos come el sueldo y el miedo constante a no llegar a fin de mes, creo que la propuesta...

[VOTO: SÍ]

Pero con mucho cuidado. Hay que ver bien los números, no vaya a ser que terminemos peor. Si pinta que puede ayudar a que mi gente conserve el poder adquisitivo y a que el negocio siga a flote, le doy para adelante. Pero ojito, ojito, eh!
"
Agent_035,ENFP,NO,DUDOSO,"¡Uf, esto suena a bombo y platillo! A ver, vamos por partes.

**R1 (Mi instinto de negocio puro):** A ver, la idea de recuperar tiempo es música para mis oídos. Laburo de sol a sol y a veces siento que vivo en el local. Pero... $200.000 es una banda. Necesito ver si esto realmente funciona y no es verso marketinero. Los testimonios ayudan, pero no me convencen del todo. Los dueños de CABA/GBA siempre son más fáciles de impresionar que los del interior. Acá en [ciudad del interior], somos más desconfiados.

**R2 (Análisis técnico de la propuesta):**

*   **Manual Blindado:** Suena bien, pero ¿es aplicable a mí? Cada local es un mundo. ¿Qué tan genérico es?
*   **Despegue Presencial:** ¡Me gusta! Tener a alguien in situ es clave para que el equipo entienda la movida.
*   **Garantía de WhatsApp:** Interesante, pero ¿qué onda la disponibilidad? ¿Me van a contestar a las 3 AM si tengo un problema?
*   **Seguro de Persistencia:** Esto me da mucha confianza. Las visitas sorpresa son un buen incentivo para que el equipo no se relaje.
*   **Prueba Social:** Necesito ver los testimonios y contactarlos. ¿Son locales parecidos al mío? ¿Están copados con el sistema?

**Veredicto:** Estoy en la duda. El ""Seguro de Persistencia"" me llama mucho, pero el precio está elevado y necesito más pruebas de que esto funcione en un restaurante como el mío. Si pudiera hablar con los dueños cuyos testimonios se presentan, y me dan ""luz verde""...ahí sí.

[VOTO: NO]
","Okay, analicemos a fondo las posibles fallas técnicas y de servicio que veo en la propuesta, partiendo de mi escepticismo natural y necesidad de ver resultados concretos:

*   **Manual Blindado: Genérico vs. Específico:** La mayor falla potencial aquí es que el manual sea demasiado general. Un restaurante de parrilla familiar en el interior no tiene las mismas necesidades que un café de especialidad en Palermo. ¿El manual aborda específicamente los desafíos únicos de mi tipo de negocio? ¿Se adapta a mi menú, mi personal, mi clientela y mis particularidades operativas? Si es una solución ""talla única"", probablemente no valga la pena.

*   **Despegue Presencial: Profundidad vs. Superficialidad:**  Que alguien esté ""in situ"" es bueno, pero ¿cuánto tiempo estará? ¿Qué tan profundo es su conocimiento de la industria restaurantera? ¿Es un consultor con experiencia real o solo un capacitador? ¿Entenderá las dinámicas internas de mi equipo y los desafíos específicos de mi cocina? Necesito saber el nivel de *expertise* de esta persona y cuánto tiempo dedicará a mi local.

*   **Garantía de WhatsApp: Disponibilidad vs. Utilidad:**  La disponibilidad 24/7 es crucial, pero ¿quién responde al otro lado? ¿Es un bot con respuestas predefinidas o un experto que puede resolver problemas reales en tiempo real? Además, la comunicación por WhatsApp puede ser limitada para algunos problemas. ¿Qué pasa si necesito soporte técnico más avanzado o una videollamada para solucionar un problema urgente en la cocina?

*   **Seguro de Persistencia: Superficialidad vs. Mejora Continua:**  Las visitas sorpresa son un buen incentivo, pero ¿qué tan enfocadas son? ¿Solo buscan detectar fallas o también ofrecen sugerencias para mejorar el servicio y la eficiencia? ¿Hay un seguimiento real de estas visitas y planes de acción para abordar los problemas identificados? Si solo se trata de ""cazar errores"", puede generar resentimiento en el equipo en lugar de mejora continua.

*   **Prueba Social: Relevancia vs. Generalización:**  No todos los testimonios son iguales. Necesito saber si los locales que dan testimonio son similares al mío en tamaño, tipo de comida, ubicación y clientela. Un testimonio de un restaurante de alta cocina en Recoleta no me sirve de nada si tengo una parrilla familiar en [mi ciudad del interior]. Necesito pruebas concretas de que esta solución funciona para negocios como el mío.

**En resumen:** Mi preocupación principal es que la propuesta sea demasiado genérica y no aborde las necesidades específicas de mi restaurante. Necesito ver evidencia concreta de que esta solución funciona para negocios similares al mío y que el soporte técnico es realmente útil y disponible cuando lo necesito. Si no se abordan estas fallas potenciales, es probable que termine gastando $200.000 en algo que no me sirva de nada.
","Okay, después de pensarlo bien, y teniendo en cuenta tanto lo que me dice mi instinto como lo que veo objetivamente:

**Resumen:** La propuesta tiene puntos fuertes, pero me preocupa mucho el contexto económico actual y la incertidumbre que genera la inflación. Creo que hay potencial a largo plazo pero el riesgo a corto plazo es demasiado alto para mí.

**Veredicto Final:** [VOTO: NO]
"
Agent_046,ESFP,SÍ,ALTA (Instinto R1),"¡A ver, vamos a analizar esta movida de la Megan!

**R1 (Instinto de Negocio Puro):** Suena interesante, eh. A mí lo que me revienta es estar atado al boliche. Tener un tipo que te diga cómo armar procesos y que después venga a controlar que se hagan, y encima con garantía, me seduce. Pero 200 lucas... ¡Uf! Hay que ver si vale la pena, si de verdad me libero. Los testimonios ayudan, pero a veces son chamuyo. Hay que ver si son reales.

**R2 (Análisis Técnico de la Propuesta):**

*   **A favor:** El Manual Blindado suena a que te dan la receta ya cocinada, cosa que a esta altura de mi vida agradezco. Los 3 días intensivos también son un plus, porque ahí te sacás las dudas posta. La garantía de WhatsApp es buena, pero hay que ver si te responden al toque o te dejan en visto. Las auditorías sorpresa son un buen incentivo para que el equipo no se relaje. Los testimonios, si son verificables, suman mucho.
*   **En contra:** 200 lucas es una inversión importante. Hay que ver si el retorno es real. ¿De verdad me voy a ahorrar 15 horas por semana? ¿Y si el sistema no funciona en mi restaurante? ¿Será adaptable a mi negocio, que ya tiene sus mañas? Desconfío del ""control total"". En gastronomía siempre hay imprevistos.

**Veredicto:** Me parece una buena idea, pero el precio me parece elevado. Si los testimonios fueran de restaurantes similares al mío, y pudiera verificar que de verdad cambió su forma de laburar, me animaría. Pero así, con la info que tengo, me da cosa jugármela.

[VOTO: NO]
","Okay, analizando fríamente la propuesta técnica, dejando de lado el precio y la situación económica general, veo estas posibles fallas:

*   **Adaptabilidad del ""Manual Blindado"":** Si bien la idea de una ""receta cocinada"" es atractiva, un restaurante con trayectoria como el mío (y seguramente muchos otros) ya tiene sus propias ""recetas"" operativas, sus procesos establecidos. La pregunta es: ¿cuán flexible y adaptable es ese manual? ¿Se puede integrar a mis procesos existentes o implica una reestructuración completa que podría ser contraproducente? El riesgo es que el manual termine generando más fricción que eficiencia.
*   **Eficacia Real del Ahorro de Tiempo:** Prometer un ahorro de 15 horas semanales es audaz. ¿Cómo se mide ese ahorro? ¿Se basa en casos reales de restaurantes con características similares al mío? La promesa podría ser exagerada y generar frustración si no se cumple. Habría que desglosar cómo se logran esas 15 horas, qué tareas específicas se optimizan.
*   **Alcance Real del ""Control Total"":** La gastronomía es un rubro dinámico, con imprevistos constantes. Prometer un ""control total"" es poco realista y hasta engañoso. ¿Qué pasa con las variables que escapan al sistema, como la rotación de personal, la calidad fluctuante de los proveedores o las quejas inesperadas de los clientes? Un control excesivo podría incluso sofocar la creatividad y la espontaneidad que a veces son necesarias en un restaurante.
*   **Soporte Limitado por WhatsApp:** La garantía de soporte por WhatsApp es un arma de doble filo. Si bien la inmediatez es atractiva, ¿qué nivel de asistencia técnica real puedo esperar? ¿Me responderán solo preguntas básicas o me ayudarán a resolver problemas complejos que requieran un conocimiento profundo de mi negocio? ¿Y qué pasa si necesito asistencia fuera del horario laboral o en un día feriado?
*   **Verificación de Testimonios:** Si los testimonios son la principal prueba de valor, necesito más que ""verificarlos"". Necesito conocer a los dueños de esos restaurantes, hablar con ellos directamente, incluso visitar sus locales para ver el sistema en acción. Un simple testimonio escrito no es suficiente para convencerme.

En resumen, la propuesta tiene puntos interesantes, pero también varias áreas grises que generan desconfianza. Necesitaría mucha más información detallada y pruebas concretas para sentirme cómodo invirtiendo en este sistema.
","Bien, después de darle vueltas al asunto y sopesar tanto mi intuición como los números concretos, mi veredicto final es:

La propuesta tiene elementos interesantes y potencial, sí. Veo la posibilidad de atraer más clientes y optimizar costos, lo cual me tranquiliza en este contexto económico tan incierto. El análisis técnico me da cierto respaldo para creer que puede funcionar. Sin embargo, necesito más garantías y entender mejor el impacto real en mi rentabilidad, considerando la inflación y la posible volatilidad del mercado.

[VOTO: SÍ] con reservas. Necesito más información y un plan de contingencia sólido antes de comprometerme por completo.
"
Agent_024,INTP,NO,ALTA,"¡Uff, esto se pone interesante! A ver, vamos por partes:

**R1 (Mi instinto de negocio puro):** $200.000 es un fangote de guita, ¡ojo! Pero... si me aseguran que voy a tener más tiempo libre y que el equipo va a laburar sin que yo tenga que estar encima, podría ser una inversión inteligente. La ""libertad total"" suena chamuyento, pero si el sistema este realmente funciona, podría ser la salvación para no terminar quemada. Me copa lo de las auditorías sorpresa, eso me da la pauta de que realmente les importa que funcione.

**R2 (Análisis técnico de la propuesta):**

*   **Manual de Operaciones Blindado:** PDFs y check-lists... suena a laburo chino al principio, pero si está bien hecho, podría ser muy útil para estandarizar procesos y que no dependan siempre de mí.
*   **Despegue Presencial:** 3 días de entrenamiento son clave. Si no me capacitan bien al equipo y a mí, el sistema se va a la basura.
*   **Garantía de 30 Días (WhatsApp):** Esto me da más tranquilidad, poder consultar y tener auditoría diaria por WhatsApp. Pero, ¿quién va a estar del otro lado? ¿Un bot o una persona que sabe del rubro?
*   **Seguro de Persistencia:** Las visitas sorpresa son un golazo. Esto demuestra que no te abandonan después de venderte el curso.
*   **Prueba Social:** Los testimonios son importantes, pero quiero saber si esos dueños tienen un negocio parecido al mío. ¿Qué tipo de restaurantes son? ¿En qué zona están?

**Veredicto:** En principio, me da un poco de desconfianza. Necesitaría saber más detalles antes de poner esa cantidad de guita. Debería contactar a los dueños de los testimonios, ver si funciona de verdad en negocios como el mío, y charlar bien sobre el soporte post-venta.

[VOTO: NO]
","¡Bien! Acá va un análisis más profundo de las fallas en la propuesta técnica y de servicio, dejando de lado la cuestión económica:

*   **Manual de Operaciones Blindado:** Si bien suena bien estandarizar procesos, ¿qué tan adaptable es ese manual? ¿Considera las particularidades de mi restaurante, que es pequeño y tiene una carta con platos caseros? ¿O es un manual genérico que sirve para cualquier local? Necesito saber si el sistema es flexible y puede adaptarse a mi realidad, o si me va a obligar a cambiar cosas que funcionan bien.
*   **Despegue Presencial:** 3 días de entrenamiento es poco tiempo para transformar la forma en que trabaja todo el equipo. ¿Van a poder aprender y aplicar los cambios en tan poco tiempo? ¿Qué pasa con los empleados que no puedan asistir a la capacitación? ¿Habrá material de apoyo para ellos? ¿Y si después necesito repasar algo, tendré acceso a los materiales de la capacitación?
*   **Garantía de 30 Días (WhatsApp):** El soporte por WhatsApp es un arma de doble filo. Si bien es rápido y accesible, ¿tendrán la capacidad de responder a mis preguntas y resolver mis problemas de manera eficiente? ¿El soporte es 24/7 o tiene un horario limitado? ¿Y si necesito ayuda con algo más complejo, como un problema técnico con el sistema, me van a poder ayudar por WhatsApp o tendré que esperar a que me llamen?
*   **Seguro de Persistencia:** Las visitas sorpresa son buenas, pero ¿con qué frecuencia se realizarán? ¿Serán solo al principio o se mantendrán a lo largo del tiempo? ¿Tendré la posibilidad de solicitar visitas adicionales si necesito ayuda con algo específico? ¿Qué tipo de feedback me darán después de las visitas? ¿Será solo un informe genérico o me darán recomendaciones personalizadas para mejorar mi negocio?
*   **Prueba Social:** Acá hay una gran falla. Los testimonios son útiles, pero necesito saber si son de negocios similares al mío. Si los testimonios son de franquicias grandes o restaurantes de alta cocina, no me sirven de mucho. Necesito escuchar la experiencia de otros dueños de restaurantes pequeños y familiares, que tengan los mismos problemas y desafíos que yo.
*   **Falta de Personalización:** La propuesta se siente genérica y poco adaptada a mi negocio. No veo que hayan hecho un análisis previo de mi situación particular ni que hayan adaptado el sistema a mis necesidades específicas.
*   **Medición de Resultados:** ¿Cómo voy a saber si el sistema realmente funciona? ¿Me van a dar herramientas para medir los resultados y ver si estoy obteniendo un retorno de la inversión? ¿Qué métricas voy a poder analizar? ¿Tendré acceso a informes detallados sobre el rendimiento de mi negocio?

En resumen, la propuesta tiene buenas intenciones, pero le falta mucha especificidad y personalización. Necesito saber si el sistema realmente se adapta a mi negocio y si me va a dar las herramientas y el soporte que necesito para tener éxito.
","Considerando mi instinto y el análisis técnico, y dada mi mayor angustia de no llegar a fin de mes y perder poder adquisitivo, necesito estar *muy* segura de que esta propuesta genere un verdadero retorno de inversión tangible y rápido.  Si la propuesta promete, tangiblemente, atraer más clientes (y que gasten más) sin requerir una gran inversión inicial o costos operativos ridículos, entonces podría valer la pena.  Si no, prefiero apegarme a lo que conozco y es ""menos peor"".

Por lo tanto, mi voto depende enteramente de una demostración clara y convincente de la rentabilidad *real* que ofrece la propuesta, con datos *concretos* (no proyecciones optimistas).

[VOTO: CONDICIONAL - Necesito más información concreta sobre ROI]
"
Agent_020,ENTJ,NO,ALTA,"¡A ver, flaco, tirame esa fruta acá que la analizo!

**R1 (Mi instinto de negocio puro):** Mirá, yo ya estoy grande, pero no boluda. 200 lucas por un manual, tres días de visita y un par de auditorías... Me suena a choreo. Encima, ¿""Sistema de Control Total""? ¡Ja! ¿Control total de qué? Acá el único control total lo tengo yo. Los pibes, si no los tenés encima, te hacen un desastre. ¿15 horas libres? ¡Andá! ¡Si me sobra tiempo me aburro! Pero bueno, capaz que a algún jovencito desesperado le sirve.

**R2 (Análisis técnico de la propuesta):**

*   **Manual de Operaciones:** Un PDF con checklists está bien para ordenar un poco, pero la experiencia no se compra con un manual. Depende mucho de la calidad del material y cómo lo adapten al restaurante.
*   **Despegue Presencial:** Tres días son muy pocos. Para cambiar la rutina de un restaurante, necesitas más tiempo y seguimiento constante.
*   **Garantía de 30 Días:** La auditoría diaria por WhatsApp es interesante, pero ¿quién hace la auditoría? ¿Es un profesional o un pibe que recién empieza?
*   **Seguro de Persistencia:** Las visitas sorpresa son una buena idea, pero tienen que ser sorpresa de verdad. Sino, preparan todo para la foto y después sigue todo igual.
*   **Prueba Social:** Los testimonios son clave. Habría que ver quiénes son esos dueños y qué tan creíbles son. Si son amigos de Megan, no sirven.

**Veredicto:** Me parece caro y poco efectivo para mi forma de manejar el negocio. Prefiero seguir confiando en mi ojo y en la gente que conozco.

[VOTO: NO]
","Okay, analicemos la propuesta técnica y de servicio, dejando de lado consideraciones económicas o inflacionarias:

**Fallas en la Propuesta Técnica/Servicio:**

*   **Ambigüedad en la Ejecución:** Si bien el Manual de Operaciones suena bien en teoría, la falta de claridad sobre cómo se implementa y adapta a la realidad específica de MI restaurante es una falla. ¿Es genérico o realmente personalizado?
*   **Tiempo Insuficiente de ""Despegue Presencial"":** Tres días son a todas luces insuficientes para generar un cambio real en la dinámica de cualquier restaurante, especialmente uno con trayectoria. Es como pintar una pared con una sola mano.
*   **Calidad y Experiencia del Auditor/Consultor:** La propuesta es vaga sobre quién realiza las auditorías diarias vía WhatsApp y las visitas sorpresa. La efectividad del servicio depende enormemente de la experiencia y capacidad del auditor asignado. ¿Tiene experiencia real en restaurantes como el mío? ¿Entienden la idiosincrasia local?
*   **Naturaleza de la ""Auditoría Diaria"":** La auditoría vía WhatsApp suena superficial. ¿Cómo se verifica la información? ¿Se basa solo en fotos y mensajes, o hay un análisis más profundo de datos y procesos?
*   **Autenticidad de las Visitas ""Sorpresa"":** Si el personal sabe cuándo serán las visitas, pierden su valor como herramienta de diagnóstico. Es crucial que sean *verdaderamente* sorpresivas para obtener una visión realista de la operación.
*   **Transparencia en la Prueba Social:** La falta de información sobre los dueños que dan testimonio es una bandera roja. Necesito verificar la credibilidad y relevancia de esas experiencias para mi propio negocio. ¿Son dueños de restaurantes similares al mío? ¿Cuál fue su experiencia real?
*   **Falta de Personalización y Adaptación:** En general, la propuesta suena como un paquete predefinido. Un restaurante como el mío necesita soluciones adaptadas a su historia, personal y estilo de gestión. La falta de personalización es una falla significativa.

En resumen, las fallas principales radican en la falta de detalles, la promesa de resultados rápidos poco realistas, la ambigüedad sobre la calidad del equipo de trabajo y la falta de personalización de la propuesta.
","Considerando mi instinto y el análisis técnico, y primando mi preocupación por la inflación y la seguridad económica, que tanto afectan la rentabilidad de mi restaurante, mi veredicto final es:

[VOTO: NO]
"
Agent_005,INTP,NO,ALTA,"¡A ver, vamos a analizar esto con la lupa!

**R1 (Tu instinto de negocio puro):** Mmm... suena tentador. ""Libertad Total"" dice... ¡si eso fuera tan fácil! Como dueña de restaurante, sé que delegar es un quilombo. Siempre hay algún bardo que termina explotándote en la cara. La idea de tener más tiempo libre me seduce, no te voy a mentir, pero $200.000 es una buena guita. ¡Acá nadie regala nada!

**R2 (Análisis técnico de la propuesta):**

*   **Manual Blindado:** Checklists y protocolos suenan bien para estandarizar procesos, pero... ¿serán realmente útiles en el día a día? Cada local es un mundo.
*   **Despegue Presencial:** Tres días intensivos son interesantes, pero necesito saber quiénes son los que vienen a dar el curso. ¿Tienen experiencia real en el rubro o son puro chamuyo teórico?
*   **Garantía WhatsApp:** Me gusta la idea de soporte diario, pero ¿alguien responde los mensajes a la madrugada cuando hay un problema serio?
*   **Seguro de Persistencia:** Las auditorías sorpresa son un buen incentivo para que el equipo se mantenga alineado, pero ¿qué pasa si encuentran algo mal y no lo pueden solucionar en el momento? ¿Me van a cobrar extra?
*   **Prueba Social:** Los testimonios son importantes, pero quiero hablar directamente con esos dueños para ver si realmente les funcionó.

**Veredicto:** Si bien la propuesta tiene algunos puntos interesantes, todavía tengo muchas dudas. Necesitaría más información y un trato más personalizado antes de invertir esa plata.

[VOTO: NO]
","Okay, analizando la propuesta desde una perspectiva puramente técnica y de servicio, veo varias áreas que generan desconfianza:

*   **Manual Blindado:** La promesa de checklists y protocolos me resulta simplista. En la gastronomía, la idiosincrasia de cada local y la singularidad de cada plato son fundamentales. Un manual genérico podría sofocar la creatividad y la flexibilidad necesarias para adaptarnos a circunstancias imprevistas (un proveedor que falla, un cliente con una alergia específica, etc.). Además, ¿qué tan actualizado está el manual? ¿Se adapta fácilmente a los cambios constantes en las regulaciones sanitarias y las tendencias culinarias?
*   **Despegue Presencial:** La eficacia de tres días intensivos depende crucialmente de la calidad de los instructores. Necesito saber si tienen experiencia práctica en restaurantes argentinos, idealmente en negocios similares al mío. ¿Entienden las particularidades de la mano de obra local, los proveedores, las costumbres de los clientes? Un curso teórico sin conexión con la realidad puede ser una pérdida de tiempo y dinero.
*   **Garantía WhatsApp:** La disponibilidad por WhatsApp es útil para consultas rápidas, pero ¿qué tan rápido es el tiempo de respuesta real? ¿Quién está del otro lado? ¿Un bot o una persona con autoridad para tomar decisiones y solucionar problemas complejos? Además, ¿cómo se maneja la confidencialidad de la información sensible que puedo compartir por este medio?
*   **Seguro de Persistencia:** Las auditorías sorpresa son un arma de doble filo. Pueden motivar al personal, pero también generar estrés y desconfianza. Es esencial saber qué criterios se utilizarán para evaluar el desempeño, qué margen de error se considera aceptable y cómo se gestionan las no conformidades. ¿Se ofrece un plan de mejora o se castiga directamente?
*   **Prueba Social:** Los testimonios son un buen punto de partida, pero necesito pruebas más concretas. Me gustaría ver estudios de casos detallados, con datos medibles sobre la mejora en la rentabilidad, la eficiencia operativa o la satisfacción del cliente. Un testimonio aislado puede ser anecdótico, pero un conjunto de datos consistente y transparente genera mayor confianza.

En resumen, percibo una falta de especificidad y personalización en la propuesta. Me gustaría ver un enfoque más adaptado a las necesidades concretas de mi restaurante y una mayor transparencia en los detalles técnicos y operativos del servicio.
","Considerando mi experiencia en el sector y el análisis profundo que hemos realizado, donde el instinto me dice que hay potencial pero el análisis técnico revela riesgos significativos, llego a una conclusión cautelosa.

La propuesta, si bien atractiva en un principio, presenta demasiadas variables incontrolables en el contexto económico actual de Argentina. La inflación, la inestabilidad del mercado y la creciente inseguridad económica hacen que la inversión sea demasiado riesgosa para mi perfil conservador. Prefiero mantener la solidez de mi negocio actual y esperar un panorama más claro para tomar decisiones de inversión de este tipo.

Por lo tanto: [VOTO: NO]
"
Agent_057,ENTJ,SÍ,DUDOSO,"¡A ver, vamos a meterle bisturí a esto!

**R1 (Tu instinto de negocio puro):** $200.000 por recuperar 15 horas semanales... ¡Es un negoción si funciona! El problema es EL ""SI"". Todo suena lindo en el papel, pero conozco mi gente. ¿Realmente van a seguir los protocolos después de que Megan se vaya? ¿Los empleados se van a poner la camiseta o me van a sabotear todo? La garantía y las auditorías sorpresa me dan un poco más de confianza, pero el miedo a que sea puro humo sigue ahí.

**R2 (Análisis técnico de la propuesta):**

*   **Manual Blindado:** Suena bien, pero necesito ver la calidad del material. ¿Es algo genérico o está adaptado a mi tipo de local y clientela?
*   **Despegue Presencial:** Tres días intensivos... ¿Será suficiente para cambiar la cultura de mi negocio? Necesito entender bien el programa y el perfil de los capacitadores.
*   **Garantía WhatsApp:** Me gusta la atención personalizada al principio. Puede ayudar a solucionar problemas rápido.
*   **Seguro de Persistencia:** Esto es crucial. Las visitas sorpresa me dan una red de seguridad para evitar que todo se vaya al tacho.
*   **Prueba Social:** Los testimonios son importantes, pero necesito saber quiénes son esos dueños y si sus negocios son comparables al mío.

**Veredicto:** Me siento un 50/50. Hay cosas que me gustan, pero sigo teniendo dudas sobre la implementación real y la durabilidad del cambio. Si Megan me mostrara un caso de éxito en un local similar al mío, con gente parecida a mi personal, estaría más convencido. Así, a ciegas… no me arriesgo.

[VOTO: NO]
","Bien, vamos a destripar la propuesta técnica sin meternos en la macroeconomía. Aquí veo las principales falencias, desde la perspectiva de un dueño de restaurante con mi experiencia:

*   **Manual Blindado: Adaptación y Profundidad. (Falla 1 y 2)** Tuve cientos de empleados en mi vida. Un manual genérico, por “blindado” que sea, no sirve. ¿Está adaptado a la idiosincrasia argentina? ¿Considera las particularidades de mi cocina, mi salón, mi clientela? Necesito ver si es un “copy-paste” o algo realmente pensado para mí. Ademas, ¿cuán profundo va? ¿Explica el *por qué* de cada cosa, o solo el *cómo*? No quiero robots, quiero gente que entienda y pueda adaptarse a situaciones imprevistas. Un manual superficial es inútil.

*   **Despegue Presencial: Tres días ¿Suficiente? (Falla 3)** Tres días para cambiar la cultura de un restaurante... ¡Ja! Suena a lavado de cerebro express. Esto requiere un cambio de mentalidad que lleva tiempo, seguimiento y refuerzo constante. ¿Qué pasa después de esos tres días? ¿Dejan a mi gente a la deriva? Necesito saber si esos tres días son solo la punta del iceberg, y si hay un plan de seguimiento a largo plazo.

*   **Garantía WhatsApp: Escalabilidad y Disponibilidad. (Falla 4 y 5)** WhatsApp al principio suena bien, personalizado. Pero a) ¿Qué tan rápido responden? Si tengo un problema un sábado a la noche, ¿me van a solucionar algo en el momento? b) ¿Qué pasa si tengo 5 problemas en un día? ¿El soporte está dimensionado para eso o me van a dejar colgado? Y a largo plazo, ¿esa atención sigue siendo personalizada, o me derivan a un chatbot genérico?

*   **Seguro de Persistencia: Frecuencia y Alcance. (Falla 6 y 7)** Las visitas sorpresa suenan bien como control posterior, pero ¿cuán frecuentes son? ¿Cada dos semanas? ¿Cada mes? ¿Cada seis meses? Y ¿quiénes hacen esas auditorías? ¿Alguien con experiencia real en restaurantes, o un administrativo que lee un checklist? Además, ¿qué tan exhaustivas son esas auditorías? ¿Ven sólo la superficie, o se meten en el detalle del día a día?

*   **Prueba Social: Relevancia y Datos. (Falla 8)** Los testimonios son lindos, pero necesito saber la historia completa. ¿De qué tipo de local vienen esos testimonios? ¿Cuántos empleados tienen? ¿Cuánto facturan? ¿En qué zona están ubicados? Necesito datos concretos para evaluar si son realmente comparables a mi situación. Un testimonio genérico no me sirve.

En resumen, la propuesta suena bien en la teoría, pero le falta profundidad, especificidad y garantías reales de implementación a largo plazo. Es como comprar un auto con un motor potente, pero sin frenos ni dirección asistida. Lindo para la foto, pero peligroso en la práctica.
","Basado en mi instinto y el análisis técnico que hicimos, y considerando el contexto económico actual y mis preocupaciones principales...

[VOTO: NO]

Si bien la propuesta puede tener algunos elementos atractivos, el miedo a la inflación abrupta y la inseguridad económica me impiden tomar riesgos importantes en este momento. Necesito ver mayor estabilidad antes de comprometerme.
"
Agent_062,INFJ,NO,DUDOSO,"¡Uff, vamos a ver esta propuesta de Megan! A mis años, ya he visto pasar de todo en este rubro, y uno aprende a ser desconfiado, pero también a reconocer una oferta que puede valer la pena.

**R1 (Mi instinto de negocio puro):** Me gusta la idea de soltar un poco las riendas. A mi edad, ya me cansa estar metido en todo y tener que decidir hasta el color del mantel. Si realmente este ""Sistema de Control Total"" me da más tiempo libre, es algo que consideraría seriamente. Los testimonios de otros dueños que recuperaron horas son un buen gancho, pero uno siempre duda si será verdad.

**R2 (Análisis técnico de la propuesta):**

*   **Manual de Operaciones Blindado:** Suena bien, pero habría que ver la calidad del material. Checklists y protocolos son útiles, pero deben estar bien adaptados a mi tipo de restaurante (parrilla familiar, con un menú tradicional). No quiero una cosa genérica que no sirva para nada.
*   **Despegue Presencial:** Tres días de entrenamiento intensivo son importantes. La clave está en que el equipo realmente entienda el sistema y lo aplique. Sino, es plata tirada.
*   **Garantía de 30 Días (WhatsApp):** La auditoría diaria y la resolución de dudas son un punto a favor. Es bueno tener soporte durante el primer mes, cuando uno está implementando los cambios.
*   **Seguro de Persistencia:** Las visitas sorpresa son una buena idea para asegurar que el equipo mantenga el estándar. Que se corrija en el acto si algo falla habla bien del compromiso de Megan.
*   **PRUEBA SOCIAL:** Los testimonios son importantes, pero quiero saber si son reales. Necesitaría ver con mis ojos esos restaurantes y hablar con esos dueños para confirmar que realmente les funcionó.

**Veredicto:** La propuesta tiene cosas interesantes, pero la realidad es que la veo demasiado enfocada a la sistematización extrema, y acá en la parrilla, la calidez y el toque personal son fundamentales. No me convence del todo, y la inversión no es poca cosa.

[VOTO: NO]
","Bien, analicemos las fallas en la propuesta técnica y de servicio, SIN considerar factores externos como la economía o la inflación:

**1. Falta de Personalización Real (Más allá de la promesa):**

*   Tu instinto señala con razón que el ""Manual de Operaciones Blindado"" puede ser genérico. Si bien la propuesta habla de sistematización, no profundiza en cómo adaptan el material a la particularidad de una parrilla familiar con un menú tradicional. **La clave aquí es la ADAPTACIÓN, no la estandarización a ultranza.** No hay detalles concretos sobre cómo capturan la esencia de tu negocio y la traducen en un sistema que no lo diluya.

**2. Enfoque Excesivo en el Control vs. el Know-How Transferido:**

*   Si bien el ""Seguro de Persistencia"" (visitas sorpresa) suena bien para mantener el estándar, puede generar una cultura de desconfianza en el equipo.  **Falta en la propuesta un componente de EMPODERAMIENTO del personal.** ¿Cómo se aseguran de que el equipo internalice los procesos y no solo los siga por temor a la visita sorpresa?  Deberían haber elementos que fomenten la mejora continua y la resolución de problemas por parte del equipo. Es decir, que aprendan el ""por qué"" detrás de cada paso, no solo el ""qué"".

**3. Ambigüedad en la Resolución de Problemas a Largo Plazo:**

*   La ""Garantía de 30 Días"" con soporte por WhatsApp es útil para la puesta en marcha, pero ¿qué pasa después? La propuesta es vaga sobre cómo se manejarán los desafíos que surjan una vez terminado ese período inicial.  **Falta una estrategia clara para la gestión de problemas y la actualización continua del sistema.** El rubro gastronómico es dinámico, los menús cambian, las tendencias evolucionan, y el sistema debería adaptarse a eso.

**4. Pruebas Sociales Insuficientes:**

*   La necesidad de ver con tus propios ojos los resultados en otros restaurantes no es solo desconfianza, es una legítima preocupación.  **Megan debería ofrecer CASOS DE ESTUDIO más detallados,** preferentemente de negocios similares al tuyo, con datos concretos sobre mejoras en eficiencia, satisfacción del cliente, etc.  No basta con testimonios genéricos; se necesitan datos duros y verificables.

**5. Falta de Claridad en el Perfil del Entrenador/Consultor:**

*   Los ""tres días de entrenamiento intensivo"" son cruciales, pero ¿quién lo imparte? **Falta información sobre la experiencia y el conocimiento del entrenador/consultor.** ¿Tiene experiencia en parrillas argentinas tradicionales? ¿Entiende la cultura del servicio al cliente en este tipo de negocios?  Sería crucial conocer su trayectoria y su capacidad para conectar con el equipo.

En resumen, la propuesta adolece de una falta de personalización real, un enfoque excesivo en el control en detrimento del empoderamiento del equipo, una ambigüedad en el soporte a largo plazo, pruebas sociales insuficientes y una falta de claridad en el perfil del entrenador/consultor.
","Bien, después de pensarlo y analizarlo, y teniendo en cuenta la situación actual... [VOTO: NO].  La inflación me carcome y la inseguridad, tanto económica como en la calle, me hacen ser muy cauto. No es momento de grandes inversiones ni de asumir riesgos. Prefiero esperar y ver cómo se estabiliza la cosa antes de comprometerme.
"
Agent_043,INTP,SÍ,DUDOSO,"¡A ver, vamos a analizar esto!

**R1 (Mi instinto de negocio puro):**

$200.000 pesos... No es moco de pavo. Me entusiasma la idea de recuperar tiempo, ¡valoro cada minuto! Pero me da cosa que la cosa no dure... Y que termine teniendo que estar encima de todo de nuevo. Además, ¿qué tan posta son esos testimonios? Y si solo funciona en locales chetos de CABA o GBA... ¿funcionará en mi restaurante?

**R2 (Análisis técnico de la propuesta):**

*   **Manual y Despegue Presencial:** Me parece bien tener un buen manual y la visita para arrancar. Eso me da confianza de entender bien cómo funciona el sistema.
*   **Garantía WhatsApp:** Un mes de auditoría diaria está bueno... si realmente responden rápido y entienden mi negocio.
*   **Seguro de Persistencia:** Las visitas sorpresa me dan tranquilidad. Es bueno saber que alguien va a venir a controlar que el equipo no se relaje.
*   **Prueba Social:** Necesito ver esos testimonios con nombre y apellido. Y si pudiera hablar con alguno de esos dueños, ¡mejor! Necesito saber si son casos reales.

**Veredicto:**

Si bien me da desconfianza que los cambios sean pasajeros... El combo de auditorías + garantía WhatsApp + testimonios me da un poco más de certeza y disminuye mi miedo a perder el tiempo/ inversión. Le daría una chance, aunque con un poco de miedo.

[VOTO: SÍ]
","Okay, vamos a diseccionar esta propuesta desde una perspectiva estrictamente técnica y de servicio:

1.  **""Buen Manual"":** Esto es vago. ¿Qué tan detallado es? ¿Incluye ejemplos específicos para diferentes tipos de restaurantes, tamaños de equipo, etc.? ¿Está actualizado? Un buen manual debería ser una biblia de procedimientos, con checklists, flujogramas, y soluciones a problemas comunes.

2.  **""Visita para arrancar"":** ¿Quién realiza la visita? ¿Es un consultor experimentado en restaurantes o un técnico que solo sabe instalar el software? ¿Cuánto dura la visita realmente? ¿Se enfoca en capacitar al personal clave o solo al dueño? ¿Qué tipo de soporte ofrecen después de la visita inicial?

3.  **""Garantía WhatsApp: Un mes de auditoría diaria"":** Esto suena bien en papel, pero la efectividad depende de varias cosas:
    *   ¿Qué tan ""diaria"" es? ¿Responden los fines de semana? ¿En horarios nocturnos?
    *   ¿Quiénes son los auditores? ¿Tienen experiencia real en gestión de restaurantes? ¿Entienden la idiosincrasia de un restaurante argentino?
    *   ¿Qué tipo de informes generan? ¿Son solo métricas frías o incluyen recomendaciones prácticas y personalizadas?
    *   ¿Cómo se mide la mejora? ¿Qué KPIs (Key Performance Indicators) utilizan para evaluar el éxito?

4.  **""Seguro de Persistencia: Visitas sorpresa"":** Esto puede ser más una molestia que una ayuda si no está bien gestionado.
    *   ¿Cada cuánto son las visitas sorpresa? ¿Hay un patrón predecible?
    *   ¿Quién realiza las visitas? ¿Son lo suficientemente discretos para no incomodar a los clientes?
    *   ¿Qué tipo de evaluación hacen durante la visita? ¿Se enfocan solo en el cumplimiento de los procedimientos o también en la calidad del servicio al cliente?
    *   ¿Cómo se comunican los resultados de la visita? ¿Hay un proceso de feedback constructivo?

5.  **""Testimonios"":** La falta de transparencia es una bandera roja.
    *   No basta con nombres y apellidos genéricos. Necesito nombres de restaurantes reales que pueda buscar en Google o en redes sociales.
    *   Preferiría videos cortos con los dueños hablando de su experiencia real, mostrando resultados concretos.
    *   Lo ideal sería poder contactar directamente a algunos de esos dueños para hacer preguntas específicas.

En resumen, la propuesta suena prometedora, pero carece de detalles concretos y transparentes. Hay demasiadas áreas grises que podrían generar frustración y hacer que la inversión no valga la pena. Necesitaría mucha más información y datos duros antes de tomar una decisión.
","Considerando mi experiencia en el rubro, mi aversión al riesgo debido a la inestabilidad económica actual (inflación) y la necesidad de proteger mi patrimonio, pero reconociendo que no puedo quedarme atrás en la transformación digital y la necesidad de modernizar mi negocio, llego a la siguiente conclusión:

**La propuesta presenta cierto potencial a largo plazo, pero los riesgos inmediatos asociados a la situación económica actual son demasiado altos.** El costo inicial, sumado a la incertidumbre inflacionaria y los posibles sobrecostos, me generan demasiada angustia. Aunque el análisis técnico muestra mejoras potenciales, prefiero esperar a un contexto más favorable para invertir en este tipo de soluciones. Podría considerar una prueba piloto a muy pequeña escala si las condiciones fueran excepcionalmente beneficiosas, pero no una implementación a gran escala ahora.

[VOTO: NO]
"
Agent_073,ENTJ,SÍ,ALTA,"¡Uff, veamos esta movida de Megan! Suena interesante, pero vamos a desmenuzarla bien, como buen dueño de restaurante argentino que soy. Acá va mi análisis en tres pasos:

**R1 (Tu instinto de negocio puro):**

A ver, la idea de recuperar tiempo suena genial. ¿Quién no quiere laburar menos y ganar más? Eso de que el equipo decida sin consultarme... mmm, me da un poco de cosa perder el control, pero si realmente funciona y me libera tiempo para enfocarme en cosas más importantes (como pensar en cómo ganarle a la inflación), podría valer la pena. Los testimonios me dan un poco de confianza, pero hay que ver si son reales o puro chamuyo. $200.000 es una buena torta, espero que valga cada peso.

**R2 (Análisis técnico de la propuesta):**

*   **Manual de Operaciones:** Checklists y protocolos siempre suman, si están bien armados. Me ahorraría tiempo de capacitar gente nueva.
*   **Entrenamiento Presencial:** 3 días intensivos en mi local es clave. Ahí veo si realmente saben del rubro o son puro humo.
*   **Garantía de 30 días por WhatsApp:** Me da tranquilidad tener a alguien que te responda rápido cuando estás en el horno.
*   **Seguro de Persistencia:** Las auditorías sorpresa son buena idea para asegurarme de que el equipo no se relaje después del entrenamiento. Que lo corrijan sin costo extra está buenísimo.
*   **Prueba Social:** Necesitaría hablar con esos dueños para ver si realmente les funcionó antes de poner la plata.

**Veredicto:**

Si bien la propuesta tiene cosas interesantes, los $200.000 me parecen caros si al final no me aseguran resultados. Necesitaría más pruebas concretas de que esto realmente funciona antes de invertir. Me da cosa que sea una ""receta mágica"" y después termine siendo más laburo para mí.

[VOTO: NO]
","Okay, analicemos fríamente la propuesta técnica de Megan, dejando de lado la parte económica y mis miedos sobre la situación del país. Concentrándonos en el servicio en sí, veo algunas potenciales fallas:

*   **Manual de Operaciones:** Si bien es una buena idea en teoría, la efectividad depende de qué tan específico y adaptable sea a mi restaurante. Un manual genérico no me sirve de nada. Necesito saber si realmente se toman el trabajo de entender mi menú, mi clientela y la forma en que operamos actualmente. ¿Está en español rioplatense o en un lenguaje más formal que mi gente no usaría?

*   **Entrenamiento Presencial:** 3 días pueden ser insuficientes para cambiar hábitos arraigados en mi equipo. ¿Cubren todos los roles (cocina, salón, barra)? ¿Cómo manejan el tema del personal que no está dispuesto a cambiar? ¿Y si alguno de mis empleados estrella no puede asistir esos días? Quizás necesitaría más días o un seguimiento online.

*   **Garantía de 30 días por WhatsApp:** Si bien la rapidez de respuesta es valiosa, ¿quién me garantiza que la persona del otro lado realmente me va a solucionar los problemas? Un simple ""ya te respondo"" no me sirve. Necesito saber si tienen la capacidad de diagnosticar problemas a distancia y ofrecer soluciones prácticas. Además, ¿qué pasa después de los 30 días?

*   **Seguro de Persistencia:** Las auditorías sorpresa son buenas, pero ¿cómo reacciona mi equipo ante la ""policía"" de Megan? ¿Pueden generar resentimiento y afectar el ambiente laboral? ¿Y si encuentro problemas en la auditoría, pero la corrección no es efectiva? ¿Hay un límite en la cantidad de correcciones sin costo? ¿Cómo se aseguran de que el equipo realmente aprenda y no solo siga las reglas por miedo a la auditoría?

El principal problema que veo es la falta de personalización y la dificultad de asegurar resultados a largo plazo. Es como un antibiótico: si no se toma la dosis correcta y durante el tiempo necesario, la infección vuelve. Necesitaría más detalles sobre la metodología y cómo se adaptan a las particularidades de mi negocio para sentirme más seguro.
","Considerando mi instinto emprendedor (R1) y el análisis de costos y potencial de la propuesta (R2), mi veredicto final es: la propuesta tiene riesgos, pero el potencial de crecimiento a largo plazo es atractivo. Dado el contexto económico actual y la necesidad de reinvertir para eventualmente prosperar en el futuro [VOTO: SÍ].
"
Agent_090,ENFP,NO,DUDOSO,"¡Uf, a ver, vamos a analizar esto! De entrada, me suena interesante, pero hay que ver si es puro humo o si realmente sirve para sacarme laburo de encima.

**R1 (Mi instinto de negocio puro):** Mirá, la idea de tener más tiempo libre me tienta muchísimo. Estoy hasta las manos laburando y a veces siento que no veo a mis hijos. Si realmente este sistema me da 15 horas más a la semana, ¡lo quiero ya! Pero... $200.000 no es moco de pavo. Necesito estar segura de que no es plata tirada. Me preocupa que sea mucho ""bla bla"" y poca acción real. Me tira un poco para atrás la idea de tener que implementar todo yo, me da cosa que mi equipo se resista.

**R2 (Análisis técnico de la propuesta):**

*   **Manual de Operaciones Blindado:** Me gusta la idea de tener todo bien detallado y estandarizado. Eso siempre ayuda a que las cosas salgan mejor. Pero, ¿será realmente adaptable a mi negocio? Cada lugar es un mundo.
*   **Despegue Presencial:** Tres días intensivos, zafa, pero, ¿será suficiente para que todo el equipo entienda y aplique el sistema? A veces los empleados son medio reacios a los cambios.
*   **Garantía de 30 Días (WhatsApp):** La auditoría diaria por WhatsApp me da un poco de desconfianza, me suena a mucho chamuyo y poca solución real. Prefiero un contacto más directo.
*   **Seguro de Persistencia:** Las visitas sorpresa me dan tranquilidad, pero ¿qué pasa si los problemas son más profundos que una simple corrección en el acto?
*   **Prueba Social:** Los testimonios son importantes, pero necesito saber quiénes son esos dueños y si sus negocios son similares al mío. Que sean de CABA/GBA me da una idea, pero necesito más data.

**Veredicto:** Mmm... estoy en duda. Me gusta la idea, pero tengo muchas dudas sobre la efectividad real y la adaptabilidad a mi negocio. Necesitaría hablar con los dueños que dan testimonio para confirmar si esto va en serio. Por ahora...

[VOTO: NO]
","Tenés razón, a ver, ajustando el foco a la propuesta en sí, sin meterme en el bolsillo...

*   **Manual de Operaciones Blindado:** Suena genial tener todo estandarizado, pero me preocupa que sea un manual genérico. ¿Cómo se adapta a las particularidades de *mi* menú, *mi* clientela, *mi* estilo de servicio? Un manual demasiado rígido puede matar la creatividad y el toque personal que hace único a mi local. Necesito saber si hay margen para personalizarlo de verdad.
*   **Despegue Presencial:** Tres días es poco. Mi equipo no va a cambiar hábitos de años en tres días. Va a ser como un curso intensivo que se olvida a la semana. Necesitaría un seguimiento más continuo, quizás con capacitaciones online o visitas más espaciadas en el tiempo para reforzar lo aprendido.
*   **Garantía de 30 Días (WhatsApp):** Una auditoría diaria por WhatsApp es superficial. ¿Van a revisar las cámaras? ¿Van a probar la comida? ¿Van a interactuar con los clientes para ver cómo se sienten? Dudo que puedan hacer una evaluación profunda del servicio solo con mensajitos. Necesitaría algo más exhaustivo y personalizado, como un análisis de datos de ventas, encuestas de satisfacción, etc.
*   **Seguro de Persistencia:** Las visitas sorpresa están buenas, pero ¿qué pasa si los problemas son estructurales? ¿Si tengo un proveedor que me está fallando, si la cocina está mal distribuida, si tengo un empleado con problemas personales que afecta su rendimiento? ¿La visita sorpresa va a solucionar eso? Necesitaría una evaluación más completa del negocio y un plan de acción a largo plazo.
*   **Prueba Social:** Los testimonios son poco específicos. Necesito ver casos concretos: ¿cómo mejoró la rotación de personal? ¿Cuánto aumentaron las ventas promedio? ¿Cómo optimizaron los costos de los insumos? Necesito números, datos duros que demuestren el valor real del sistema. Además, me gustaría saber si tienen experiencia en negocios como el mío, con el tamaño y el volumen de facturación que tengo. Si solo laburaron con franquicias enormes, no sé si me sirve.
","Ok, después de analizar la situación con mi instinto y considerar los aspectos técnicos, mi veredicto final es:

La propuesta tiene potencial, y entiendo la necesidad de innovar para atraer clientes. Sin embargo, con la incertidumbre económica actual y mi preocupación principal siendo llegar a fin de mes, necesito estar absolutamente seguro de que la inversión tendrá un retorno tangible y rápido.

Basado en mis temores y considerando que soy Peronista, y por lo tanto en contra de las ideas de este gobierno, mi voto no es positivo.

[VOTO: NO]
"
Agent_067,ESFP,NO,ALTA,"¡Uff, a ver, vamos a analizar esto con la calculadora en la mano y el mate a un costado!

**R1 (Instinto de Negocio Puro):**

""Libertad total garantizada""... Suena a chamuyo marketinero, pero la idea de delegar y sacarme quilombos de encima me tienta muchísimo. Tres días de entrenamiento en el local suena intenso, ¡pero prefiero eso a tener que leer un manual kilométrico! Lo de las visitas sorpresa me da un poco de cosa, ¿será que me van a encontrar todo patas para arriba? Los testimonios me dan algo de confianza; siempre es bueno saber que hay otros que ya lo probaron y les funcionó. El precio... $200.000, ¡uff! Duele, eh. Pero si realmente me libera tiempo y me ayuda a que el negocio funcione mejor, podría llegar a valer la pena.

**R2 (Análisis Técnico de la Propuesta):**

*   **Manual:** Bien, tener algo escrito es fundamental. Pero, ¿será realmente práctico? ¿O será un mamotreto que nadie va a leer?
*   **Entrenamiento:** Clave que sea presencial. Ahí se ven los problemas reales y se pueden solucionar en el momento.
*   **Garantía WhatsApp:** Interesante tener ese soporte. Quiero ver qué tan rápido responden y si realmente solucionan los problemas.
*   **Visitas Sorpresa:** Acá es donde tengo más dudas. ¿Qué pasa si encuentro que no están cumpliendo? ¿Qué nivel de ""corrección"" ofrecen?
*   **Prueba Social:** Necesito ver esos testimonios de verdad, escuchar a los otros dueños. No me quedo solo con lo que dice el papel.
*   **Precio:** Hay que hacer números finos. ¿Cuánto vale mi tiempo libre? ¿Cuánto me cuesta el desorden actual? ¿Esto realmente va a aumentar la rentabilidad?

**Veredicto:**

Si bien el discurso es tentador y la promesa de libertad es algo que necesito como el agua, tengo demasiadas dudas sobre la ejecución y la letra chica. Necesitaría más información y hablar directamente con los dueños que dan testimonio antes de tomar una decisión. Por ahora, me quedo con la duda y prefiero seguir remándola como vengo.

[VOTO: NO]
","Ok, analizando fríamente la propuesta técnica y de servicio, dejando de lado el precio y las promesas generales, veo estas fallas:

*   **Manual:** Asumo que el manual es un documento escrito, pero no se especifica la profundidad del mismo, nivel de detalle, si cubre todas las áreas del negocio, ni si se actualiza. ¿Qué tan útil será realmente? ¿Es específico para mi tipo de restaurante o es un manual genérico?¿Qué pasa si tengo dudas que no están resueltas en el manual?

*   **Entrenamiento Presencial:** Tres días son muy pocos si se trata de un negocio complejo. ¿Cuál es el temario del entrenamiento? ¿Quiénes lo dictan?¿El equipo recibe algún tipo de certificación? ¿Se adapta a las necesidades específicas de mi local y a mis empleados? ¿ Hay un seguimiento posterior o es solo esos 3 días y ""arreglate""?

*   **Garantía WhatsApp:** Depender de WhatsApp para resolver problemas operativos suena informal y poco profesional. ¿Hay horarios de atención? ¿Cuál es el tiempo de respuesta garantizado? ¿Qué temas cubren? ¿Quiénes atienden los mensajes, personal capacitado o un bot? ¿Existe un sistema de seguimiento de los problemas reportados?

*   **Visitas Sorpresa:** NO está claro qué acciones correctivas puede tomar la empresa si detecta fallas. ¿Tienen poder de sanción? ¿Pueden despedir empleados? ¿Sólo advierten y dejan que yo me encargue? ¿Qué parámetros se usan para evaluar el cumplimiento? ¿Hay un informe detallado posterior a la visita? ¿Cada cuánto son las visitas, frecuencia? ¿Qué pasa si no estoy de acuerdo con sus conclusiones?

*   **Prueba Social:** Los testimonios son solo palabras. Necesito nombres, datos de contacto, saber qué tipo de negocio tienen y qué problemas específicos les resolvió la empresa. Sin verificar la validez de esos testimonios, no valen nada.
","A ver, después de masticar todo, y teniendo en cuenta que el mango no sobra y la incertidumbre es el plato principal de todos los días...

**Veredicto Final:** Si bien el instinto me dice que hay algo interesante para explorar acá (R1), y el análisis técnico (R2) me muestra que puede haber potencial, la verdad es que en este momento, con la que está cayendo, **no puedo arriesgarme**. Necesito algo más tangible, más seguro, con menos ""puede ser"" y más ""esto te dará resultados"".

[VOTO: NO]
"
Agent_095,ESFP,SÍ,DUDOSO,"¡Uf, a ver... ""Libertad Total Garantizada"", suena chamuyo! Pero vamos a analizarlo tranqui.

*   **R1 (Instinto de negocio puro):** $200.000 suena interesante si realmente me libera tiempo. Si esto me saca quilombos de encima y me deja pensar en crecer, es negocio. Si es para sumar otra cosa que controlar, ¡ni loco! Los testimonios me dan un poco de confianza, pero quiero nombres y apellidos, ¡no vendo pescado podrido!

*   **R2 (Análisis técnico):**
    *   **Manual Blindado:** Checklists y protocolos, suena a laburo de consultora, pero si son prácticos y el equipo los usa, bienvenido sea.
    *   **Despegue Presencial (3 días):** Me gusta, necesito ver a la gente de Megan en mi local, que vean cómo laburamos. Tres días es poco, pero algo es algo.
    *   **Garantía 30 días (WhatsApp):** ""Auditoría diaria y dudas en tiempo real""... ¡Eso es un garrón! Voy a estar pegado al celu todo el día. Pero bueno, por un mes se aguanta.
    *   **Seguro de Persistencia:** ¡Buena idea! Las visitas sorpresa me dan tranquilidad de que no se relajen a los dos meses.
    *   **Prueba Social:** Insisto, quiero nombres y datos de contacto para llamar a estos dueños y ver si es verdad que funciona.

*   **Veredicto:** Viendo que las garantías y auditorias ayudan a superar mi miedo a que sea un gasto inútil, y si me dan los contactos de los dueños que recuperaron tiempo, creo que le doy una oportunidad.

[VOTO: SÍ]
","A ver, repasando la propuesta técnicamente...

*   **Manual Blindado:** ""Checklists y protocolos""... ok, depende mucho de qué tan específicos sean. Si son genéricos y copiados de internet, no sirven. Necesito ver ejemplos concretos para mi tipo de local y mi menú. ¿Están actualizados con las últimas regulaciones bromatológicas? ¿Incluyen capacitación para el personal o es solo un papel pegado en la pared?
*   **Despegue Presencial (3 días):** Tres días es muy poco tiempo para implementar cambios significativos. ¿Alcanza para capacitar a todo el personal? ¿Qué pasa si surgen problemas después de esos tres días? ¿Hay seguimiento?
*   **Garantía 30 días (WhatsApp):** Como dije antes, estar pegado al WhatsApp todo el día es un garrón. ¿No tienen una plataforma más seria para esto? ¿Qué pasa si el auditor no entiende mi negocio y me da consejos absurdos? Necesito un auditor con experiencia en mi rubro (parrilla/tradicional).
*   **Seguro de Persistencia:** Visitas sorpresa son buenas, pero ¿qué tan frecuentes son? ¿Y qué pasa si detectan un problema? ¿Solo lo señalan o ofrecen soluciones y acompañamiento? ¿Tienen un plan de acción definido?
*   **Prueba Social:** Ya dije que necesito nombres y datos de contacto. Pero además, ¿qué tipo de locales tienen esos dueños? ¿Son similares al mío o son franquicias con otra estructura? No es lo mismo manejar un local familiar que una cadena.

En resumen, la propuesta suena bien en el papel, pero le falta especificar muchos detalles técnicos. Depende mucho de la calidad y la profundidad de los materiales y del seguimiento real que ofrezcan. Si no, es solo un gasto inútil.
","Bueno, después de darle vueltas y considerar todo, tanto lo que siento en la tripa como los números fríos, llego a una conclusión. La verdad, la cosa está dura y hay que ser cauteloso.

[VOTO: NO]

Si bien entiendo el potencial y las ganas de crecer son grandes, con la situación actual del país, el miedo a no llegar a fin de mes me pesa demasiado. Prefiero esperar a que las cosas se calmen un poco antes de arriesgarme a algo nuevo. Agradezco la propuesta, pero ahora mismo no es el momento adecuado para mí.
"
Agent_081,ENFP,SÍ,ALTA (Instinto R1),"¡Uf, vamos a ver qué onda esta propuesta de Megan! A ver... ""Libertad Total Garantizada""... suena lindo, pero conozco esa cantinela.

*   **R1 (Mi instinto de negocio puro):** $200 lucas... ¡es una bocha! Pero si de verdad me libero de quilombos y puedo dejar el local en manos de mi equipo sin que se me caiga todo a pedazos, podría llegar a valer la pena. Lo de las visitas sorpresa me da un poco de cosa, ¿será muy ""sapeo""? Los testimonios me dan un poco de confianza, pero habría que ver si son posta o chamuyo.

*   **R2 (Análisis técnico de la propuesta):** El manual en PDF suena bien, necesito estandarizar procesos a full. Los 3 días de entrenamiento intensivo PRESENCIAL me re sirven, porque así me aseguro de que todos entiendan la movida. La garantía con WhatsApp está buena, pero habría que ver qué onda la disponibilidad de Megan. Lo de las auditorías sorpresa... mmm, no sé, me sentiría un poco vigilada, ¡pero si mantiene el estándar, me cierra!

*   **Veredicto:** Es mucha guita, y me da cosa esto de que me vengan a auditar... Pero la verdad, necesito organizarme más y delegar. Me la juego, si no me va bien, puteo un rato y sigo laburando, como siempre.

[VOTO: SÍ]
","Ok, analizando la propuesta técnica de Megan desde tu perspectiva como dueña de restaurante con las características que me describiste, veo varios puntos débiles potenciales:

*   **Manual en PDF:** Un manual en PDF está bien para empezar, pero si no es súper claro, visual y adaptable a las particularidades de tu local, se va a quedar juntando polvo. Necesitas algo que sea fácil de consultar en el día a día, idealmente accesible desde el celular para resolver dudas rápidas. ¿El manual considera las diferencias entre tu menú, tu clientela y la de otros restaurantes? ¿Está pensado para gente con poca experiencia leyendo manuales técnicos?

*   **3 días de entrenamiento PRESENCIAL:** Tres días pueden ser insuficientes para interiorizar a todo tu equipo en los nuevos procesos. ¿Qué pasa con los empleados que no puedan asistir? ¿Hay material de seguimiento online o sesiones de refuerzo? Además, la efectividad del entrenamiento dependerá mucho de la calidad del capacitador y de si se adapta a las necesidades específicas de tu personal. Podría ser un esfuerzo grande con resultados limitados si no está bien implementado.

*   **Garantía con WhatsApp:** Suena bien en teoría, pero ¿qué tan rápido y efectivo es el soporte por WhatsApp? ¿Hay un horario de atención definido? ¿Quién responde las consultas? ¿Son respuestas genéricas o realmente personalizadas? La disponibilidad y la calidad del soporte son cruciales para que la garantía sea valiosa.

*   **Auditorías sorpresa:** Aunque te ayudarían a mantener el estándar, pueden generar mucha tensión y resistencia en tu equipo. ¿Cómo se maneja el feedback de las auditorías? ¿Son constructivas y orientadas a la mejora o solo punitivas? Si no se implementan con tacto, pueden desmoralizar a tus empleados y crear un ambiente de trabajo negativo. Además, tendrías que asegurarte de que las auditorías sean objetivas y relevantes para tu tipo de negocio. No es lo mismo auditar una parrilla que un café de especialidad.
","Considerando mi experiencia y las herramientas que tengo a mi alcance, llego a la conclusión de que la propuesta tiene potencial. Sin embargo, es crucial analizarla con lupa y adaptarla a mi realidad. El miedo a no llegar a fin de mes es un factor clave a considerar y el impacto en el poder adquisitivo es fundamental. 

[VOTO: SÍ] (Condicionado a una revisión exhaustiva y adaptación a mi situación financiera particular).
"
Agent_012,ENTJ,NO,DUDOSO,"¡A ver, pibe! Vamos a desmenuzar esto que me mandaste, que a mis años ya vi pasar más promesas que colectiveros en la 9 de Julio.

**R1: (Mi instinto de negocio puro)**

Mirá, la idea de ""recuperar la libertad"" me suena lindo, como un tango. A los 70, lo que más valoro es no tener que estar atado a la cocina como un perro a la cadena. Pero... ¿200 lucas por un ""sistema de control total""? Me suena chamuyo marketinero. ¡Yo manejo este boliche desde antes que vos nacieras! ¿Quién me va a venir a decir cómo tengo que hacer las cosas? El miedo que tengo es que me vendan humo disfrazado de ""innovación"".

**R2: (Análisis técnico de la propuesta)**

Ok, vamos por partes:

*   **Manual de Operaciones:** Suena bien, pero depende de si es algo genérico o realmente adaptado a MI restaurante. Si es un copy-paste, no sirve. Los check-lists y protocolos pueden ser útiles, pero la ""Matriz de Manejo de Crisis"" suena a consultora cara.
*   **Despegue Presencial:** 3 días metiendo gente extra en mi cocina... ¡uff!, es un quilombo. A menos que sean unos genios, me van a generar más trabajo que soluciones.
*   **Garantía de 30 Días:** WhatsApp me parece poco serio. Yo quiero un teléfono al que llamar.
*   **Seguro de Persistencia:** Las visitas sorpresa son una buena idea para asegurarse de que el equipo no vuelva a las viejas mañas. Pero ¿quién es ""Megan""? ¿Tiene expertise real en restaurantes?
*   **Prueba Social:** Los testimonios son importantes, pero quiero hablar con esos dueños yo mismo. Si me dicen que recuperaron 15 horas, les pido el teléfono y los llamo.

El precio... 200 lucas es mucha guita, especialmente con esta inflación. Tendría que estar MUY seguro de que va a funcionar.

**Veredicto:**

Si bien la idea central tiene potencial, hay demasiados ""peros"". Necesito más pruebas concretas de que Megan entiende mi negocio y que puede aportar valor real. En este momento, con el dólar como está y la inflación galopante, no me arriesgo a tirar esa cantidad de plata.

[VOTO: NO]
","A ver, pibe, tenés razón. Me dejé llevar por mis miedos económicos. Concentrémonos en la propuesta en sí, dejemos el dólar de lado por un rato. Igualmente sigo pensando que 200 lucas es un montón, pero si el servicio lo vale...

**R1: (Manual de Operaciones con lupa)**

*   **Genérico vs. A Medida:** Sigo insistiendo con esto. Si el manual no es un traje hecho a medida para MI restaurante, es papel mojado. Necesito ver un ejemplo CONCRETO de un manual adaptado a un lugar como el mío. ¿Tenés uno para mostrar, o solo palabras bonitas?
*   **Check-Lists y Protocolos:** Bien, pero ¿quién los diseñó? ¿Alguien con experiencia real en un restaurante argentino, o un licenciado en marketing con un libro bajo el brazo? Quiero ver los CVs de los redactores.
*   **Matriz de Manejo de Crisis:** Suena lindo, pero en la práctica, ¿qué incluye? ¿Cómo manejan un corte de luz? ¿Una intoxicación? ¿Una pelea entre clientes? Necesito ejemplos concretos y un protocolo de acción claro.

**R2: (El quilombo del Despegue Presencial)**

*   **3 Días de Invasión:** Insisto, es un riesgo. Mis empleados son gente de años. ¿Cómo garantizas que no van a sentir esto como una amenaza? ¿Cómo evitamos fricciones que terminen en renuncias?
*   **¿Quiénes son los genios?:** Quiero saber quiénes son esas personas que van a meterse en mi cocina. ¿Cuántos años de experiencia tienen? ¿En qué tipo de restaurantes trabajaron? Necesito nombres, apellidos y referencias, no solo promesas.

**R3: (Garantías y Seguimiento con dudas)**

*   **WhatsApp vs. Teléfono:** Me sigue pareciendo poco profesional. Un problema en un restaurante no se resuelve con un mensaje. Necesito una línea directa con alguien que pueda tomar decisiones rápido.
*   **""Megan"" la misteriosa:** ¿Por qué no me das más detalles sobre ella? ¿Qué expertise tiene en mi rubro? ¿Trabajó en restaurantes similares al mío? Quiero saber su historia, no solo su nombre.
*   **Prueba Social Detallada:** No me alcanza con testimonios genéricos. Quiero nombres y números de teléfono de dueños con restaurantes parecidos al mío. Quiero saber qué problemas concretos resolvieron y cómo el servicio los ayudó.

**Veredicto (con la calculadora en la mano):**

Sigo viendo demasiadas áreas grises. Si no me respondés estas preguntas con detalles concretos y demostrables, sigo pensando que el precio es excesivo para el riesgo que implica. Necesito ver más sustancia y menos humo.

[VOTO: Todavía NO. Necesito más información.]
","Considerando mi instinto curtido en años de lidiar con la volatilidad argentina y mi análisis (sí, a los 70 me actualicé un poco), llego a una conclusión pragmática. La propuesta, en términos generales, presenta aspectos interesantes que podrían generar una mejora en la eficiencia y rentabilidad de mi negocio. Sin embargo, la incertidumbre económica actual y la falta de garantías concretas sobre el control de la inflación pesan demasiado en la balanza. Si bien reconozco el valor estratégico de la digitalización y la optimización de procesos, me preocupa la viabilidad a largo plazo en un contexto tan impredecible.

Por lo tanto, después de sopesar todos los factores:

[VOTO: NO]
"
Agent_091,ENTJ,SÍ,DUDOSO,"¡Uff, vamos a ver este menjunje que pinta interesante! A ver si Megan me salva o me hunde más en el barro.

**R1 (Tu instinto de negocio puro):** Mirá, el tema de ""libertad total"" me suena a verso marketinero. Libertad total para mí es tener guita en el bolsillo y que mi laburo no me esclavice. Los manuales y protocolos suenan bien, porque tener al equipo aceitado es clave. Lo de que vengan a mi local... depende, si son vivos y no me bardan el laburo, puede valer la pena. Pero $200.000 es un fangote de guita, eh. ¡Más con la que está cayendo! Lo de las auditorías... si son constructivas, joya, si son para criticar, que se queden en la casa. Los testimonios me dan un poco de confianza, pero quiero hablar con esos tipos antes de poner un mango.

**R2 (Análisis técnico de la propuesta):**

*   **Manual de Operaciones Blindado:** Útil si está bien hecho y es adaptable a mi negocio. Sino, es un gasto innecesario.
*   **Despegue Presencial:** Tres días son clave para que el equipo entienda la movida. Si no lo captan, chau plata.
*   **Garantía de 30 DÍAS (WhatsApp):** Me gusta el soporte continuo, pero espero que respondan rápido, no que me dejen clavado.
*   **SEGURO DE PERSISTENCIA:** Las visitas sorpresa son un arma de doble filo. Si identifican problemas reales y los solucionan, bien. Si son solo para buscar el pelo en el huevo, me hacen perder tiempo.
*   **PRUEBA SOCIAL:** Necesito chequear esos testimonios. Que me pasen los contactos y los llamo personalmente.

**Veredicto:** Me genera dudas el costo y que vendan ""libertad total"". Es arriesgado, pero con el quilombo que tengo, si realmente me ayuda a delegar y tener un poco de aire, podría valer la pena. Pero... *tengo que hablar con los dueños que ya lo probaron*. Si me dan el OK, me arriesgo.

[VOTO: NO] (Por ahora, necesito más data para decidirme)
","A ver, analizando la propuesta de Megan con lupa de laburante que no quiere tirar la plata:

*   **Manual de Operaciones Blindado:** ""Blindado"" suena a chamuyo. Ningún manual es infalible, y menos si no se adapta a la idiosincrasia de mi parrilla. Necesito saber si es realmente personalizable o un copy-paste genérico. Me gustaría ver un ejemplo real antes de poner un mango.

*   **Despegue Presencial:** Tres días, cruciales, sí, pero ¿qué contenido? ¿Quiénes van a dar la capacitación? ¿Tienen experiencia real en el rubro gastronómico, o son puro PowerPoint y teoría? Necesito saber más del ""staff"" que me van a mandar.

*   **Garantía de 30 DÍAS (WhatsApp):** WhatsApp es bueno, pero ¿quién responde? ¿Un bot o una persona real con capacidad de solucionar problemas? ¿Qué tipo de problemas cubren? Si es solo para ""preguntas frecuentes"", no me sirve. Necesito una respuesta rápida y soluciones concretas, no un ""ticket"" abierto que se olvide en el limbo.

*   **SEGURO DE PERSISTENCIA:** ""Visitas sorpresa"" suenan a control policial, no a ayuda. Quiero saber con qué frecuencia vienen, qué revisan exactamente y cómo presentan las conclusiones. ¿Me van a dar un informe detallado y propuestas de mejora, o solo una lista de quejas? Que sean constructivas, no destructivas.

*   **PRUEBA SOCIAL:** Clave, pero no me sirve un ""están todos contentos"". Necesito nombres, teléfonos y la libertad de preguntarles sin filtro cómo fue su experiencia real. Y que no sean solo dueños de restaurantes de lujo, quiero escuchar a alguien que la peleé como yo.

En resumen, la propuesta suena bien en el papel, pero le falta transparencia y especificidad. Necesito más detalles concretos sobre el contenido, el personal y el tipo de soporte que ofrecen. Si no, es como comprar un auto con los ojos vendados.
","A ver, después de escuchar el instinto y analizar los números, tengo que pensar primero en cómo llego a fin de mes y si esta propuesta me ayuda a eso. Con la situación actual, cada peso cuenta.

Si la propuesta implica un costo inicial elevado o un riesgo financiero considerable, la verdad es que me tira para atrás. El miedo a no llegar a fin de mes es muy fuerte. Ahora, si veo que la inversión es accesible y el retorno es rápido, ahí la cosa cambia.

Si la propuesta ayuda a atraer más gente al local, a optimizar costos (luz, gas, ingredientes...), o a aumentar la eficiencia del personal, entonces puede ser interesante. Si encima es algo que puedo implementar gradualmente, mejor todavía.

Necesito sentir que el beneficio es tangible en el corto plazo y que no me va a endeudar. También es clave que sea fácil de usar y entender, no tengo tiempo para andar aprendiendo cosas complicadas.

En resumen: si me ayuda a respirar económicamente y no me complica la vida, [VOTO: SÍ]. Sino, [VOTO: NO]. Necesito más detalles concretos para inclinar la balanza.
"
Agent_065,INFJ,SÍ,DUDOSO,"¡Uy, mirá vos! A ver, a ver... ""Libertad Total Garantizada"", suena lindo, eh. Con lo que laburo yo, quién no quiere un poco de libertad. Pero vamos a ser sinceros, acá nadie te regala nada.

**R1 (Tu instinto de negocio puro):** Mi viejo siempre decía: ""Ojo con los que te venden espejitos de colores"". ¿200 lucas por esto? Me parece un montón de guita, pero si de verdad me saca laburo de encima... quizás... ¡Pero la desconfianza siempre está!

**R2 (Análisis técnico de la propuesta):**

*   **Manual de Operaciones:** Checklists y protocolos suenan bien, necesito que mi gente labure con orden, no a los ponchazos.
*   **Despegue Presencial (3 días):** Me gusta que vengan acá, al local, a ver cómo laburamos de verdad.
*   **Garantía de 30 Días (WhatsApp):** WhatsApp diario... ¡uf! ¿No será mucho? ¿Y después? Pero bueno, al menos están ahí al principio
*   **Seguro de Persistencia:** ¡Ah, mira vos! Las visitas sorpresa me dan un poco de tranquilidad, por ahí les da cosa aflojar.
*   **Prueba Social:** Los testimonios me dan un poco de esperanza, saber que a otros les funciono suma, y si son de aca mejor.

**Veredicto:** Mmm... la guita es un tema, pero el miedo a no llegar a fin de mes multiplicado por el laburo que tengo todos los días, a veces me supera. Si esto me da un respiro posta, vale la pena el intento. Me la juego, pero con el Jesús en la boca.

[VOTO: SÍ]
","A ver, analizando la propuesta con lupa y pensando en el día a día de mi local:

*   **Manual de Operaciones:** Si bien los checklists y protocolos suenan perfectos en teoría, ¿estarán adaptados a mi tipo de cocina, a mis empleados y a cómo nos manejamos acá? A veces las cosas ""de manual"" no encajan en la realidad. Necesito ver ejemplos concretos de cómo se aplican en un lugar como el mío.
*   **Despegue Presencial (3 días):** Tres días es poco. ¿En tres días realmente pueden entender cómo funciona mi cocina, mi equipo, mis clientes? Me preocupa que sea algo superficial y que después me quede solo/a lidiando con los problemas.
*   **Garantía de 30 Días (WhatsApp):** El WhatsApp diario me parece agobiante. ¿Quién va a responder los mensajes? ¿Yo? ¿Mi encargado? ¿Y si tengo un problema urgente a las 3 de la mañana? Además, ¿qué pasa después de los 30 días? ¿Me dejan tirado/a?
*   **Seguro de Persistencia:** Las visitas sorpresa, aunque dan tranquilidad, también me generan desconfianza. ¿Van a estar criticando todo? ¿Van a hablar mal de mi personal? Necesito saber cómo son esas visitas, quién las hace y qué buscan.
*   **Prueba Social:** Los testimonios son buenos, pero necesito ver ejemplos más específicos. ¿En qué restaurantes funcionó? ¿Qué problemas tenían antes? ¿Cómo los resolvieron? No me sirve ver solo frases lindas, quiero datos concretos.

En resumen, me preocupa que la propuesta sea demasiado genérica y poco adaptada a mi realidad. Necesito más detalles, más ejemplos y garantías de que realmente van a estar ahí para ayudarme a largo plazo, y no solo durante 30 días.
","Considerando la incertidumbre económica actual y mi principal miedo a no llegar a fin de mes, necesito ser muy cautelosa con cualquier inversión. Si bien reconozco el potencial de crecimiento y eficiencia que la propuesta podría traer a mi negocio, la situación económica nacional me genera demasiada ansiedad.

[VOTO: NO]
"
Agent_039,ENTJ,SÍ,ALTA (Instinto R1),"¡A ver, vamos a analizar esta movida de Megan!

**R1 (Instinto de Negocio Puro):** A primera vista, suena interesante. ""Libertad total garantizada"" es un anzuelo potente para un tipo como yo que está hasta las manos. El miedo a que el equipo no funcione sin mí es real, y la idea de delegar sin que se caiga el negocio es tentadora. El precio no me asusta si realmente cumple lo que promete.

**R2 (Análisis Técnico de la Propuesta):**

*   **Manual de Operaciones Blindado:** Suena bien, pero hay que ver si es puro chamuyo o si realmente son herramientas útiles y prácticas.
*   **Despegue Presencial:** Tres días en el local, ¡ojo! Puede ser un quilombo interrumpir el ritmo. Habría que ver cómo impacta en ventas y en la moral del equipo.
*   **Garantía de 30 Días (WhatsApp):** Esto me da confianza. Auditoría diaria y resolución de dudas es un buen respaldo.
*   **Seguro de Persistencia:** Las visitas sorpresa son un plus para asegurar que el cambio se mantenga en el tiempo. Acá veo el verdadero valor agregado.
*   **Prueba Social:** Los testimonios son clave. Habría que verificar que sean reales y de negocios similares al mío.

**Veredicto:** Me gusta la idea, la garantía y el seguimiento me dan confianza. El tema es ver si el manual está bien hecho y si la implementación no es un desastre que me haga perder plata. Pero, en principio, le doy una oportunidad.

[VOTO: SÍ]
","Okay, analicemos fríamente la propuesta de Megan, enfocándonos en los aspectos técnicos y de servicio, ignorando por completo el contexto económico general.

**Fallas Potenciales en la Propuesta Técnica:**

*   **Manual de Operaciones Blindado: La Caja Negra.**  ""Blindado"" suena a secreto guardado, y mi experiencia me dice que lo importante es la adaptabilidad, no la rigidez.  ¿Qué tan adaptable es ese manual a las particularidades de mi negocio? ¿Está pensado para parrillas como la mía o es genérico y superficial?  La falta de detalle sobre el contenido y la metodología del manual es una bandera roja. ¿Quién lo hizo? ¿Tiene experiencia real en negocios como el mío?
*   **Despegue Presencial: Interrupción Costosa.** Tres días de Megan en el local pueden ser una disrupción tremenda. ¿Entiende Megan el ritmo de una parrilla? ¿Viene con soluciones prácticas para minimizar la interrupción durante esos días o solo a observar?  ¿Quién cubre los baches que deje en la operativa? ¿Cómo evitar el ""ruido"" que su presencia pueda generar en mis empleados?  Si la implementación es caótica, esos tres días podrían costarme caros en ventas y en moral del equipo.
*   **Garantía de 30 Días (WhatsApp): Superficial.**  La auditoría diaria por WhatsApp suena a control remoto y poco profundo. ¿Quién realiza esa auditoría? ¿Qué métricas se auditan? ¿Tienen la capacidad de entender los matices de mi negocio a través de un chat?  La resolución de dudas por WhatsApp puede ser lenta e impersonal, especialmente en momentos críticos.  Necesito entender la profundidad y la calidad de ese soporte. Esto podría ser útil pero es más probable que sea ineficaz.
*   **Seguro de Persistencia: Visitas Misteriosas.**  Las visitas sorpresa suenan bien, pero ¿bajo qué criterio se deciden? ¿Son programadas o realmente ""sorpresa""?  ¿Cómo se asegura que no generen desconfianza o resentimiento en el equipo?  Si las visitas son percibidas como una ""caza de brujas"", podrían ser contraproducentes. ¿Qué pasa si detecta desvíos, cómo actúa?
*   **Prueba Social: Testimonios Sospechosos.**  ""Negocios similares"" es vago.  Una parrilla familiar en Boedo no es lo mismo que una franquicia de hamburguesas en Puerto Madero.  Necesito referencias específicas de negocios con características similares a las mías (tamaño, ubicación, tipo de menú, clientela) y la forma de verificar esos testimonios.  Ojo con los testimonios pagados o los casos cherry-picked.

**En resumen:** La propuesta tiene potencial, pero está llena de interrogantes.  Necesito mucha más información concreta sobre cada punto, especialmente sobre el manual y el proceso de implementación.  La falta de especificidad me hace dudar de la calidad y la adaptabilidad del servicio. Hablar con alguien que ya haya usado sus servicios sería fundamental.
","Basándome en mi instinto y el análisis técnico que realicé, y considerando mi preocupación por la inflación y la inestabilidad económica, necesito ver *resultados concretos y rápido retorno de la inversión* antes de comprometerme completamente. 

Sin embargo, la propuesta tiene potencial. Si se puede demostrar que realmente ayuda a mitigar los efectos de la inflación y aumentar la rentabilidad *en un plazo razonable* (digamos, 6 meses), y si encuentro una solución para sentirme más seguro invirtiendo, entonces sí la consideraría seriamente.

Por lo tanto, **necesito más información y garantías antes de dar el visto bueno definitivo.** Por ahora, es un **SÍ condicional.** Necesito ver números reales, casos de éxito en Argentina (especialmente en contextos similares al mío), y entender los riesgos involucrados con claridad.

[VOTO: SÍ] (pero con reservas)
"
Agent_036,ESFP,SÍ,DUDOSO,"¡Uff, vamos a ver esta movida de Megan! A ver si es chamuyo o si realmente me soluciona el quilombo del día a día en el boliche.

**R1 (Instinto de Negocio):** De entrada, dos gambas me parece salado, ¡pero salado en serio! Ahora, si me dicen que recupero 15 horas por semana... ahí ya la cosa cambia. Tiempo es guita, y yo estoy laburando como un burro. Si realmente me deja más tiempo para mí y para pensar en crecer, podría valer la pena. Lo de las auditorías sorpresa suena bien, como un control para que no se relajen los pibes. Pero los testimonios... ¡hay que ver si son posta!

**R2 (Análisis Técnico):**

*   **Manual:** Checklists y protocolos suenan a burocracia, pero si están bien hechos, te ahorran dolores de cabeza.
*   **Entrenamiento:** Tres días intensivos... espero que vengan con buena onda y sepan bajar la info al equipo. Que no me vengan con tecnicismos que nadie entiende.
*   **Garantía WhatsApp:** Esto me gusta, tener a alguien ahí para sacarme las dudas en el momento es clave.
*   **Seguro de Persistencia:** Buena idea, pero a ver si después no me quieren cobrar extra por cada cosita.
*   **Prueba Social:** Necesito ver esos testimonios, escuchar a los dueños, preguntarles directamente cómo les cambió la vida.

**Veredicto:** Si los testimonios son reales, el entrenamiento es práctico y la garantía WhatsApp funciona, podría ser una buena inversión. Pero necesito más data. A ciegas...

[VOTO: NO]
","¡Dale, vamos a destripar la propuesta de Megan, pero solo del lado técnico, eh! Olvidate de la guita y los problemas del país. Acá me centro en si el servicio que ofrecen es fruta o si realmente puede cambiarme el día a día.

**Fallos en la Propuesta Técnica de Megan (según mi ojo de bolichero):**

1.  **""Manual: Checklists y protocolos suenan a burocracia..."" ¡Y lo son!** Ok, me decís que me dan los manuales, pero ¿quién los adapta a MI boliche? ¿Vienen ya pensados para un lugar como el mío o son un copy-paste genérico? Si me obligan a seguirlos al pie de la letra sin adaptarlos, capaz me complican más que me ayudan. Necesito manuales personalizables, no un manual de instrucciones de un cohete espacial.
2.  **Entrenamiento de 3 días: ¿Será suficiente?** Entiendo que quieran darle rápido, pero ¿3 días intensivos alcanzan para cambiar hábitos en un equipo que ya viene con sus mañas? ¿Y qué pasa con la rotación de personal? ¿Tengo que pagar extra cada vez que entre un nuevo empleado para que lo capaciten? Necesito un sistema de capacitación continua y accesible, no solo un cursito intensivo una vez al año.
3.  **Garantía WhatsApp: ¿Qué tan ""al toque"" es ""al toque""?** Me encanta la idea de tener a alguien en WhatsApp, ¡pero necesito saber qué tipo de respuestas me van a dar! ¿Me van a responder al toque con soluciones o me van a derivar a un manual o a otro contacto? Si la respuesta es genérica o tardan horas en responder, no sirve. Quiero una persona real que me ayude a resolver problemas específicos en el momento, no un chatbot.
4.  **Seguro de Persistencia: Demasiado vago.** ""Seguro de Persistencia""... suena a chamuyo marketinero. ¿Qué cubre exactamente? ¿Si las cosas no mejoran en cierto tiempo, me devuelven la guita? ¿Quién define si ""mejoraron"" o no? Falta transparencia en lo que realmente ofrecen con este ""seguro"".
5.  **Testimonios: ¡Muéstrenme la data dura!** Los testimonios son importantes, pero necesito ver resultados concretos. ¿Cómo les cambió la vida a los otros dueños? ¿Se redujeron los costos? ¿Aumentaron las ventas? ¿Mejoró la satisfacción del cliente? Necesito números y datos que respalden los testimonios, no solo frases lindas.

**En resumen:** La propuesta de Megan tiene buenas ideas, pero le falta aterrizarlas y darles un toque más personal. Necesito que me demuestren que realmente entienden los desafíos de mi boliche y que están dispuestos a adaptar sus servicios a mis necesidades, no al revés.
","Dale, después de darle vueltas y considerar todo, mi veredicto final es el siguiente:

**Síntesis Comercial:**

La propuesta tiene potencial para dar una mano en el día a día del negocio, especialmente en el manejo de costos y en llegar a más clientes. El temor a no llegar a fin de mes es fuerte, y si esto realmente ayuda a controlar gastos y aumentar las ventas, es una buena inversión. Pero hay que ver bien los números finos y asegurarse de que la inversión inicial y el mantenimiento no sean una carga más.

[VOTO: SÍ]
"
Agent_080,ENTJ,SÍ,ALTA (Instinto R1),"¡A ver, vamos a analizar esto como corresponde!

**R1 (Tu instinto de negocio puro):** 200 lucas... de entrada suena salado. Pero si realmente me libero de quilombos y dejo de estar atado a la persiana, podría valer la pena. Lo de las auditorías sorpresa me da un poco de cosita, pero si es para que el equipo labure bien, zafa. Los testimonios siempre suman.

**R2 (Análisis técnico de la propuesta):**

*   **Manual de Operaciones Blindado:** Suena lindo, pero hay que ver si es aplicable a mi parrilla familiar y no un manual de franquicia cheta.
*   **Despegue Presencial:** Tres días intensivos es bueno, pero ¿el equipo realmente va a enganchar? Ahí está la clave. ¿Y si los empleados renuncian después de la capacitación?
*   **Garantía de 30 Días:** WhatsApp está bien, pero quiero ver resultados concretos.
*   **Seguro de Persistencia:** Estas auditorías sorpresa son el gran diferenciador. Si realmente se comprometen a corregir los errores, le da valor agregado.
*   **Prueba Social:** Tres testimonios son pocos. Necesitaría conocer casos similares al mío para convencerme.

**Veredicto:** Si bien las auditorías y la garantía me dan confianza, el precio me parece un poco alto y tengo dudas sobre si el sistema se adapta a mi restaurante. Necesito más información antes de tomar una decisión.

[VOTO: NO]
","A ver, acá el problema no es la inflación, es si estos tipos saben lo que hacen o si me están vendiendo humo. Veamos las fallas técnicas concretas:

*   **Manual de Operaciones Blindado:** ""Aplicable a mi parrilla familiar"" es la clave. El manual tiene que estar hecho a medida, no ser una plantilla genérica. Si no, es plata tirada. Quiero ver un ejemplo de un manual que hayan hecho para un lugar como el mío.
*   **Despegue Presencial:** Tres días intensivos suenan bien, pero ¿quién da la capacitación? ¿Es un experto en parrillas o un motivador serial? Necesito saber el currículum del capacitador. Además, ¿qué pasa si después de la capacitación el equipo no pone nada en práctica? ¿Hay seguimiento?
*   **Garantía de 30 Días:** WhatsApp está bien para preguntar dónde estacionar, pero para una garantía necesito más seriedad. Quiero un contrato con plazos y objetivos claros. ¿Qué pasa si no veo resultados en 30 días? ¿Me devuelven la plata?
*   **Seguro de Persistencia (Auditorías Sorpresa):** Esta es la parte más interesante, pero también la más riesgosa. ¿Quién hace las auditorías? ¿Son gente que entiende de parrillas o inspectores de calidad sin idea de un buen chimichurri? ¿Qué pasa si las auditorías desmoralizan al equipo en lugar de motivarlos? Necesito ver un ejemplo de informe de auditoría y saber qué criterios usan para evaluar.
*   **Prueba Social:** Tres testimonios no dicen nada. Quiero hablar con dueños de parrillas similares a la mía que hayan usado este servicio. Necesito saber qué problemas tenían y cómo se los solucionaron.

En resumen, la propuesta suena linda, pero le falta mucha especificidad. Necesito ver que entienden mi negocio y que tienen las herramientas y el conocimiento para ayudarme a mejorar. Si no, es como comprar un traje sin probárselo: seguro que te queda chico o grande.
","A ver... después de darle vueltas y considerar tanto el olfato como los números, llego a una conclusión. La cosa está dura, y el miedo a no llegar a fin de mes es real. Pero si no apostamos, ¿cómo vamos a salir adelante? 

[VOTO: SÍ]

Eso sí, vamos con cuidado. Inversión controlada, seguimiento constante y ojo avizor ante cualquier señal de alarma. Pero le damos una oportunidad.
"
Agent_072,ENFP,SÍ,ALTA (Instinto R1),"¡Uff, a ver, vamos a analizar esta movida de ""Megan - Libertad Total Garantizada""!

**R1 (Instinto puro):** $200.000... de movida me parece un toque salado. Tres días de laburo presencial suenan bien, pero ¿realmente voy a tener 15 horas libres a la semana? Depende mucho de qué tan bien laburen los pibes después. Eso de las visitas sorpresa me da un poco de cosa, como que no confían en mi gente. Pero la garantía de 30 días con WhatsApp suena interesante.

**R2 (Análisis técnico):**

*   **Manual Blindado:** Checklists y protocolos siempre sirven para ordenar el quilombo. Pero tengo que ver si son aplicables a mi parrilla, que no es lo mismo que un café de especialidad.
*   **Despegue Presencial:** Tres días son una buena inversión si realmente capacitan bien a mi personal. Sino, es plata tirada.
*   **Garantía WhatsApp:** Esto es clave. Si realmente están ahí todos los días para resolver problemas, vale la pena.
*   **Seguro de Persistencia:** Las auditorías sorpresa... no sé. Creo que prefiero un seguimiento más constante y menos ""policíaco"".
*   **Prueba Social:** Los testimonios son importantes, pero quiero hablar directamente con esos dueños para ver si es verdad que liberaron tanto tiempo. Que me pasen los teléfonos y los llamo.

**Veredicto:** La propuesta suena bien en el papel, pero necesito más certezas de que realmente funcione para mi parrilla. El precio me parece un poco elevado, y las auditorías sorpresa me generan desconfianza. Necesito pruebas más concretas para convencerme.

[VOTO: NO]
","Bien, analicemos las fallas técnicas y de servicio de ""Megan - Libertad Total Garantizada"" desde la perspectiva de un dueño de parrilla argentino de 63 años con experiencia:

*   **Manual Blindado (Checklists y protocolos):** Si bien la idea de checklists es buena en general, la parrilla argentina tiene una dinámica muy particular. No es un proceso replicable al 100% como en una cadena de comida rápida. Cada corte de carne es diferente, el fuego es variable, el humor del parrillero influye... ¿Realmente un manual puede contemplar todas esas variables? Necesito ver ejemplos concretos de cómo se aplicarían a la cocción de un buen asado. ¿Tienen contemplado el punto de cocción a la perfección? ¿Y si el carbón que consigo ese día no es el mejor?
*   **Despegue Presencial (Capacitación):** Tres días pueden no ser suficientes, especialmente si tengo personal con años de experiencia y mañas propias. Cambiar hábitos arraigados lleva tiempo y requiere una capacitación más profunda y personalizada. Además, ¿quién da la capacitación? ¿Un experto en parrillas? Necesito saber que entienden la cultura del asado y no me van a venir con técnicas foráneas que no funcionan en mi contexto.
*   **Garantía WhatsApp:** La disponibilidad por WhatsApp es un buen gancho, pero ¿quién responde? ¿Un chatbot genérico o un especialista que realmente entienda mi negocio y pueda resolver problemas específicos de una parrilla? Un problema de mi parrilla rara vez se soluciona con un mensaje; necesito alguien que sepa de fuegos, cortes de carne, proveedores, etc.
*   **Seguro de Persistencia (Auditorías Sorpresa):** Esto genera desconfianza por varios motivos. Primero, porque da la sensación de que no creen en mi capacidad para dirigir el negocio. Segundo, porque interrumpe el flujo de trabajo y genera tensión en el personal. Y tercero, porque una auditoría sorpresa no necesariamente refleja el desempeño diario del negocio. Preferiría un sistema de seguimiento más continuo y transparente, con métricas claras y objetivos definidos en conjunto.
*   **Prueba Social (Testimonios):** Los testimonios son importantes, pero necesito ver resultados tangibles. No basta con que me digan que ganaron tiempo libre; necesito saber cómo mejoró la rentabilidad de sus negocios, cómo impactó en la satisfacción de los clientes y cómo se tradujo en un aumento de las ventas. Además, quiero hablar con dueños de parrillas, no de cafés o restaurantes de otro tipo. La experiencia es muy diferente. ¿Tienen casos de éxito específicos en el rubro de la parrilla?

En resumen, la propuesta carece de la especificidad y la profundidad necesarias para resolver los desafíos particulares de una parrilla argentina. Necesito ver más ejemplos concretos, un enfoque más personalizado y garantías más sólidas de que realmente van a entender mi negocio y ayudarme a mejorar.
","Considerando mi instinto, que me dice que hay que ser cauteloso pero también aprovechar las oportunidades, y mi análisis técnico que me muestra los riesgos de la inflación y la necesidad de digitalizarse, pero también el potencial de alcanzar nuevos clientes, el veredicto final de la propuesta es:

Es un momento complicado, no voy a negarlo. Pero quedarnos quietos es sentenciarnos a perder. Esta propuesta me da herramientas para defenderme de la inflación y captar clientes que tal vez antes no alcanzaba. Me parece que vale la pena apostar a modernizarme un poco, aunque sea con cuidado.

[VOTO: SÍ]
"
Agent_061,INTJ,SÍ,ALTA (Instinto R1),"¡Uf, a ver, a ver qué tenemos acá! ""Megan - Libertad Total Garantizada""... Suena lindo en el papel, pero hay que ver si realmente funciona para un restaurante como el mío. A primera vista, me hace acordar a esas franquicias que te venden la receta mágica, pero después te das cuenta de que cada local es un mundo. Igual, me interesa que hablen de ""recuperar la libertad"", porque la verdad es que ando a mil y cualquier ayuda para delegar es bienvenida.

**R1 (Mi instinto de negocio puro):** De entrada, los $200.000 me duelen. ¡Y mucho! Pero si realmente me libero de quilombos y puedo enfocarme en hacer crecer el negocio, capaz que vale la pena. Me da cosa que sean solo 3 días de entrenamiento, porque mi gente necesita más tiempo para agarrarle la mano. Lo de las auditorías sorpresa me da un poco de miedo, ¡no quiero que me agarren con los pantalones bajos! Pero la garantía de 30 días y los testimonios de otros dueños me dan un poco de confianza.

**R2 (Análisis técnico de la propuesta):**

*   **Manual de Operaciones:** Puede ser útil, pero necesito ver si es adaptable a mi restaurante y no una copia genérica.
*   **Despegue Presencial (3 días):** Corto. Deberían ofrecer un seguimiento más extenso o capacitaciones online.
*   **Garantía 30 días (WhatsApp):** Interesante el soporte diario al principio, pero me preocupa la velocidad de respuesta.
*   **Seguro de Persistencia:** Dos visitas sorpresa me parecen pocas. Deberían ofrecer un plan de seguimiento a largo plazo.
*   **Prueba Social:** Los testimonios son importantes, pero quiero hablar con esos dueños personalmente para saber si les sirvió de verdad.

**Veredicto:**

La verdad, estoy en la duda. Me gusta la idea de delegar y tener un sistema más sólido, pero tengo miedo de tirar la plata. Necesito más garantías de que esto va a funcionar a largo plazo. Además, con la que está cayendo, $200 lucas es un montón. Voy a investigar un poco más y ver si puedo hablar con los dueños de los testimonios.

[VOTO: NO]
","Okay, analizando la propuesta técnica y de servicio de ""Megan - Libertad Total Garantizada"" desde una perspectiva crítica, identifico varias áreas de mejora:

*   **Manual de Operaciones:** Falta especificidad. Un manual genérico no sirve. Necesito saber cómo se adapta a *mi* menú, *mis* procesos, *mi* personal. ¿Hay opciones de personalización? ¿Incluye protocolos para situaciones específicas que se dan en **mi** tipo de restaurante (ej: manejo de proveedores locales, adaptación de recetas con ingredientes argentinos, etc.)?

*   **Despegue Presencial (3 días):** Insuficiente. Tres días son un suspiro para implementar un sistema nuevo, especialmente si el personal no está familiarizado con metodologías de gestión. Se necesita un entrenamiento más profundo, con módulos online, tutorías personalizadas o incluso la posibilidad de tener un consultor in situ por más tiempo.

*   **Garantía 30 días (WhatsApp):** El soporte por WhatsApp es bueno para consultas rápidas, pero ¿qué pasa con problemas más complejos que requieren una solución más elaborada? ¿Hay un sistema de escalamiento para problemas que no se resuelven por WhatsApp? ¿Cuál es el tiempo de respuesta garantizado? ¿Qué sucede después de los 30 días?

*   **Seguro de Persistencia:** Dos visitas sorpresa son una muestra muy pequeña para evaluar el impacto real del programa. Deberían ofrecer un plan de seguimiento más robusto, con visitas regulares (ej: una por mes durante seis meses), análisis de datos de rendimiento (ej: rotación de mesas, ticket promedio, satisfacción del cliente), y recomendaciones personalizadas para optimizar el negocio.

*   **Prueba Social:** Los testimonios son un buen punto de partida, pero la falta de transparencia es preocupante. Deberían proporcionar información de contacto de los dueños que dan testimonio para poder validar la información y profundizar en sus experiencias.

*   **Falta de Personalización:** La propuesta parece un enfoque ""talla única"" que no considera las particularidades de cada restaurante. Deberían ofrecer un análisis previo de mi negocio para adaptar el programa a mis necesidades específicas.
","Ok, analizando la situación desde mi experiencia en el rubro, el miedo a no llegar a fin de mes con la inflación constante es un tema que me toca muy de cerca. Por otro lado, sé que no puedo quedarme estancada y que la digitalización es importante, aunque a veces me cueste.

Considerando todos los factores y mi intuición, creo que vale la pena darle una oportunidad a la propuesta, aunque sea con cautela. Puede ser una herramienta útil para optimizar costos y atraer más clientes, lo cual ayudaría a aliviar la presión económica. Si funciona, genial. Si no, al menos lo intenté.

[VOTO: SÍ]
"
Agent_094,INTP,SÍ,ALTA,"Uf, me suena a ""demasiado bueno para ser verdad"", ¿viste? A ver...

**R1 (Instinto de negocio puro):** $200.000... ¡Uff! Es una inversión considerable. Necesito ver si realmente esos 3 días de entrenamiento y el manual blindado van a hacer que mi equipo labure solo de verdad. La idea de las auditorías sorpresa me da un poco de cosa, suena a micro-managing encubierto, pero también me da la tranquilidad de que no me van a chamuyar. Los testimonios son importantes, pero hay que ver si son reales. ¿15 horas libres por semana? ¡Eso suena a gloria! Si fuera cierto, lo pagaría con gusto.

**R2 (Análisis técnico de la propuesta):**

*   **Manual de Operaciones Blindado:** Depende qué tan ""blindado"" sea. ¿Es adaptable a mi negocio? ¿O es una receta genérica que no sirve para nada?
*   **Despegue Presencial:** 3 días intensivos me parecen bien, siempre y cuando el tipo/a que venga sepa de lo que habla y entienda mi realidad.
*   **Garantía de 30 Días (WhatsApp):** Esto me gusta. La comunicación directa y la auditoría diaria son un buen punto.
*   **Seguro de Persistencia:** Las visitas sorpresa me generan dudas. ¿Quién es Megan para venir a auditar mi negocio? ¿Qué autoridad tiene? ¿No va a generar más quilombo que soluciones?
*   **Prueba Social:** Necesito ver esos testimonios. ¿Quiénes son esos dueños? ¿Los conozco? ¿Puedo hablar con ellos?

**Veredicto:** Me genera muchas dudas la parte de las ""auditorías sorpresa"". Suena a control excesivo y a que Megan no confía en su propio sistema. Prefiero invertir en algo que empodere a mi equipo, no que los haga sentir vigilados. Además, necesito más pruebas de que esas 15 horas libres son reales y que el sistema es adaptable a mi negocio. Por ahora, paso.

[VOTO: NO]
","Bien, analizando la propuesta desde una perspectiva puramente técnica y de servicio, estas son las principales fallas que encuentro:

*   **Manual de Operaciones Blindado: Falta de Personalización y Adaptabilidad.** Si bien un manual es fundamental, la clave está en qué tan adaptable es a mi negocio específico. Un manual genérico corre el riesgo de ser inútil al no considerar las particularidades de mi menú, mi clientela, mi equipo y mi ubicación. Necesitaría saber si hay un proceso de adaptación y customización del manual o si es un ""talle único"" que no me sirve.

*   **Despegue Presencial: Falta de Información sobre el Consultor/a.** Tres días intensivos pueden ser valiosos, pero necesito saber quién imparte la capacitación. ¿Tiene experiencia real en el rubro gastronómico? ¿Conoce la realidad de los restaurantes en Argentina? ¿Su enfoque es práctico y aplicable o puramente teórico?

*   **Garantía de 30 Días (WhatsApp): Falta de Claridad en el Alcance de la Auditoría Diaria.** ¿Qué tipo de auditoría se realiza vía WhatsApp? ¿Se limita a revisar datos y reportes, o implica una interacción más profunda con el equipo? ¿Quién responde las consultas por WhatsApp? ¿Megan, el consultor/a o un asistente? La falta de especificidad genera incertidumbre.

*   **Seguro de Persistencia: Invasividad y Falta de Confianza.** Las visitas sorpresa de Megan son el punto más débil. No solo generan resistencia en mi equipo, sino que también demuestran una falta de confianza en el sistema que se está implementando. Si el manual y la capacitación son realmente efectivos, no debería ser necesario un control tan invasivo. Además, no se aclara cuál es el perfil de Megan y qué autoridad tiene para auditar mi negocio.

*   **Prueba Social: Falta de Transparencia y Verificabilidad.** Los testimonios son importantes, pero necesitan ser transparentes y verificables. Necesito saber quiénes son esos dueños, qué tipo de negocios tienen y cómo el sistema impactó en sus resultados. Idealmente, poder contactarlos directamente para obtener una opinión genuina.

En resumen, la propuesta suena prometedora, pero carece de detalles específicos y genera dudas sobre su adaptabilidad, efectividad y la metodología de control. La falta de transparencia y la invasividad del sistema de auditorías son los principales puntos débiles.
","Considerando el posible aumento en la facturación y la optimización de costos que ofrece la propuesta, pero sopesando mis temores sobre la incertidumbre económica y mi aversión a tomar riesgos innecesarios, llego a la siguiente conclusión:

[VOTO: SÍ] (pero con cautela). Invertiría una pequeña parte del presupuesto en la propuesta para probar su eficacia. Si los resultados son positivos, consideraría aumentar la inversión en el futuro. Necesito ver resultados concretos antes de comprometerme por completo.
"
Agent_064,ENTP,SÍ,ALTA,"¡Uff, vamos a ver esta propuesta de Megan! Interesante el enfoque, eh. A ver...

**R1 (Mi instinto de negocio puro):**

A ver, me llama la atención lo de ""Libertad Total"", porque el sueño de todo dueño es delegar y no estar atado al día a día. Pero me da cosa que sea ""total"", uno siempre quiere tener un ojo puesto. Los testimonios y la garantía con auditorías suenan bien, como un respaldo. El precio, $200.000, no es poco, pero si me libera de verdad horas, puede ser una inversión. Me da cosa que sea todo tan ""blindado"", en gastronomía la flexibilidad es clave.

**R2 (Análisis técnico de la propuesta):**

*   **Manual de Operaciones Blindado:** Me gusta la idea, pero tiene que ser adaptable a mi negocio, no un molde genérico. Checklists y protocolos son un must.
*   **Despegue Presencial (3 días):** Fundamental, si no, el equipo no se engancha. Quiero ver cómo laburan en la práctica.
*   **Garantía 30 días:** Clave el WhatsApp diario. Necesito feedback rápido y soluciones.
*   **Seguro de Persistencia (Visitas Sorpresa):** Esta es la parte que más me convence. Mantener el estándar es lo difícil.
*   **Prueba Social (3 testimonios):** Necesitaría nombres y la posibilidad de charlar con ellos, para ver si es real.
    Ese seguimiento lo tienen bien pensado y eso vale, si tienen todo aceitado.

**Veredicto:**

A ver, me gusta la idea de delegar y tener más tiempo para pensar en el negocio. Las auditorías sorpresa y la garantía me dan confianza. Pero necesito hablar con los otros dueños que dicen que les funcionó antes de poner la plata. Sin eso, estoy comprando humo. Por ahora...

[VOTO: NO]
","Okay, analizando fríamente la propuesta técnica de Megan, estas son las fallas que veo, dejando de lado cualquier consideración económica o de contexto país:

*   **""Manual de Operaciones Blindado"":** Si bien la idea es buena, el término ""blindado"" me hace ruido. En gastronomía, la rigidez mata la creatividad y la capacidad de adaptación. Necesito saber qué tan personalizable es ese manual. ¿Puedo agregar mis recetas, mi estilo de servicio, mis proveedores? Si es un manual genérico, no sirve. Además, ¿qué tan actualizado está? La gastronomía cambia constantemente.

*   **Despegue Presencial (3 días):** Tres días pueden ser insuficientes. Dependiendo del tamaño de mi equipo y la complejidad de mis operaciones, quizás necesite más tiempo. Además, ¿qué pasa después de esos tres días? ¿Hay un seguimiento a largo plazo o me dejan solo con el manual? Necesito saber si Megan ofrece soporte continuo.

*   **Garantía 30 días:** Un mes es poco tiempo para evaluar el impacto real de la implementación. Los resultados a menudo se ven a mediano y largo plazo. ¿Qué métricas usan para evaluar el éxito durante esos 30 días? ¿Y qué pasa si los resultados no son los esperados al finalizar ese período? ¿Hay reembolso, ajustes o ""letra chica"" en la garantía?

*   **Seguro de Persistencia (Visitas Sorpresa):** Suena bien, pero dependerá de la calidad de las visitas sorpresa. ¿Quiénes realizan estas auditorías? ¿Son expertos en gastronomía con experiencia real en el rubro, o simples ""mystery shoppers"" sin conocimiento técnico? Si no tienen ojo clínico, la visita sorpresa será inútil.

*   **Prueba Social (3 testimonios):** Tres testimonios son un número muy bajo. Necesito ver más pruebas, con nombres y la posibilidad de contacto. Además, ¿son testimonios de negocios similares al mío? Un restaurante elegante no tiene las mismas necesidades que una parrilla familiar. La relevancia de los testimonios es clave.

En resumen, la propuesta suena interesante, pero le falta especificidad y claridad en algunos puntos clave. Necesito entender mejor cómo se adapta a mi negocio y qué tipo de soporte continuo ofrecen después de la implementación inicial. La flexibilidad, la personalización y la calidad del seguimiento son cruciales.
","Bueno, después de sopesar todo... Viendo mi instinto que me dice que hay que ser cautelosos pero no quedarnos atrás, y analizando técnicamente los números y las posibilidades de crecimiento...

[VOTO: SÍ]

Creo que vale la pena apostar por la propuesta. Argentina es difícil, la inflación da miedo, pero si no nos arriesgamos un poco, no salimos adelante. Hay que invertir, modernizarse y dar pelea.
"
Agent_093,INFP,NO,ALTA,"¡Uf, 200 lucas! A ver, vamos por partes como diría Jack el Destripador.

**R1 (Tu instinto de negocio puro):** De una, la idea de ""libertad total"" y ""recuperar horas"" suena como música para mis oídos. ¿Quién no quiere aflojarle un poco al laburo? Pero... hay un ""pero"" gigante. ¿Será verdad tanta maravilla? Testimonios siempre hay, pero a veces parecen más guionados que novela de las 3 de la tarde. Y lo de las auditorías sorpresa... mmm, me da un poco de desconfianza, como si me estuvieran espiando en mi propio local.

**R2 (Análisis técnico de la propuesta):**

*   **Manual Blindado:** Me sirve, pero necesito ver qué tan ""blindado"" es. ¿Se adapta a mi local o es genérico?
*   **Despegue Presencial:** Tres días en el local suena bien, si son gente que sabe de verdad, y no vende humo.
*   **Garantía WhatsApp:** Me gusta la idea de tener a alguien ahí para preguntar, pero ¿qué tan rápido responden? ¿Y cuánto dura la garantía?
*   **Seguro de Persistencia:** Las visitas sorpresa son un arma de doble filo. Si el equipo se pone nervioso, puede salir todo mal.
*   **Prueba Social:** Los testimonios son importantes, pero quiero hablar con esos dueños y preguntarles posta si les funcionó.

En resumen, el precio me parece carísimo y tengo mis dudas con la implementación a largo plazo.

**Veredicto:** Mmm... por ahora, [VOTO: NO].
","Okay, analizando fríamente la propuesta técnica sin entrar en temas económicos, veo las siguientes posibles fallas:

*   **Manual Blindado:** La efectividad del manual depende muchísimo de su nivel de personalización. Un manual genérico puede ser inútil, ya que cada restaurante tiene sus particularidades, menú, personal, dinámica y clientela. La pregunta clave es: ¿Cuánto tiempo dedican a entender mi negocio ANTES de crear el manual? Un manual ""blindado"" pero genérico podría ser un gasto innecesario.

*   **Despegue Presencial:** Tres días de consultoría presencial pueden resultar insuficientes para implementar cambios profundos y duraderos. Si la consultoría es superficial o no logra involucrar al equipo de manera efectiva, los resultados podrían ser mínimos a largo plazo. Además, ¿cuál es el plan de seguimiento después de esos tres días? ¿Cómo aseguran que las nuevas prácticas se mantengan en el tiempo?

*   **Garantía WhatsApp:** La rapidez y la calidad de la respuesta en WhatsApp son fundamentales. Una respuesta lenta o poco útil puede generar frustración y hacer que la ""garantía"" sea un simple placebo. ¿Quién está detrás de ese WhatsApp? ¿Es un experto en el rubro o un empleado que lee un manual de respuestas?

*   **Seguro de Persistencia:** Las visitas sorpresa pueden ser contraproducentes si no se gestionan adecuadamente. Generan estrés en el personal, y si el equipo se siente observado y juzgado, es probable que no rinda al máximo. Además, ¿cómo se miden los resultados de la visita sorpresa? ¿Se basan solo en la observación o utilizan métricas objetivas?

*   **Prueba Social:** Los testimonios son importantes, pero es crucial verificar su autenticidad y relevancia. No todos los restaurantes son iguales, y lo que funciona para uno puede no funcionar para otro. Necesito saber si los dueños de los testimonios tienen negocios similares al mío, con desafíos y características comparables.
","Considerando mi experiencia en el rubro, la situación económica actual y el análisis que hicimos, llego a la siguiente conclusión:

Si bien la propuesta tiene elementos interesantes que podrían ayudar a mejorar el negocio, **me preocupa el costo inicial y la incertidumbre sobre el retorno de la inversión en el corto plazo.** En este contexto tan volátil, prefiero ser cauteloso y priorizar la liquidez para cubrir los gastos básicos y evitar endeudarme.

[VOTO: NO]
"
Agent_060,ESTP,SÍ,ALTA (Instinto R1),"¡Uff, vamos a ver esta propuesta de Megan! A ver, libertad total, mmm... suena lindo, pero conociendo cómo es el rubro esto hay que mirarlo con lupa. 200 lucas de inversión no es moco de pavo, así que afilo el lápiz.

**R1 (Tu instinto de negocio puro):**

A ver, de una. Tres días intensivos en el local, tener gente que te dé una mano en el medio de la corrida diaria, eso vale oro. Lo de las auditorías sorpresa me da un poco de cosita, como que no confían en mí o en mi gente. Pero si con eso me aseguran que el cambio se mantiene y me liberan tiempo... ¡el tiempo es plata, pibe! Y los testimonios de otros, suma bastante. Pero... ¿será verdad tanta maravilla?

**R2 (Análisis técnico de la propuesta):**

*   **Manual de Operaciones Blindado:** Checklists y protocolos, importantísimo, sobre todo para estandarizar y delegar. Si son fáciles de usar, suman.
*   **Despegue Presencial:** Clave. Que venga alguien al local a laburar con mi gente es mucho mejor que un curso online.
*   **Garantía de 30 Días (WhatsApp):** Auditoría diaria por WhatsApp... suena invasivo, pero útil al principio. Tiene que ser alguien que sepa de verdad y no un chamuyo.
*   **Seguro de Persistencia:** Las visitas sorpresa pueden ser un buen control, pero también pueden generar quilombo con el personal. Hay que ver cómo lo manejan.
*   **PRUEBA SOCIAL:** Buenos los testimonios, pero habría que ver si son reales y no inventados.

Resumiendo: la propuesta tiene cosas interesantes, pero hay que ver si realmente se adapta a mi local y si el ""sistema de control total"" no termina siendo un dolor de cabeza más. El precio es salado, pero si me libera tiempo de verdad y mejora el servicio, podría valer la pena.

**Veredicto:**

Mmm... le doy una chance. Me arriesgo.

[VOTO: SÍ]
","A ver, analizando fríamente la propuesta de Megan, veo algunas cosas que me hacen ruido más allá de si llego o no con la guita:

*   **Manual de Operaciones Blindado:** Si bien suena bien tener checklists y protocolos, la verdadera pregunta es: ¿están adaptados a MI local? No quiero un manual genérico que no tenga en cuenta que en la parrilla de Don Alberto usamos un corte de carne distinto al que usan en Puerto Madero. Si no es adaptable, es papel mojado.
*   **Despegue Presencial:** Que vengan al local es fundamental, pero ¿quiénes son los que vienen? ¿Tienen experiencia real en el rubro o son puros consultores de escritorio? Necesito gente que sepa prender el fuego y atender a la gente con una sonrisa, no solo llenar planillas.
*   **Garantía de 30 Días (WhatsApp):** ¡Auditoría diaria por WhatsApp! Esto puede ser un caos. ¿Quién va a responder los benditos mensajes durante el servicio? ¿Mis empleados van a estar sacando fotos en lugar de atender a los clientes? Además, ¿qué pasa si el ""auditor"" no entiende la dinámica del local a través de un simple mensaje?
*   **Seguro de Persistencia:** Las visitas sorpresa me generan dudas sobre cómo van a interactuar con mi personal. No quiero que vengan a dar órdenes y a tratar mal a mis empleados. Eso solo generaría resentimiento y haría que la calidad del servicio empeore.
*   **PRUEBA SOCIAL:** Los testimonios pueden ser engañosos. Me gustaría hablar directamente con alguien que haya usado el servicio para saber si realmente les funcionó y cuáles fueron los problemas que enfrentaron.

En resumen, la propuesta tiene potencial, pero me preocupa que sea demasiado rígida y que no se adapte a las particularidades de mi negocio y de mi gente. Si Megan no puede demostrar flexibilidad y un verdadero entendimiento de mi realidad, prefiero seguir remando solo.
","Considerando mi olfato para los negocios (instinto) y analizando los números y la viabilidad (análisis técnico), mi veredicto final es:

Si la propuesta me ayuda a aliviar la presión de llegar a fin de mes, a mantener el poder adquisitivo de mis empleados y a no tener que cerrar las puertas del restaurante, entonces:

[VOTO: SÍ]
"
Agent_066,INTJ,SÍ,ALTA (Instinto R1),"¡A ver, pongámosle el ojo a esta propuesta de Megan!

**R1 (Mi instinto de negocio puro):** Uff, ""Libertad Total Garantizada""... suena a chamuyo marketinero. Pero si realmente me liberan 15 horas semanales, esos $200.000 se pagan solos. El tema es ese: ¿Será verdad? El miedo a que sea plata tirada es grande. Es como cuando te venden la pomada para el dolor de rodilla y seguís rengueando.

**R2 (Análisis técnico de la propuesta):**

*   **Manual de Operaciones:** Suena bien, pero ¿será adaptable a mi restaurante, que tiene su propia idiosincrasia y no es una franquicia? ¿O es un template genérico?
*   **Despegue Presencial:** 3 días intensivos... Me preocupa el quilombo que puede generar en la operación diaria. ¿Tendré que cerrar? ¿Cómo afectará a mis empleados? Si es un caos, adiós ""libertad"".
*   **Garantía de 30 Días:** Me gusta el soporte diario por WhatsApp. Eso habla de compromiso.
*   **Seguro de Persistencia:** Las auditorías sorpresa son un buen incentivo para que el equipo se mantenga alineado. Pero, ¿qué pasa después del tercer mes? ¿Vuelvo a foja cero?
*   **Prueba Social:** Acá está la clave. Si los testimonios son reales y verificables, me da más confianza. Necesito saber quiénes son esos dueños y si sus restaurantes son similares al mío. Necesito nombres y teléfonos para chequearlo yo misma.

**Veredicto:** Si Megan me da los contactos de esos 3 dueños para corroborar que realmente recuperaron 15 horas semanales, y si el manual es REALMENTE adaptable a mi negocio, ahí lo pensaría mucho. Lo de las auditorías sorpresa suma. Pero necesito ver para creer. Mientras tanto:

[VOTO: NO]
","Okay, analizando en profundidad el ""lado B"" de la propuesta, más allá de la desconfianza inicial y la necesidad de validación, veo estos puntos débiles en la propuesta técnica/servicio en sí:

1.  **Adaptabilidad REAL del Manual de Operaciones:** Mi restaurante es particular. No quiero un manual genérico. La pregunta clave es: ¿Qué tan customizado es el manual? ¿Se ajusta a mi menú específico, a la distribución de mi cocina, a mi estilo de servicio particular? Si es algo muy general, la implementación va a ser engorrosa y contraproducente. Necesito ejemplos CONCRETOS de cómo se adaptaría a mi negocio.

2.  **El Problema del Despegue Presencial y la Operación Diaria:** Tres días intensivos implican un parate o un funcionamiento a media máquina. Necesito un plan de contingencia CLARO para mitigar el impacto. ¿Qué ofrecen para que mi personal no se sienta abrumado? ¿Hay capacitación extra? ¿Proponen un cronograma detallado para minimizar el desorden? Si no me dan soluciones, el costo de oportunidad (tres días de ingresos afectados) puede ser muy alto.

3.  **Sostenibilidad del ""Seguro de Persistencia"":** Las auditorías sorpresa están bien como incentivo inicial, pero ¿qué pasa después del tercer mes? ¿La metodología de Megan genera un cambio real y duradero en la cultura de mi restaurante, o el equipo vuelve a las andadas cuando las auditorías terminan? Necesito entender cómo se aseguran de que el cambio sea sostenible a largo plazo, para que no sea una inversión con resultados efímeros.

4.  **El Vacío en el Post-Implementación:** ¿Qué pasa después de los 30 días iniciales de soporte intensivo? ¿Ofrecen un seguimiento a mediano plazo? ¿Existe una línea de comunicación para consultas posteriores? Me da la sensación de que el acompañamiento termina demasiado rápido, y necesito garantías de que no me van a dejar ""a la deriva"" una vez que hayan cobrado.

En resumen, la propuesta tiene potencial, pero carece de detalles cruciales sobre la implementación práctica y la sostenibilidad a largo plazo, enfocándose demasiado en la etapa inicial. La promesa de ""libertad"" se siente vacía si no me aseguran un cambio REAL y duradero en la operativa de mi restaurante.
","Ok, después de sopesar mi intuición sobre el mercado gastronómico actual y mi análisis de los datos que tengo a mano, creo que la propuesta tiene potencial, pero necesita un ajuste fino en la estrategia de precios para que sea atractiva en el entorno inflacionario que nos azota. También es crucial considerar la ubicación y la seguridad, ya que son factores determinantes para el éxito del negocio. No obstante, veo una oportunidad en diferenciarse con calidad y servicio, elementos que la competencia a menudo descuida.

[VOTO: SÍ] (condicionado a la adaptación de la estrategia de precios y un fuerte enfoque en seguridad y calidad).
"
Agent_004,ENTJ,SÍ,DUDOSO,"¡Uf, a ver, R1! De entrada, me suena a mucho chamuyo marketinero, pero tengo que reconocer que los puntos de dolor que tocan son reales. El tema de la inflación y la inseguridad económica me tienen al borde, y si pudiera salir de la operación diaria para laburar en la estrategia, sería un golazo. Pero $200.000... ¡es un montón de guita! Desconfío de los ""sistemas mágicos"".

R2: Analicemos la propuesta en frío.

* **Manual de Operaciones Blindado:** Suena bien, pero ¿qué tan adaptable es a mi restaurant? ¿Es copy-paste o realmente lo laburan para mi operación?
* **Despegue Presencial:** Tres días intensivos es un buen comienzo, pero ¿alcanza? Depende mucho de la capacidad de mi equipo y de la expertise del consultor.
* **Garantía de 30 días:** Me gusta la idea del WhatsApp diario, pero 30 días es poco. Necesitaría un seguimiento más largo para ver resultados reales.
* **Seguro de Persistencia:** Las visitas sorpresa son un buen incentivo para mantener el estándar, pero dos visitas en dos meses... ¿es suficiente? ¿Qué pasa si la cosa se cae al cuarto mes?
* **Prueba Social:** Los testimonios son clave, pero necesito saber quiénes son esos dueños y si sus negocios son similares al mío. Si son franquicias enormes, no me sirve de mucho.

En definitiva, la propuesta tiene elementos interesantes, sobre todo la parte de las auditorías sorpresa y la garantía inicial. Pero me preocupa la escalabilidad y la sostenibilidad del sistema a largo plazo. $200.000 es una inversión grande, y necesito estar seguro de que voy a ver un retorno real.

Si me dijesen que la garantía es por 6 meses, y que durante ese tiempo hay más auditorías (sin tener que pagar extra) y que esos 3 dueños del ""Caso de Éxito"" son de parrillas como la mía, me arriesgaría. Pero así planteado, creo que estoy pagando demasiado por una promesa que no sé si se va a cumplir.

[VOTO: NO]
","Bien, analizando la propuesta desde una perspectiva puramente técnica y de servicio, y dejando de lado las consideraciones económicas, encuentro varias áreas donde la oferta podría ser más sólida:

*   **Adaptabilidad del Manual de Operaciones:** Si bien se menciona un ""Manual de Operaciones Blindado"", la propuesta no detalla el proceso de personalización. La clave reside en qué tan adaptado está el manual a la operativa *específica* del restaurante. Preguntas cruciales son:
    *   ¿Qué datos y procesos de mi restaurante se toman en cuenta para adaptar el manual?
    *   ¿Quiénes son los responsables de dicha adaptación? ¿Qué experiencia tienen en restaurantes similares al mío?
    *   ¿Cómo se asegura que el manual refleje las particularidades de mi menú, mi estilo de servicio y mi público objetivo?
*   **Duración y Profundidad del ""Despegue Presencial"":** Tres días pueden ser insuficientes para implementar un cambio cultural profundo en el equipo. Sería valioso conocer:
    *   ¿Cuál es la metodología específica que se utiliza durante esos tres días?
    *   ¿Cómo se involucra a los diferentes miembros del equipo (cocina, salón, barra)?
    *   ¿Se ofrece algún tipo de capacitación o material de apoyo adicional (videos, guías prácticas) para reforzar lo aprendido durante el despegue?

*   **Alcance de la Garantía de 30 Días:** Aunque la asistencia diaria por WhatsApp es un buen punto de contacto, 30 días es un período corto para evaluar el impacto real del programa. Un seguimiento más extenso permitiría:
    *   Monitorear la evolución de los indicadores clave de rendimiento (KPIs) del restaurante (ej. satisfacción del cliente, rotación de personal, reducción de desperdicios).
    *   Identificar y corregir posibles desviaciones o problemas en la implementación del manual.
    *   Afianzar los nuevos hábitos y rutinas en el equipo.
*   **Naturaleza y Frecuencia de las Visitas Sorpresa:** Dos visitas en dos meses pueden no ser suficientes para mantener el estándar a largo plazo. Algunas preguntas a considerar son:
    *   ¿Qué criterios se utilizan para seleccionar los aspectos a auditar durante las visitas sorpresa? Son aleatorios o focalizados en las áreas más críticas del negocio?
    *   ¿Cómo se mide y evalúa el desempeño del equipo durante las visitas? ¿Se utilizan checklists, encuestas a clientes, evaluaciones de desempeño?
    *   ¿Se ofrece retroalimentación constructiva al equipo después de cada visita? ¿Se establecen planes de acción para corregir las deficiencias identificadas?
*   **Relevancia de la Prueba Social:** La propuesta debería proporcionar información más detallada sobre los casos de éxito presentados. Es esencial saber:
    *   ¿Cuál es el tamaño y el tipo de negocio de los restaurantes en los que se han implementado con éxito el sistema?
    *   ¿Cuáles fueron los resultados concretos obtenidos en esos restaurantes (ej. aumento de la facturación, mejora de la rentabilidad, reducción de los costos, aumento de la satisfacción del cliente)?
    *   ¿Están dispuestos esos dueños a compartir su experiencia y brindar referencias a otros potenciales clientes (como yo)?

En resumen, la propuesta carece de detalles específicos sobre la implementación práctica del servicio, la profundidad del acompañamiento y la relevancia de los casos de éxito presentados. Esto genera incertidumbre sobre el valor real de la inversión y dificulta la toma de una decisión informada.
","Considerando mi intuición sobre el mercado gastronómico argentino y después de analizar los aspectos técnicos que la propuesta implica, y teniendo en cuenta mi aversión a la incertidumbre económica, concluyo que necesito más información y garantías para tomar una decisión. No puedo comprometer mi negocio a una propuesta que no tenga un respaldo sólido en un contexto económico tan volátil.

[VOTO: NO]
"
Agent_078,ISFP,NO,ALTA,"¡Uf, mirá, suena interesante pero vamos por partes, che!

**R1 (Mi instinto de negocio puro):** 200 lucas... ¡es un montón de guita! Pero si de verdad me libera tiempo y me saca quilombos de encima... podría valer la pena. Me da cosa eso de que vengan a ""auditarme"", suena a que me van a estar controlando. Pero la garantía y los testimonios me dan un poquito de confianza. Necesito pensarlo bien.

**R2 (Análisis técnico de la propuesta):**

*   **Manual Blindado:** Si está bueno de verdad, ahorraría tiempo valioso en capacitar gente nueva y estandarizar procesos. Check-lists y protocolos son clave.
*   **Despegue Presencial:** 3 días metidos acá...significa cerrar el local o laburar a media máquina. ¡Un bajón! Pero si realmente entrenan al equipo y los dejan aceitados, podría compensar.
*   **Garantía WhatsApp:** Buena idea tener soporte en tiempo real, pero ¿quién atiende el WhatsApp? ¿Yo o alguien del equipo?
*   **Seguro de Persistencia:** Las visitas sorpresa...insisto, me dan cosa. ¿Quién es Megan para venir a auditar mi negocio? Aunque, pensándolo bien, si el equipo zafa, esto me asegura que no se relajen al mes.
*   **Prueba Social:** Necesitaría hablar con esos dueños personalmente. Un testimonio escrito no me dice mucho.

**Veredicto:** Me sigue dando vueltas el precio y esto de ""auditar"". Pero a ver...necesito guita para pagar las cuentas, pero necesito TIEMPO para pensar cómo invertir la guita. [VOTO: NO]
","Okay, analizando la propuesta desde el punto de vista técnico y del servicio, dejando de lado el tema del precio y la economía, veo las siguientes posibles fallas:

*   **Manual Blindado:** La efectividad depende 100% de la calidad del contenido y de si realmente se adapta a mi negocio en particular. Un manual genérico sería inútil. Además, ¿está en un formato fácil de usar para mi equipo? ¿Es visual, claro y conciso?
*   **Despegue Presencial:** Tres días cerrados o a media máquina son un costo altísimo. ¿Se justifica? ¿Qué tan profundo es el entrenamiento? ¿Es un entrenamiento ""motivacional"" o un entrenamiento práctico con habilidades específicas? ¿Quiénes son los trainers y qué experiencia tienen *específicamente* en restaurantes como el mío?
*   **Garantía WhatsApp:** ¿Quién va a responder el WhatsApp? Si soy yo, ¡estamos en la misma! Si es alguien del equipo, ¿está capacitado para responder preguntas complejas? ¿Hay un tiempo de respuesta garantizado? ¿Qué pasa si la persona que atiende el WhatsApp renuncia?
*   **Seguro de Persistencia:** La ""auditoría"" de Megan genera mucha desconfianza. ¿Cuál es su criterio de auditoría? ¿Es constructiva o punitiva? ¿Qué pasa si encuentro que Megan está equivocada en su evaluación? ¿Tengo derecho a réplica? ¿Cómo se manejan las diferencias de opinión? ¿Qué autoridad tiene Megan para decirle a mi equipo qué hacer?
*   **Prueba Social:** Testimonios escritos no son suficientes. Necesito referencias reales y verificables. ¿Puedo llamar a esos dueños? ¿Puedo visitar sus negocios y ver cómo están aplicando el método? ¿Qué tipo de restaurantes tienen? ¿Son similares al mío? ¿Qué problemas específicos resolvieron con este servicio?
*   **Falta de personalización:** La propuesta suena bastante genérica. ¿Cómo se adapta a las particularidades de mi restaurante (tipo de comida, clientela, ubicación, tamaño del equipo, etc.)? ¿Van a modificar el manual y el entrenamiento en función de mis necesidades?
*   **Falta de claridad en los resultados:** ¿Qué resultados concretos puedo esperar? ¿Aumento de la productividad? ¿Reducción de costos? ¿Mejora en la satisfacción del cliente? ¿Cómo se miden esos resultados? ¿Hay algún tipo de garantía de resultados?

En resumen, la propuesta tiene potencial, pero le falta especificidad, transparencia y adaptación a mi negocio concreto. Las dudas sobre la auditoría y el tiempo que implica la capacitación presencial son puntos muy débiles.
","Considerando mi necesidad de llegar a fin de mes y la incertidumbre económica actual, necesito una propuesta que me asegure resultados concretos y a corto plazo.

*   **Lo que me atrae:** La posibilidad de aumentar las ventas y atraer más clientes es crucial. El local necesita generar ingresos constantes.
*   **Lo que me preocupa:** Cualquier inversión que no tenga un retorno claro y rápido es un riesgo que no puedo asumir. La propuesta debe ser asequible y fácilmente implementable.

**VEREDICTO FINAL:** Si la propuesta incluye una prueba piloto con resultados medibles y un costo inicial bajo, podría considerarla. De lo contrario, no puedo arriesgarme.

[VOTO: CONDICIONAL]
"
Agent_019,ENTJ,NO,DUDOSO,"¡A ver, veamos qué onda esta propuesta!

**R1 (Mi instinto de negocio puro):** $200 lucas, ¿eh? De entrada me suena saladito, pero si realmente me libero un montón de horas y el sistema anda, podría valer la pena. Me da cosita eso de ""control total"", suena a que voy a perder el pulso de mi restaurante. Pero si es un tema de delegar bien y que las cosas sigan funcionando como quiero, ahí sí me interesa. Los testimonios de otros dueños suman, pero quiero ver números concretos.

**R2 (Análisis técnico de la propuesta):**

*   **Manual de Operaciones:** Clave. Pero tiene que ser práctico, no un mamotreto que nadie use. Necesito ver ejemplos reales y adaptables a mi local.
*   **Despegue Presencial:** Tres días está bien, siempre y cuando sea gente que realmente sepa de restaurantes y no solo de teoría.
*   **Garantía de 30 Días:** El WhatsApp diario me gusta, pero ¿qué pasa después de ese mes? ¿Me dejan a la deriva?
*   **Seguro de Persistencia:** Esto es interesante. Las visitas sorpresa pueden ayudar a mantener el estándar. Pero si tienen que corregir cosas, ¿me cobran después?
*   **Prueba Social:** Necesito más detalles. ¿Qué tipo de restaurantes son? ¿Qué problemas tenían antes y cómo los solucionaron? ¿Puedo hablar con ellos directamente?

**Veredicto:** Me quedé pensando. Me parece que es caro y algo vago. Demasiadas promesas sin mucho sustento. Si es para sacarme problemas de encima, prefiero invertir en un buen encargado y capacitarlo bien. Esto me da la sensación de que es más marketing que soluciones reales. La idea de recuperar horas es tentadora, pero no confío en que este sistema sea lo que necesito.

[VOTO: NO]
","OK, analizando la propuesta del producto/servicio desde una perspectiva puramente técnica, y sin considerar implicaciones económicas externas, encuentro las siguientes fallas:

*   **Ambigüedad en el alcance del ""Control Total"":** La propuesta usa ""control total"" como un beneficio, pero no define qué significa operativamente. ¿Implica acceso constante a datos, capacidad de modificar procesos, o simplemente supervisión pasiva? Esta falta de claridad genera desconfianza.
*   **Manual de Operaciones: Falta de Especificidad:** Se menciona el manual, pero no se detalla su contenido, formato, ni la profundidad con la que abarca los diferentes aspectos del negocio (ej: compras, RRHH, marketing). La adaptabilidad es clave, pero no se ofrece evidencia de cómo se personalizaría el manual para mi restaurante.
*   **Despegue Presencial: Ausencia de Credenciales:** Tres días de ""despegue"" suenan bien, pero no hay información sobre la experiencia o las calificaciones de los consultores/entrenadores. ¿Conocen mi tipo de cocina? ¿Han trabajado en restaurantes similares?
*   **Garantía de 30 Días: Limitaciones Ocultas:** El WhatsApp diario es un buen soporte inicial, pero las condiciones post-garantía son opacas. No se aclara si hay costos adicionales para soporte extendido, actualizaciones del manual o consultas posteriores.
*   **Seguro de Persistencia: Costos Imprevistos:** Las visitas sorpresa son valiosas, pero el modelo de costos para las correcciones es confuso. ¿Está incluido el costo de la mano de obra para las correcciones, o solo la consultoría? La falta de transparencia aquí podría resultar en gastos inesperados.
*   **Prueba Social: Falta de Contexto:** Los testimonios son útiles, pero la falta de información sobre el tipo de restaurantes, sus problemas específicos y los resultados concretos disminuye su credibilidad. La ausencia de referencias directas para contactar y verificar la información es una debilidad.
*   **Escalabilidad y Adaptabilidad a Largo Plazo:** La propuesta no aborda cómo el sistema se adaptaría a los cambios futuros en mi restaurante (ej: ampliación del menú, cambios en el personal, nuevas tecnologías). No hay un plan claro para mantener el sistema relevante y efectivo con el tiempo.
","De acuerdo. Después de sopesar mi intuición inicial y analizar los datos fríamente, llego a una conclusión.

Si bien la propuesta tiene aspectos atractivos que tocan puntos clave para el sector, como la necesidad de optimizar costos y atraer nuevos clientes, persisten mis temores sobre la viabilidad a largo plazo en un contexto económico tan volátil como el argentino. La inflación y la inseguridad económica son mis mayores preocupaciones, y no veo que esta propuesta las mitigue lo suficiente.

Por lo tanto, y con pesar, mi veredicto final es:

[VOTO: NO]
"
Agent_041,ISTJ,SÍ,DUDOSO,"¡Uff! A ver, a ver... $200.000 por un sistema para ""recuperar mi libertad"" suena tentador, pero también a chamuyo marketinero. En mi rubro, ya aprendí que nadie te regala nada y la libertad se gana laburando.

*   **R1 (Instinto de negocio puro):** Mi primer pensamiento es ""esto es demasiado bueno para ser verdad"". Tres días de entrenamiento intensivo con auditorías sorpresa... suena a mucho control intrusivo. Y eso de ""herramientas listas para usar"" generalmente termina siendo adaptable a la fuerza. Desconfío un poco porque los problemas reales de mi negocio son únicos.

*   **R2 (Análisis técnico de la propuesta):** El manual de operaciones blindado puede ser útil si está bien hecho, pero me pregunto si realmente se adapta a la idiosincrasia de mi personal. La garantía de 30 días con WhatsApp suena bien al principio, pero depender de eso para que el equipo funcione a largo plazo es inviable. Las visitas sorpresa pueden ser buenas para mantener el estándar, pero siento que invaden mi espacio y el de mis empleados. Los testimonios son importantes, pero quiero saber si son reales y si realmente les funcionó a negocios como el mío.

**Veredicto:** Si bien valoro la intención y el esfuerzo de Megan, creo que $200.000 es mucho dinero para algo que, en el fondo, me parece una solución genérica. Prefiero invertir en capacitar mejor a mi gente y mejorar los procesos internos con mi propio criterio y visión.

[VOTO: NO]
","Analizando la propuesta de Megan desde una perspectiva puramente técnica y de servicio, veo las siguientes fallas:

*   **Falta de personalización:** El ""manual de operaciones blindado"" es un punto débil si no se adapta a la cultura y particularidades de mi restaurante. Un manual genérico puede generar resistencia en el personal y ser ineficaz.
*   **Dependencia excesiva del WhatsApp:** La garantía de 30 días con soporte por WhatsApp es un parche temporal, no una solución sostenible para el funcionamiento del equipo a largo plazo. Un sistema robusto debería incluir canales de comunicación más formales y capacitación continua.
*   **Intrusividad de las ""visitas sorpresa"":** Si bien pueden ayudar a mantener los estándares, las visitas sorpresa pueden generar un ambiente de desconfianza y estrés en el personal. Es necesario un enfoque más equilibrado que combine supervisión con empoderamiento y feedback constructivo.
*   **Dudas sobre la autenticidad y relevancia de los testimonios:** Los testimonios son valiosos, pero es crucial verificar su autenticidad y asegurarse de que provengan de negocios similares al mío en términos de tamaño, tipo de cocina y público objetivo. Un testimonio de un local de comida rápida no es lo mismo que el de una parrilla familiar.
*   **Riesgo de solución genérica:** La promesa de ""herramientas listas para usar"" puede ser engañosa si no se adaptan a las necesidades específicas de mi negocio. Cada restaurante tiene su propia idiosincrasia, y una solución estandarizada puede resultar ineficaz o incluso contraproducente. La complejidad de la gestión de un restaurante va mucho más allá de tener formatos predeterminados que, a la larga, requerirán adaptación local.
","De acuerdo a mi instinto y al análisis técnico, y considerando mi propio contexto como dueña de restaurante en Argentina, con mis preocupaciones específicas sobre inflación e inseguridad económica:

[VOTO: SÍ]

Si bien la situación económica actual es desafiante y cualquier inversión requiere un análisis exhaustivo, la propuesta parece sólida en términos de retorno a largo plazo y potencial de crecimiento. La clave está en negociar condiciones favorables y realizar un seguimiento constante de los resultados.
"
Agent_002,ENFP,SÍ,ALTA (Instinto R1),"¡Uff, mirá vos! ""Libertad Total Garantizada"", me suena a chamuyo de vendedor de humo, pero vamos a ver qué onda.

**R1 (Mi instinto de negocio puro):** A ver, recuperar tiempo es oro, eso lo tengo claro. Y tener un sistema que funcione solo es la fantasía de todo dueño de restaurante. Pero $200.000... ¡es un montón de guita! Y más con la que está cayendo. Necesito estar *muy* segura de que esto realmente va a funcionar. Me da cosa que sea todo tan ""premium"", me hace acordar a esos cursos carísimos que después no sirven para nada.

**R2 (Análisis técnico de la propuesta):** El manual, bien, tener las cosas por escrito siempre ayuda. Tres días de entrenamiento, ahí ya me gusta más porque es meter las manos en la masa directamente en mi local. La garantía por WhatsApp... suena bien, pero ¿quién me asegura que me van a dar bola al toque? Encima, las visitas sorpresa son interesantes, porque sabés que los empleados, si no los controlás un poco, se relajan. Y los testimonios, bueno, eso siempre suma, pero hay que ver si son reales o puro marketing. Me preocupa un poco la matriz de manejo de crisis, ¿me va a ayudar si tengo quilombos grandes?

**Veredicto:** Mirá, estoy en la duda. Me tienta mucho la idea de tener más tiempo libre y que el local funcione sin que yo tenga que estar encima de todo. Pero $200.000 es un riesgo grande... y con la inflación que tenemos, capaz que en dos meses ya no me sirve de nada. Así que...

[VOTO: NO]
","Bien, analizando fríamente la propuesta técnica y de servicio, dejando de lado el factor económico, veo algunas áreas que me generarían dudas:

*   **Garantía por WhatsApp:** Ok, suena ágil, pero ¿qué tipo de soporte real voy a tener? ¿Es un chatbot que me responde con frases genéricas o un técnico especializado al que puedo consultar directamente? ¿Cuál es el tiempo de respuesta garantizado? Si tengo un problema urgente en medio del servicio, necesito soluciones rápidas, no mensajes automáticos.

*   **Visitas sorpresa:** Esto puede ser un arma de doble filo. Si el sistema funciona bien y encuentran todo en orden, genial. Pero, ¿qué pasa si pillan a alguien haciendo algo mal? ¿Cómo manejan esa situación? ¿Van a retar a mis empleados adelante de los clientes? ¿O lo van a hablar conmigo en privado para que yo tome las medidas necesarias? Necesito saber cuál es el protocolo para estas visitas y cómo se manejan los posibles problemas que puedan surgir.

*   **Matriz de Manejo de Crisis:** Decís que me va a ayudar si tengo ""quilombos grandes"", pero ¿qué significa eso exactamente? ¿Me van a asesorar legalmente si tengo un problema con un proveedor? ¿Me van a dar una mano con la comunicación si recibo una mala reseña en redes sociales? ¿O simplemente me van a dar un checklist de cosas que puedo hacer? Necesito detalles sobre qué tipo de crisis cubren y cuál es el alcance real de su ayuda.

*   **Testimonios:** Si bien los testimonios siempre suman, necesito saber si son de locales parecidos al mío. No es lo mismo la experiencia de un restaurante de alta cocina que la de una parrilla de barrio. ¿Han trabajado con negocios como el mío? ¿Pueden mostrarme casos de éxito concretos que se parezcan a mi situación?","Mmm, a ver... después de pensarlo bien con el corazón y con la cabeza (aunque a veces me cueste un poco lo técnico, ¡je!), y teniendo en cuenta lo duro que está todo y el miedo que me da no llegar a fin de mes... Necesito algo que *realmente* me dé una mano para no comer vidrio.

Si la propuesta es algo que me asegura más gente en el local, aunque sea un poquitito, o algo que me ayude a bajar los costos sin sacrificar la calidad (¡eso no se negocia!), entonces le doy una chance. Pero tiene que ser algo *tangible*, que vea resultados *rápido*. Promesas vacías ya escuché muchas.

[VOTO: SÍ], pero con la condición de ver resultados concretos en poco tiempo. Si no, me bajo.
"
Agent_008,ENTP,SÍ,ALTA (Instinto R1),"¡Uf, a ver, vamos a desmenuzar esto!

**R1 (Mi instinto de negocio puro):**

Dos gambas por un manual y tres días de ""entrenamiento intensivo""... suena caro, ¿eh? A primera vista, me da la sensación de que me quieren vender humo. Lo de la ""Libertad Total Garantizada"" ya me hace levantar una ceja. Pero la idea de recuperar tiempo me tienta, ¡y mucho! Eso de que mi equipo decida sin consultarme sería un golazo, aunque me da cagazo perder el control. Los testimonios me dan un poco de esperanza, pero... ¿serán reales? La garantía y las auditorías sorpresa están buenas, me dan algo de seguridad, pero... ¡ay, la incertidumbre!

**R2 (Análisis técnico de la propuesta):**

*   **Manual de Operaciones:** Si las herramientas son realmente listas para usar y cubren bien los baches de mi negocio, safa. Pero puede ser un PDF genérico que no sirva para nada.
*   **Despegue Presencial:** Tres días en el local está bien, pero depende mucho de la calidad del entrenamiento. ¿Quién lo da? ¿Tiene experiencia real en restaurantes como el mío?
*   **Garantía de 30 días:** La auditoría diaria es un golazo, eso me gusta. Pero un mes pasa volando.
*   **Seguro de Persistencia:** Las visitas sorpresa son inteligentes, te obligan a mantener el nivel. Pero, de nuevo, ¿quién las hace? ¿Son confiables?
*   **Prueba Social:** Necesito ver los testimonios. ¿Quiénes son esos dueños? ¿Sus locales son similares al mío? Si no puedo verificar esto, no me sirve.

**Veredicto:**

Es mucha guita para algo que suena un poco a verso. Si los testimonios fueran verificables y el entrenamiento realmente personalizado, tal vez... Pero así, sin más información, me da cosa arriesgar tanta plata. Prefiero seguir luchando contra el día a día.

[VOTO: NO]
","Okay, analizando la propuesta desde una perspectiva estrictamente técnica y del servicio, estas son las principales fallas que detecto en tu análisis anterior, desde el punto de vista de un dueño de restaurante argentino:

*   **Falta de Detalle sobre el Manual de Operaciones:**
    *   **Profundidad:** Tu análisis señala que podría ser un ""PDF genérico"". Necesitas saber si el manual es específico para el rubro gastronómico y si considera las particularidades de la cocina argentina, las costumbres locales y las regulaciones específicas de CABA/GBA/Interior. ¿Incluye plantillas de menús editables, ejemplos de fichas técnicas adaptadas a ingredientes locales, protocolos de higiene y seguridad alimentaria acordes a las normativas argentinas?
    *   **Actualización:** ¿El manual se actualiza periódicamente para reflejar los cambios en las leyes laborales, regulaciones impositivas o tendencias del mercado gastronómico? Un manual desactualizado es inútil.
*   **Ambigüedad del ""Despegue Presencial"":**
    *   **Expertise del Entrenador:** No basta con que tenga experiencia en restaurantes, debe tener experiencia en restaurantes similares al tuyo en tamaño, tipo de cocina y público objetivo. ¿El entrenador conoce los desafíos específicos de una parrilla familiar, un café de especialidad o un local histórico? ¿Está familiarizado con las idiosincrasias del personal argentino?
    *   **Personalización del Entrenamiento:** ¿El entrenamiento se adapta a las necesidades específicas de tu negocio? ¿Se enfoca en las áreas donde tienes mayores problemas? ¿Permite la participación activa de tu equipo y la resolución de dudas en tiempo real?
    *   **Seguimiento Post-Entrenamiento:** ¿Ofrecen algún tipo de soporte continuo después de los tres días? ¿Un período de consultoría online, acceso a una comunidad de usuarios o sesiones de preguntas y respuestas?
*   **Limitaciones de la Garantía de 30 Días:**
    *   **Tiempo Insuficiente:** Un mes puede ser poco para implementar todos los cambios y evaluar su impacto real en el negocio. Sería ideal una garantía más extendida o, al menos, la posibilidad de extenderla si los resultados no son satisfactorios.
    *   **Criterios de Éxito:** ¿Cómo se mide el éxito? ¿Aumento de ventas, reducción de costos, mejora en la satisfacción del cliente? ¿Cuáles son los indicadores clave de rendimiento (KPIs) que se utilizarán para evaluar la efectividad del programa? Estos deben ser claramente definidos desde el principio.
*   **Dudas sobre el ""Seguro de Persistencia"":**
    *   **Objetividad de las Visitas:** ¿Quién realiza las auditorías sorpresa? ¿Son profesionales independientes o empleados de la empresa que vende el programa? La objetividad es crucial para garantizar la validez de la evaluación.
    *   **Feedback Constructivo:** ¿Las visitas sorpresa se limitan a señalar los errores o también ofrecen soluciones y recomendaciones para mejorar? El feedback debe ser constructivo y orientado a la mejora continua.
*   **Falta de Claridad en los Testimonios:**
    *   **Similitud del Negocio:** Los testimonios deben ser de dueños de restaurantes similares al tuyo en tamaño, tipo de cocina, ubicación y público objetivo. Un testimonio de un dueño de una cadena de fast food no es relevante para un pequeño restaurante familiar.
    *   **Detalle de los Resultados:** Los testimonios deben ser específicos sobre los resultados obtenidos gracias al programa. ""Aumentamos las ventas"" no es suficiente. ¿Cuánto aumentaron las ventas? ¿En qué período de tiempo? ¿Qué acciones específicas contribuyeron a ese aumento?

En resumen, la principal falla de la propuesta es la falta de especificidad y la dificultad para verificar la validez de sus beneficios. Necesitas más detalles concretos sobre el contenido del manual, la calidad del entrenamiento, la objetividad de las auditorías y la autenticidad de los testimonios antes de tomar una decisión.
","Considerando mi instinto sobre las necesidades reales de los dueños de restaurantes, bares y cafeterías en Argentina, sumado a mi análisis técnico que busca soluciones pragmáticas y directas, mi veredicto final es:

La propuesta tiene el potencial de aliviar una de mis mayores angustias: el miedo a no llegar a fin de mes. A través de la optimización de costos y la implementación de estrategias que apuntan a aumentar las ventas, podría ofrecer a los dueños de locales gastronómicos una herramienta valiosa para navegar la difícil situación económica actual. Si bien las estrategias específicas deberían adaptarse a cada tipo de negocio y considerar el nivel de digitalización de cada dueño, la idea central de mejorar la rentabilidad y el poder adquisitivo es atractiva.

[VOTO: SÍ]
"
Agent_009,INTJ,SÍ,DUDOSO,"¡Uff, a ver, vamos a desmenuzar esto!

**R1 (Tu instinto de negocio puro):**

""Megan... Libertad Total Garantizada""? Me suena a chamuyo marketinero de los que prometen la luna. ""Sistema de Control Total"" y ""Recuperá tu Libertad"" al mismo tiempo? Como que no cierra. A primera vista pinta como demasiado lindo para ser verdad. Los testimonios suelen ser arreglados y las auditorías sorpresa... ¡bah! ¿Qué saben ellos de mi boliche? La guita que piden es importante, y más con la que está cayendo. Necesito ver datos reales, no promesas.

**R2 (Análisis técnico de la propuesta):**

*   **Manual de Operaciones Blindado:** Esto podría llegar a ser piola, si realmente son herramientas prácticas y no un rejunte de obviedades. Depende mucho de la calidad.
*   **Despegue Presencial (3 días):** Tres días de entrenamiento suena bien, pero ¿quiénes son los capacitadores? ¿Tienen experiencia real en el rubro o son consultores teóricos?
*   **Garantía de 30 Días (WhatsApp):** Esto es interesante, pero un mes es poco tiempo para ver un cambio real. Y el tema del WhatsApp... medio amateur, ¿no? Preferiría un seguimiento más formal.
*   **Seguro de Persistencia:** Las auditorías sorpresa son un arma de doble filo. Pueden motivar al equipo, pero también generar mucha tensión y resentimiento. Y si la corrección ""en el acto"" implica meterse en mi gestión... complicado.
*   **Prueba Social:** Testimonios de CABA/GBA no me dicen mucho, necesito referencias concretas y poder hablar con los dueños directamente.

En resumen: la propuesta tiene algunos puntos interesantes, pero me genera muchas dudas sobre su efectividad real y el valor que realmente aporta.

**Veredicto:**

Es mucha plata para arriesgarse sin tener más certezas. Prefiero invertir en algo que pueda controlar más directamente. Hay que buscar otra cosa.

[VOTO: NO]
","¡A ver, vamos a diseccionar esto como si fuera un plato mal emplatado! Mi instinto INTJ no me falla, y si la propuesta tiene fisuras técnicas, las voy a encontrar.

**Análisis Crítico Estrictamente Técnico (Megan - Libertad Total Garantizada):**

*   **Manual de Operaciones Blindado:** ""Blindado"" es una palabra fuerte. ¿Qué significa realmente? ¿Protege contra qué? Necesito saber si se adapta a la singularidad de mi restaurante o es un genérico reciclado. La clave está en la personalización y la aplicabilidad. Si no es adaptable, es inservible.
*   **Despegue Presencial (3 días):** Tres días es un tiempo acotado. ¿Qué tan profundo pueden llegar? ¿Se enfocan en la capacitación del personal clave (encargado, jefe de cocina) o intentan abarcar todo el abanico? Si es lo segundo, seguramente sea superficial. Necesito entender la agenda detallada y los objetivos específicos de esas jornadas.
*   **Garantía de 30 Días (WhatsApp):** Un mes es irrisorio para evaluar resultados tangibles. Además, el canal de WhatsApp denota falta de profesionalismo. ¿Dónde queda el seguimiento formal, los informes de progreso, las métricas claras? Esto huele a improvisación. La garantía debe ser mensurable y con un proceso de reclamo bien definido.
*   **Seguro de Persistencia:** Auditorías sorpresa con corrección ""en el acto"" es una receta para el desastre. Genera microgestión y puede socavar la autoridad de mis encargados. Prefiero un enfoque consultivo y colaborativo para identificar áreas de mejora, no un régimen de ""policía bueno/policía malo"". Necesito saber cuál es el protocolo de las auditorías y si se respetan mis procesos internos.
*   **Prueba Social:** Que sean testimonios de CABA/GBA no me dice nada. Necesito ver datos duros, resultados medibles: ¿aumentaron las ventas? ¿Redujeron los costos? ¿Mejoró la satisfacción del cliente? Los testimonios deben ser respaldados por evidencia tangible. De lo contrario, son meras anécdotas.

**Conclusión Técnica Contundente:**

La propuesta carece de solidez técnica y especificidad. Se basa en generalidades y promesas vacías, sin demostrar un entendimiento profundo de las complejidades de mi negocio. La falta de garantías medibles y el enfoque improvisado del seguimiento son alarmantes. Hay una desconexión evidente entre el ""marketing grandilocuente"" y la sustancia real del servicio.
","Considerando mi instinto inicial positivo (R1) y el análisis técnico que desglosó tanto las fortalezas como las posibles debilidades (R2), mi veredicto final es favorable, pero con un enfoque en mitigar los riesgos detectados. 

En esencia, la propuesta tiene potencial para generar un valor significativo para los dueños de restaurantes en Argentina al optimizar sus operaciones y mejorar su rentabilidad. Sin embargo, para maximizar las posibilidades de éxito, considero crucial abordar proactivamente la volatilidad del mercado local y la diversa adopción tecnológica dentro del sector. Esto implica ofrecer soluciones flexibles, escalables y con un soporte técnico robusto adaptado a las necesidades específicas de cada cliente.

En resumen, creo que esta propuesta tiene el potencial de impactar positivamente el sector gastronómico argentino, por lo tanto:

[VOTO: SÍ]
"
Agent_047,ENTP,SÍ,ALTA (Instinto R1),"¡Uff, a ver, a ver que tenemos acá! ""Megan - Libertad Total Garantizada""... Me suena a esos vendedores de humo que te prometen el oro y el moro. Pero bueno, vamos a analizarlo con la cabeza fría.

**R1 (Mi instinto de negocio puro):** Inicialmente, me suena a chamuyo. Todo eso de ""Libertad Total"", ""Sistema de Control Total""... me da la sensación de que me quieren vender un buzón. Además, ¿quién carajo tiene tiempo para leer un ""Manual de Operaciones Blindado""? ¡Yo necesito soluciones rápidas, no un ladrillo! Pero el tema de las auditorías sorpresa y los testimonios me hacen dudar un toque. Si realmente me puedo liberar de estar encima del negocio todo el tiempo y tener más tiempo para mí, podría valer la pena... ¡Necesito más data!.

**R2 (Análisis técnico de la propuesta):**

*   **Manual de Operaciones Blindado (PDF):** Puede ser útil, pero si es muy extenso, va a quedar juntando polvo. Tiene que ser práctico, conciso y adaptado a mi restaurante.
*   **Despegue Presencial (3 días):** Interesante. Necesito saber quién va a venir y si realmente entiende de restaurantes. Si es un pibe recién recibido, no me sirve para nada.
*   **GARANTÍA DE 30 DÍAS (WhatsApp):** Esto me gusta. Soporte constante por WhatsApp es clave. ¿Pero qué pasa después de los 30 días? ¿Me dejan tirado?
*   **SEGURO DE PERSISTENCIA (2 visitas sorpresa):** Ok, esto es un buen punto. Demuestra que Megan está comprometida a largo plazo. Pero, ¿qué pasa si después de las dos visitas afloja todo de nuevo?
*   **PRUEBA SOCIAL (3 testimonios):** Necesito ver esos testimonios. Ubicación de los locales y rubro similares al mío. Y mejor aún, ¡voy a ir a comer a esos lugares y hablar con los dueños!

**Veredicto:**

Si estos pibes de Megan me muestran testimonios VERDADEROS de restaurantes similares al mío, y me dan una garantía REAL de que el cambio es sostenible a largo plazo (no sólo 3 meses)... Ah, y si el tipo que viene es un EXPERTO en restaurantes con experiencia comprobable... Entonces, QUIZÁS le daría una oportunidad. Pero como está planteado ahora...

[VOTO: NO]
","¡Bien ahí con el análisis! Me gusta que estés con el cuchillo entre los dientes. Coincido en que hay que ser desconfiado, pero vamos a darle una vuelta más a la propuesta técnica, buscando las grietas:

*   **El ""Manual de Operaciones Blindado"":** Como bien decís, si es un ladrillo, no sirve. Pero el problema va más allá del tamaño. ¿Es un manual genérico o está realmente CUSTOMIZADO para mi tipo de restaurante, mi menú, mi personal, mi clientela? Si es genérico, es como comprar un traje en un shopping y esperar que te quede perfecto. Va a requerir muchísimas modificaciones, y eso requiere tiempo y esfuerzo de mi parte. Y el tiempo es oro.

*   **Despegue Presencial (3 días):** Tres días pueden ser insuficientes para implementar cambios significativos. ¿Qué pasa si identifican problemas profundos? ¿Se van al tercer día y me dejan con el quilombo a medio resolver? Necesito saber si esos tres días son un diagnóstico express o una implementación real. ¿Y qué pasa con la capacitación del personal? ¿La incluyen o tengo que hacerla yo después?

*   **GARANTÍA DE 30 DÍAS (WhatsApp):** El soporte por WhatsApp es útil, pero es reactivo, no proactivo. Necesito saber qué tipo de soporte ofrecen. ¿Responden preguntas básicas o realmente me ayudan a solucionar problemas complejos? ¿Y qué pasa si necesitan acceder a mis sistemas para solucionar algo? ¿Tienen los protocolos de seguridad adecuados?

*   **SEGURO DE PERSISTENCIA (2 visitas sorpresa):** Dos visitas sorpresa son un gesto, pero totalmente insuficientes. Es como ir al gimnasio dos veces al mes y pretender estar en forma. Necesito saber qué métricas van a monitorear durante esas visitas. ¿Solo la limpieza y el orden? ¿O también la calidad de la comida, la atención al cliente, la rentabilidad? Y lo más importante: ¿Quién va a hacer el seguimiento después de esas visitas? ¿Yo? ¿Volvemos al punto de partida?

*   **PRUEBA SOCIAL (3 testimonios):** Los testimonios pueden ser seleccionados y maquillados. Necesito saber si los testimonios son recientes, y si esos restaurantes tienen el mismo nivel de complejidad que el mío. No es lo mismo un restaurante de comida rápida que una parrilla familiar con 30 años de historia.

**En resumen:** La propuesta técnica carece de especificidad, profundidad y un plan de seguimiento a largo plazo. Se enfoca más en la ""libertad total"" que en la solución real de mis problemas. Parece un servicio de ""coaching"" express, en lugar de una consultoría integral enfocada en resultados concretos. Sigo pensando que hay mucho chamuyo dando vueltas.
","Okay, considerando mi instinto (R1) que me dice que necesito soluciones rápidas y mi análisis técnico (R2) que me alerta sobre los costos, y tomando en cuenta mi contexto actual de preocupación por llegar a fin de mes...

**Veredicto Final:** Necesito una solución que me genere resultados tangibles a corto plazo y que no me ahogue con los costos. Si la propuesta es clara en cómo va a **aumentar mis ingresos** de manera **rápida y medible**, y el costo es **razonable y adaptable** a mi situación actual, entonces podría ser viable. Si me promete magia sin sustento o me exige una inversión grande de entrada, paso.

**[VOTO: SÍ] (Condicional)** - Depende de la rentabilidad y la flexibilidad de la inversión.
"
Agent_075,ENFJ,SÍ,DUDOSO,"¡A ver, vamos a analizar esto!

**R1 (Tu instinto de negocio puro):** De entrada, me suena interesante el concepto de ""libertad total"" y ""sistema de control total"". Laburo a destajo y cualquier cosa que prometa sacarme horas de laburo me llama mucho la atención. Lo de los testimonios es un buen gancho, pero 200 lucas... Uff, hay que ver si vale la pena.

**R2 (Análisis técnico de la propuesta):**

*   **Manual:** Checklists, protocolos... suena a laburo previo bien hecho. Si realmente están ""listos para usar"", me ahorran dolores de cabeza.
*   **Despegue presencial:** Tres días en el local suena a meterme a fondo en el barro. Me gusta la idea de que vengan ellos y no tener que mandar a mi gente a un curso.
*   **Garantía WhatsApp:** Acá veo una buena oportunidad de exprimir a Megan y ver si realmente cumplen. Si la auditoría es diaria, les voy a hacer preguntas todos los días.
*   **Seguro de Persistencia:** Las ""visitas sorpresa"" me dan un poco de desconfianza, pero si realmente corrigen los problemas sin cargo extra, podría funcionar.
*   **Prueba social:** Los testimonios son clave. Si son dueños de locales que conozco o al menos suenan creíbles, suman puntos.
*   **Inversión:** $200.000 es una inversión importante. Si me aseguran que recupero esas 15 horas por semana y mantengo la calidad, podría valer la pena.

**Veredicto:** Si los testimonios son genuinos y la garantía de WhatsApp es posta, me animo a probar. Necesito ver resultados rápidos y que el cambio sea real.

[VOTO: SÍ]
","Okay, analizando fríamente la propuesta a nivel técnico y de servicio, y dejando de lado el contexto económico, encuentro las siguientes posibles fallas:

*   **Manual (Checklists, protocolos):** La efectividad de los checklists y protocolos depende EXTREMADAMENTE de su adaptación al negocio. Si el manual es genérico, puede resultar inútil o incluso contraproducente. Un protocolo mal diseñado puede generar cuellos de botella en la operación. La clave está en la personalización y en la facilidad de implementación. ¿Qué tan ""personalizable"" es este manual? ¿Quién se encarga de esa adaptación?
*   **Despegue presencial (Tres días en el local):** Tres días pueden ser insuficientes para entender a fondo la dinámica de un restaurante en particular. Si no logran captar la esencia del local, corren el riesgo de implementar soluciones que no encajen o que generen más problemas de los que resuelven. Además, ¿cuál es la expertise del equipo que viene? ¿Realmente entienden la idiosincrasia de un restaurante argentino?
*   **Garantía WhatsApp (Auditoría diaria por WhatsApp):** La calidad de la auditoría por WhatsApp es una gran incógnita. Depende ENORMEMENTE de la claridad con la que mi personal comunique los problemas y de la rapidez y eficiencia con la que Megan responda y proponga soluciones. Un intercambio lento o confuso puede ser peor que no tener auditoría en absoluto. Además, ¿quién se encarga de implementar las soluciones que Megan propone?
*   **Seguro de Persistencia (Visitas sorpresa):** Las visitas sorpresa pueden generar un ambiente de tensión y desconfianza en el personal. Si no se gestionan adecuadamente, pueden afectar negativamente la moral del equipo. Además, ¿cuál es el criterio para determinar qué problemas se ""corrigen sin cargo extra""? ¿Existe un límite en la cantidad de correcciones? Podría haber letra chica acá.
*   **Prueba social (Testimonios):** Los testimonios, por sí solos, no garantizan nada. Incluso si son de ""dueños de locales que conozco"", esos locales pueden tener una idiosincrasia muy diferente a la mía. Necesitaría ver casos de éxito en restaurantes con características similares al mío (tipo de cocina, tamaño, ubicación, etc.).
*   **Inversión (15 horas por semana):** La promesa de recuperar 15 horas por semana me parece exagerada y poco realista. ¿Cómo miden esa reducción de tiempo? ¿En base a qué métricas? ¿Qué pasa si no logro recuperar ese tiempo? ¿Hay algún tipo de garantía de devolución si el sistema no funciona como prometido?

En resumen, la propuesta tiene puntos interesantes, pero presenta varias áreas grises y potenciales riesgos a nivel técnico y operativo. La clave está en la transparencia, la personalización y la claridad en las garantías.
","Considerando mi instinto inicial y el análisis técnico que hicimos, y teniendo en cuenta mi aversión al riesgo y mi preocupación por la inflación, especialmente en un contexto como el argentino... [VOTO: NO]. Necesito ver una propuesta mucho más sólida, con proyecciones financieras super claras y un plan de contingencia anti-inflación a prueba de balas. No me voy a arriesgar en algo que pueda ser pulverizado por la economía actual.
"
Agent_023,INTJ,NO,DUDOSO,"¡Uff, a ver, vamos a analizar esto con la cabeza fría!

**R1 (Mi instinto de negocio puro):** $200.000 es plata, y más con la que está cayendo. Suena lindo lo de ""libertad total"", pero desconfío de las soluciones mágicas. Tres días de entrenamiento y dos visitas sorpresa... ¿enserio con eso voy a lograr que el equipo trabaje solo y bien? Necesito ver resultados concretos y tangibles. Además, ¿testimonios solo de CABA/GBA? ¿Y el interior qué, no existe?

**R2 (Análisis técnico de la propuesta):**

*   **Manual de Operaciones:** Suena útil, pero ¿será adaptable a mi tipo de restaurante y a mi gente? Los checklists y protocolos genéricos a veces no sirven.
*   **Despegue Presencial:** Tres días intensivos pueden ser buenos, pero depende de la calidad del entrenamiento y de la predisposición de mi personal.
*   **Garantía de 30 días:** La auditoría diaria por WhatsApp suena interesante, pero ¿realmente estarán disponibles para responder rápido? ¿Y van a entender las particularidades de mi negocio?
*   **Seguro de Persistencia:** Las visitas sorpresa son un buen incentivo para mi equipo, pero ¿y si el problema es la falta de motivación o la mala gestión del personal? ¿Lo solucionan en el acto?
*   **Prueba Social:** Los testimonios suman, pero necesito ver números reales: ¿aumentaron las ventas? ¿Disminuyeron los costos? ¿Mejoró la satisfacción del cliente?

**Veredicto:** Demasiada promesa y poca sustancia. Me da la sensación de que es un ""vende humo"" a gran escala. Necesito algo más concreto, con resultados comprobables y adaptado a mi realidad. Prefiero invertir esa plata en capacitar a mi personal o en mejorar la gestión interna.

[VOTO: NO]
","Bien, analizando la propuesta exclusivamente desde la perspectiva técnica y de servicio, encuentro las siguientes fallas:

*   **Falta de Personalización:** Como mencioné, el Manual de Operaciones y los checklists genéricos son una preocupación. No se aborda cómo se adapta el programa a la idiosincrasia de mi restaurante en particular, a la cultura de mi equipo y a las particularidades de mi clientela local (recordá que no soy de CABA/GBA). Se asume que un modelo único funciona para todos, lo cual es un error.
*   **Escasa Profundidad del Entrenamiento:** Tres días intensivos pueden ser insuficientes para cambiar hábitos y procesos arraigados. Se necesita un seguimiento más prolongado y personalizado para asegurar que el equipo internalice los conceptos y los aplique correctamente.
*   **Soporte Virtual Limitado:** La auditoría diaria por WhatsApp es una buena idea, pero no aborda la rapidez y la calidad de la respuesta. ¿Quién responde del otro lado? ¿Tiene la experiencia y el conocimiento necesario para resolver mis dudas y problemas específicos? ¿Se limita a dar respuestas genéricas o realmente entiende mi negocio?
*   **Soluciones Superficiales:** Las visitas sorpresa pueden generar un impacto inicial, pero no resuelven los problemas de fondo. Si la falta de motivación o la mala gestión del personal son las causas reales del bajo rendimiento, se necesitan estrategias más profundas y personalizadas, como coaching individual o talleres de desarrollo de liderazgo.
*   **Métricas de Éxito Ambiguas:** Los testimonios son útiles, pero insuficientes. Necesito ver números concretos que demuestren el retorno de la inversión: ¿aumento de las ventas? ¿disminución de los costos? ¿mejora de la satisfacción del cliente (con datos específicos, no solo opiniones)? ¿reducción de la rotación del personal?
*   **Alcance Geográfico Limitado de los Testimonios:** Me preocupa que los testimonios sean solo de CABA/GBA. Las dinámicas y desafíos de un restaurante en el interior pueden ser muy diferentes. Necesitaría referencias de negocios similares al mío en mi zona geográfica para tener una mejor idea de la efectividad del programa.
*   **Falta de Adaptación a las Habilidades Digitales:** Asume que todo mi personal tiene el mismo nivel de manejo de WhatsApp. ¿Qué pasa con aquellos que no son tan hábiles con la tecnología? ¿Hay opciones de soporte alternativas?

En resumen, la propuesta parece enfocarse en soluciones rápidas y genéricas, sin tener en cuenta las particularidades de mi restaurante y de mi equipo. Necesito algo más personalizado, profundo y con resultados comprobables para justificar la inversión.
","Considerando la incertidumbre económica que vivimos y la constante lucha para mantener la rentabilidad del negocio, me resulta difícil tomar una decisión a la ligera. Por un lado, entiendo el potencial de llegar a más clientes y optimizar procesos. Por otro, me preocupa la inversión inicial y el compromiso a largo plazo, especialmente con la inestabilidad actual. 

Necesitaría analizar con mucha atención los costos reales y beneficios proyectados, y ver si realmente se ajusta a mi presupuesto y expectativas. También me gustaría hablar con otros colegas que ya hayan implementado esta solución para conocer sus experiencias. 

Hasta que no tenga más claridad sobre esos puntos, **[VOTO: NO]**.
"
Agent_048,ESTJ,SÍ,ALTA (Instinto R1),"¡A ver, veamos qué onda esta propuesta de Megan!

**R1 (Instinto de Negocio Puro):**

Uff, suena tentador eso de ""Libertad Total"" y recuperar horas. ¡Quién no quiere eso! 200 lucas no es moco de pavo, pero si realmente me saco de encima el quilombo diario y el equipo funciona solo, podría ser una inversión que vale la pena. Me hace ruido el ""blindado"" y ""manejo de crisis""... ¿será algo muy estructurado y poco adaptable a mi estilo? Pero esos testimonios... mmm, me dan curiosidad.

**R2 (Análisis Técnico de la Propuesta):**

*   **Manual:** Checklists y protocolos suenan bien, pero necesito ver si son prácticos y no burocráticos.

*   **Despegue Presencial:** 3 días intensivos está bueno, pero clave que Megan entienda mi negocio y no me venda una receta genérica.

*   **Garantía de 30 días por WhatsApp:** ¡Me encanta el seguimiento constante! Eso demuestra que confían en su sistema.

*   **Seguro de Persistencia:** Las visitas sorpresa son un buen incentivo para que el equipo no se relaje. Eso suma puntos.

*   **Prueba Social:** Necesito corroborar esos testimonios. ¿Serán reales o puro marketing?

**Veredicto:**

A ver, pinta bastante bien. El tema es que me da miedo que sea demasiado ""enlatado"" y no se adapte a la idiosincrasia de mi restaurante. Pero la garantía, las auditorías y sobre todo el WhatsApp me dan un poco de confianza. Necesito hablar con esos dueños que mencionan y ver si realmente les funcionó. Y, si me convencen los testimonios, lo pensaría seriamente.

[VOTO: SÍ]
","Okay, analizando la propuesta de Megan desde una perspectiva puramente técnica, veo algunas áreas que podrían ser problemáticas o requerir mayor claridad:

*   **Manual:** El beneficio radicará en qué tan personalizado es. ¿Es genérico, obligándome a adaptar mi operación, o se ajusta a mi marca, menú y estilo de servicio? Si es demasiado rígido, podría resultar en un caos organizativo.
*   **Despegue Presencial:** Tres días pueden ser insuficientes para una implementación efectiva, especialmente si mi equipo tiene poca experiencia o resistencia al cambio. ¿Qué pasa si surgen problemas después de esos tres días? ¿Hay soporte adicional?
*   **Garantía de 30 días por WhatsApp:** Si bien el seguimiento es bueno, ¿cuál es la respuesta promedio? ¿Están disponibles 24/7 o solo en horario de oficina? ¿Pueden resolver problemas complejos por este medio o solo cuestiones básicas? Necesito más detalles sobre la calidad y el alcance del soporte.
*   **Seguro de Persistencia:** Si las visitas son sorpresivas, ¿cómo aseguran que no interrumpirán el flujo normal de mi restaurante o incomodarán a los clientes? ¿Hay una política de discreción y profesionalismo? ¿Recibiré un informe detallado de sus hallazgos y recomendaciones después de cada visita? ¿Cómo se gestionan las posibles fallas detectadas? Es fundamental evitar que se conviertan en una intromisión constante.
*   **Prueba Social:** Si son testimonios de gente que conozco en el rubro, genial, la llamada puede aportar mucho. Si son ejemplos de otra parte, o de negocios que no se asemejan al mío, dudo de la utilidad el servicio, ya que parecerá algo muy de manual, y poco personalizado.

","Considerando tanto la intuición que me impulsa a buscar soluciones innovadoras para mi negocio gastronómico como el análisis técnico que me exige pragmatismo y rentabilidad, pondero los riesgos inflacionarios y la inestabilidad económica actual. En este contexto, la propuesta debe ser extremadamente sólida y con un retorno de inversión claro y a corto plazo. Si la propuesta ofrece tangiblemente estas características, mi voto será afirmativo. De lo contrario, preferiré la cautela.

[VOTO: DEPENDERÁ DEL ROI CLARO Y A CORTO PLAZO]
"
Agent_100,INTJ,NO,ALTA,"Uff, a ver... ""Libertad Total Garantizada"", suena a humo cósmico de gurú cheto. Pero vayamos por partes, porque por ahí rasguñamos algo interesante.

**R1 (Tu instinto de negocio puro):** 200 lucas por esto me parece una inversión importante. Tres días intensivos más la auditoría mensual... Suena laburoso, pero si de verdad me quita horas de encima y el equipo se espabila solo, podría valer la pena. Lo que me rechina es el nombre ""Megan"", parece nombre de asistente virtual yankee, nada que ver con la cultura de laburo acá. La garantía de 30 días y las auditorías sorpresa son un buen gancho, pero tengo que ver si son posta.

**R2 (Análisis técnico de la propuesta):**

*   **Manual de Operaciones Ciego:** Los checklists y protocolos son clave, pero la Matriz de Manejo de Crisis tiene que estar bien pensada para que no hagan cagadas. Si es un copy-paste genérico, chau.
*   **Despegue Presencial:** Tres días en el local es un buen punto, ahí ves si el tipo la tiene clara o es un chamuyero. Importante que entienda la idiosincrasia de mi negocio, no quiero fórmulas enlatadas.
*   **Garantía de 30 Días:** WhatsApp y auditoría diaria suena a mucho laburo para ellos, espero que lo cumplan. Sino, es puro verso.
*   **Seguro de Persistencia:** Las visitas sorpresa son un buen incentivo para que el equipo no se relaje, pero si el ""Megan"" este solo viene a bardear, empeora el clima laboral.
*   **Prueba Social:** Los testimonios son importantes, pero quiero hablar con esos dueños directamente, ver si son creíbles. Si son puestos a dedo de amigos, desconfío.

**Veredicto:** A ver, el miedo a la inflación me carcome, pero si esto me permite optimizar el negocio y delegar con confianza, la inversión podría justificarse. Aunque necesito más certezas. Voy a investigar a fondo esos testimonios y pedir más info sobre la metodología. Por ahora...

[VOTO: NO]
","Okay, enfocándome puramente en las fallas de la propuesta técnica/de servicio:

1.  **Manual de Operaciones Ciego:** Un manual genérico, aunque tenga checklists y protocolos, puede ser inútil e incluso contraproducente. No considera las particularidades del restaurante, los proveedores locales, la clientela habitual ni los desafíos específicos del equipo. Si la Matriz de Manejo de Crisis no está adaptada, podría generar respuestas erróneas ante situaciones reales.
2.  **Despegue Presencial:** Tres días pueden ser insuficientes para comprender a fondo la dinámica del restaurante, identificar cuellos de botella y entrenar adecuadamente al personal. Se corre el riesgo de implementar cambios superficiales que no generen un impacto real en la eficiencia.
3.  **Garantía de 30 Días:** El WhatsApp y la auditoría diaria suenan bien en la teoría, pero ¿quién se encarga de responder los mensajes y realizar las auditorías? ¿Es el propio ""Megan"" o un equipo junior? La calidad de la respuesta y la profundidad de las auditorías son cruciales para que la garantía sea efectiva.
4.  **Seguro de Persistencia:** Las visitas sorpresa pueden generar estrés e incomodidad en el equipo si no se realizan de manera constructiva. Si el objetivo es solo fiscalizar y criticar, el clima laboral se verá afectado negativamente, lo que podría derivar en rotación de personal y una disminución en la calidad del servicio.
5.  **Prueba Social:** La falta de transparencia en los testimonios es un punto débil. No se puede verificar la autenticidad ni la relevancia de las experiencias compartidas. Sin una evaluación objetiva, los testimonios carecen de valor como indicador de éxito.

En resumen, la propuesta carece de personalización y podría resultar en la implementación de soluciones genéricas que no abordan las necesidades y desafíos específicos del restaurante. La falta de claridad sobre la calidad y la profundidad de los servicios ofrecidos genera dudas sobre su efectividad real.
","Okay, después de analizar el panorama con detalle, considerando tanto lo que me dice la intuición como los datos concretos, mi veredicto final es el siguiente:

Si bien veo potencial en la propuesta y entiendo la necesidad de modernizar y adaptarnos a las nuevas tendencias, **[VOTO: NO]**.

La incertidumbre económica actual en Argentina, con la inflación como principal amenaza, me impide tomar riesgos innecesarios. Priorizo mantener la estabilidad de mi negocio en lugar de invertir en estrategias que, si bien son atractivas, no garantizan un retorno de la inversión claro y rápido en este contexto tan volátil. Además, la inseguridad económica me hace ser más cauteloso con mis recursos.
"
Agent_059,ENTP,SÍ,ALTA (Instinto R1),"¡Uff, a ver, a ver! ""Libertad Total Garantizada""... suena chamuyo marketinero, pero veamos qué onda.

**R1 (Mi instinto de negocio puro):** $200.000 es guita. Necesito ver retorno rápido. El manual y la capacitación presencial pintan bien, sobre todo si el equipo aprende a laburar solo, me ahorra quilombos. La garantía suena piola, pero hay que ver si es posta o te patean la pelota. Las auditorías sorpresa me dan un toque de desconfianza... ¿qué onda, me vienen a vigilar o a ayudar? Los testimonios son clave, si los tipos realmente recuperaron tiempo, ahí sí me interesa. En resumen, si me demuestran que el sistema es posta y me libera tiempo, lo pienso.

**R2 (Análisis técnico de la propuesta):**

*   **Manual de Operaciones Blindado:** Depende de qué tan ""blindado"" sea. Checklists y protocolos genéricos no sirven. Tiene que estar adaptado a MI restaurante, a MI carta, a MI equipo. La Matriz de Manejo de Crisis suena interesante, pero necesito ver ejemplos concretos.
*   **Despegue Presencial (3 días):** Tres días es poco. Necesito ver que realmente capaciten al equipo y que no sea un ""vende humo"". ¿Quién dicta la capacitación? Importante que sea alguien con experiencia real en restaurantes, no un teórico.
*   **Garantía de 30 DÍAS (WhatsApp):** ""Auditoría diaria""... suena a mucho control. ¿Realmente me van a dar soluciones o solo hinchar? ¿Y el WhatsApp? ¿Me van a responder al toque o me clavan el visto?
*   **SEGURO DE PERSISTENCIA:** Las visitas sorpresa son un arma de doble filo. Si vienen a bardear, no me sirve. Si vienen a detectar problemas y me ayudan a solucionarlos, ahí sí.
*   **PRUEBA SOCIAL:** Necesito ver quiénes son esos dueños. ¿Son restaurantes similares al mío? ¿De verdad recuperaron 15 horas? Necesito hablar con ellos, que me cuenten su experiencia real.

**Veredicto:** Si los testimonios son reales y me convencen, y si Megan me demuestra que la capacitación es específica para mi negocio y que las auditorías sorpresa son constructivas (y no un garrón), ahí lo pensaría. Pero así, con la info que tengo... prefiero analizarlo un poco más.

[VOTO: NO]
","Okay, analizando la propuesta exclusivamente desde el punto de vista TÉCNICO y de SERVICIO, y dejando de lado cualquier consideración económica, veo varias fallas potenciales:

1.  **Generalización del Manual de Operaciones:** Si el ""Manual de Operaciones Blindado"" es un modelo genérico, y no se adapta específicamente a la carta, al estilo de servicio, al layout del restaurante, y a los procesos internos que ya tengo, va a ser INSERVIBLE. Un manual que no refleje la realidad de mi operación es papel mojado y frustración para el equipo. La adaptación individualizada es CLAVE.

2.  **Tiempo Insuficiente de Capacitación (""Despegue Presencial""):** Tres días para implementar un sistema completo, capacitar al equipo y lograr un cambio real en la operación es un PLAZO MUY CORTO. Se corre el riesgo de que la capacitación sea superficial y que el equipo no internalice los nuevos procesos. Podría generar más confusión que soluciones. Se necesitaría un seguimiento más prolongado o sesiones de refuerzo.

3.  **Intensidad del Seguimiento ""WhatsApp"":**Una ""auditoría diaria"" a través de WhatsApp suena INVASIVO y potencialmente distractor. Bombardear con mensajes puede generar resistencia en el equipo y desviar la atención de las tareas importantes. La frecuencia y la forma del seguimiento deben ser más estratégicas y menos intrusivas. Además, la efectividad del soporte por WhatsApp dependerá de la velocidad y calidad de las respuestas.

4.  **Ambigüedad del ""SEGURO DE PERSISTENCIA"" (Visitas Sorpresa):** La efectividad de las visitas sorpresa depende COMPLETAMENTE del enfoque y la calidad del auditor. Si el auditor se enfoca en encontrar fallas y criticar, va a generar resentimiento y no solucionará nada. Debe ser un observador objetivo que identifique problemas reales y proponga soluciones prácticas y constructivas. La falta de claridad sobre el perfil y la capacitación del auditor es una falla importante.

5.  **Falta de Profundidad en la Prueba Social:** No basta con ""ver quiénes son esos dueños"". Necesito entender en DETALLE cómo el sistema impactó sus negocios. ¿En qué áreas específicas vieron mejoras? ¿Qué desafíos enfrentaron durante la implementación? ¿Cómo superaron esos desafíos? Necesito datos concretos y testimonios específicos, no generalidades superficiales. Sin esa profundidad, la prueba social no tiene valor.
","Considerando mi instinto, que me dice que hay potencial si se enfoca en la rentabilidad y la estabilidad, y mi análisis técnico que indica que hay riesgos pero también oportunidades de crecimiento, mi veredicto final es el siguiente: hay que ser cautelosos, pero se puede avanzar.

[VOTO: SÍ]
"
Agent_086,ESFJ,SÍ,DUDOSO,"¡Uff, 200 lucas! A ver, a ver...

**R1 (Tu instinto de negocio puro):** Che, me suena tentador eso de sacarme horas de laburo de encima. ¡Quién no quiere un respiro! Pero... ¿será verdad tanta maravilla? Me da cosa que sea chamuyo para sacarme la guita. Eso de las visitas sorpresa me hace pensar que ellos mismos no confían en que funcione a la larga.

**R2 (Análisis técnico de la propuesta):** El manual blindado suena bien, pero depende de qué tan piolas sean los check-lists. Tres días de entrenamiento son un buen comienzo, ojalá le pongan garra. La garantía por WhatsApp me da confianza, pero ¿quién me asegura que me van a dar bola de verdad? Lo de las auditorías sorpresa... mmm, me huele a control excesivo y desconfianza en el personal. Los testimonios son buenos, pero quiero verlos con mis propios ojos, hablar con esos dueños.

**Veredicto:** ¡No sé, che! Me da cosa arriesgar tanta plata. Necesito más pruebas, algo que me convenza de que no voy a tirar la plata. Prefiero seguir laburando como siempre, al menos sé lo que tengo.

[VOTO: NO]
","Okay, analizando la propuesta puramente desde la perspectiva técnica/de servicio, veo estas posibles fallas:

*   **El ""manual blindado"":** Depende muchísimo de la calidad del contenido. ¿Es realmente *blindado* contra problemas comunes en mi tipo de restaurante y con mi personal? ¿Está en un lenguaje claro y fácil de entender para todos, o es demasiado técnico? ¿Se actualiza con regularidad, considerando que las cosas cambian rápido en gastronomía?
*   **Tres días de entrenamiento:** Suena corto. ¿Es suficiente para capacitar a mi personal, que ya tiene sus propias costumbres y formas de hacer las cosas? ¿Qué pasa con los empleados nuevos que entren después? ¿Hay un sistema de capacitación continua, o tengo que volver a pagar por más entrenamiento?
*   **Garantía por WhatsApp:** Suena informal. Si tengo un problema grave, ¿realmente me van a solucionar todo por WhatsApp? ¿Hay un número de teléfono al que pueda llamar en caso de emergencia? ¿Tienen personal capacitado para responder rápido y eficientemente?
*   **Auditorías sorpresa:** Como dije antes, transmiten desconfianza en mi personal. Además, ¿qué pasa si justo vienen en un mal día, cuando hay problemas con los proveedores o algún empleado está enfermo? ¿Se van a llevar una impresión equivocada de mi negocio? ¿Cómo afecta esto la moral de mi equipo? ¿Los criterios de la auditoría son claros y transparentes, o pueden ser subjetivos?
*   **Testimonios:** Son solo palabras. Necesito ver resultados concretos. ¿Puedo visitar los restaurantes de esos dueños y hablar con ellos directamente? ¿Puedo ver datos reales de cómo mejoró su rentabilidad o eficiencia después de implementar este sistema?

En resumen, la propuesta tiene potencial, pero me genera dudas sobre la profundidad, la flexibilidad y la transparencia de la solución. Necesito más detalles y garantías concretas antes de invertir esa cantidad de dinero.
","Mirá, después de darle vueltas y pensar en lo que me contaste y en los números que vimos, llego a una conclusión. Si bien me da cosita meterme en algo nuevo a esta altura, veo que puede ser una buena oportunidad para no quedarnos atrás y sumar clientes. Además, si realmente ayuda a manejar mejor la plata y atraer más gente, puede ser la diferencia entre llegar a fin de mes tranquilos o seguir sufriendo.

Así que, teniendo todo en cuenta:

[VOTO: SÍ]
"
Agent_085,ISTJ,SÍ,ALTA (Instinto R1),"¡Uff, interesante la propuesta! A ver, vamos por partes, como diría Jack el Destripador.

**R1 (Mi instinto de negocio puro):** $200.000... es un fangote de guita. Pero si realmente me libera 15 horas por semana, podría valer la pena. El tema es que promesas así me las hicieron mil veces. Me suena a ""vendemos humo"", pero el seguro de persistencia me llama la atención. No quiero que me boludeen, necesito algo que funcione posta y que me saquen laburo de encima. Verdad verdadera: mi instinto me dice ""ojo, eh"", siempre hay que tener cuidado con estas cosas.

**R2 (Análisis técnico de la propuesta):**

*   **Manual de Operaciones Blindado:** Checklists y protocolos suenan bien, pero hay que ver si son aplicables a mi restaurante y no son chamuyo puro. Muchos te venden la fórmula mágica, después no sirve para nada.
*   **Despegue Presencial:** Tres días de entrenamiento intensivo es bueno, pero necesito ver si el tipo capta la esencia de mi restaurante. No quiero un robot, quiero que entienda cómo laburamos.
*   **Garantía de 30 días:** Auditoría diaria por WhatsApp es interesante, pero ¿realmente me van a dar bola todo el día? Suena a mucho para ser verdad.
*   **Seguro de Persistencia:** Las visitas sorpresa son un buen gancho. Me hacen sentir que realmente se preocupan por que funcione a largo plazo. Esto es lo que más me atrae.
*   **Prueba Social:** Los testimonios… mmm, siempre hay que tomarlos con pinzas. No sé si son reales o si los pagaron. Necesitaría hablar con esos dueños directamente.

**Veredicto:** A pesar de que el seguro de persistencia me da un poco de confianza, sigo desconfiando bastante. Demasiado bueno para ser verdad. El precio me parece alto, y los testimonios no me convencen. Necesitaría más pruebas concretas de que realmente funciona.

[VOTO: NO]
","Bien, analicemos las fallas en la propuesta técnica y de servicio, dejando de lado el factor económico y la inflación.

**Fallas Potenciales en la Propuesta Técnica y de Servicio:**

1.  **Manual de Operaciones Blindado: Falta de Adaptabilidad y Personalización:** El ""manual blindado"" suena rígido. Un restaurante no es una fábrica. La falta de adaptabilidad a la idiosincrasia específica del restaurante, su historia, su menú particular, su clientela y la cultura de su personal es un punto débil. Si el manual es demasiado genérico, será inútil. La clave es la personalización.
2.  **Despegue Presencial: Insuficiencia de la Inmersión:** Tres días de entrenamiento intensivo pueden ser insuficientes para captar la complejidad de un restaurante con años de trayectoria. ¿Se enfoca el entrenamiento en la gestión general o en áreas específicas (cocina, salón, barra)? ¿Se dedican tiempo suficiente a la observación del restaurante en funcionamiento? La clave es la inmersión real y la comprensión profunda de las particularidades del negocio. Si no se logra esto, el entrenamiento puede ser superficial.
3.  **Garantía de 30 días: Dudas sobre la Implementación Práctica:** Una auditoría diaria por WhatsApp suena prometedora, pero la realidad puede ser diferente. ¿Quién realizará las auditorías? ¿Tienen experiencia real en restaurantes como el mío? ¿Se limitarán a checklists o ofrecerán soluciones personalizadas a los problemas que surjan? La clave es la calidad de la auditoría y la capacidad de respuesta. Si es burocrática o lenta, no sirve.
4.  **Seguro de Persistencia: Posible Superficialidad de las Visitas Sorpresa:** Las visitas sorpresa son interesantes, pero ¿qué se busca en esas visitas? ¿Se limitarán a verificar el cumplimiento de checklists o intentarán identificar problemas más profundos? ¿Tienen la capacidad de ofrecer soluciones prácticas en el momento? La clave es el impacto de las visitas. Si son superficiales o solo buscan fallas obvias, no aportan valor real.
5.  **Prueba Social: Falta de Verificabilidad y Contexto:** Los testimonios son genéricos y carecen de contexto. No se especifica el tipo de restaurante de los que brindan testimonios, ni los problemas que enfrentaron antes de la intervención. ¿Son dueños de parrillas tradicionales como la mía, o son restaurantes de otro estilo? La clave es la relevancia de los testimonios. Si no se pueden verificar y contextualizar, pierden credibilidad.
6.  **Falta de Adaptación a una Estructura Preexistente:** Asume que no tengo absolutamente nada sistematizado. Puede que tenga procesos aceitados (aunque no estén documentados). ¿Cómo se integra la propuesta con lo que ya funciona bien en el restaurante? La clave es la integración inteligente, no la imposición de un sistema completamente nuevo.

En resumen, las fallas potenciales radican en la falta de personalización, la insuficiencia de la inmersión, la dudosa implementación práctica de la garantía, la posible superficialidad de las visitas sorpresa, la falta de verificabilidad de los testimonios y la NO consideración de la existencia (o no) de procesos básicos. La clave es determinar si la propuesta es adaptable, práctica y verdaderamente útil para mi restaurante en particular.
","A ver, después de escuchar todo y darle vueltas al asunto... Mi instinto me dice que esto tiene potencial, sí. La gente joven está metida en la tecnología, y si podemos ofrecer algo diferente, engancharlos con promociones y demás, puede funcionar. El análisis técnico me muestra que los números cierran si lo hacemos bien, y que hay un riesgo controlado.

Ahora, a mi edad y con lo que he visto pasar en este país, no me voy a tirar a la pileta sin saber si hay agua. Necesito ver un plan de implementación claro, con objetivos medibles y un control estricto de los costos. Pero si podemos armar algo viable, que nos dé visibilidad y atraiga más clientes, me parece que vale la pena intentarlo.

Si se comprometen a hacerlo bien, con cabeza y sin derrochar, entonces...

**[VOTO: SÍ]**
"
Agent_038,ISTP,NO,DUDOSO,"¡Uff, acá vamos de nuevo con los gurúes!

**R1 (Tu instinto de negocio puro):** A ver, la idea de recuperar tiempo suena genial, ¿a quién no le gustaría rajar un toque antes del laburo? Pero... 200 lucas por un cursito y un par de visitas, ¡me parece una locura! Encima, ""Libertad Total Garantizada""... ya me suena chamuyo desde acá. Me pincha que me vendan algo mágico, prefiero laburar los problemas yo mismo, a mi manera, y con la gente que conozco.

**R2 (Análisis técnico de la propuesta):** El manual en PDF puede tener algunas cosas útiles, eso lo banco. Lo de ir al local 3 días... bueno, podría ser interesante para darle una lavada de cara a algunos procesos internos, pero no sé si justifique el precio. La garantía de WhatsApp es un plus, pero ¿quién te asegura que van a estar a disposición todo el tiempo? Y las auditorías sorpresa... me da cosita, parece que no confiaran en mi gente. Los testimonios zafan, pero todos sabemos que esas cosas las inflan.

**Veredicto:** Me parece demasiado caro y con mucha promesa vacía. [VOTO: NO]
","Okay, analicemos la propuesta desde la óptica de un análisis técnico y de servicio, dejando de lado consideraciones económicas. Aquí las fallas que identifico:

*   **""Libertad Total Garantizada"":** Esta promesa es irreal y vaga. ¿Qué significa ""Libertad Total""? ¿Libertad de qué? Sin especificar qué tipo de libertad se garantiza, suena a eslogan vacío y poco confiable.

*   **Visitas al local (3 días):** No se detalla cómo se estructuraría estas visitas. ¿Qué tipo de análisis se realizaría? ¿Se enfocarían en áreas específicas (cocina, atención al cliente, gestión de inventario)? La falta de claridad sobre el proceso y los objetivos de estas visitas genera desconfianza sobre su valor real.

*   **Garantía por WhatsApp:** Si bien es un plus, la efectividad de esta garantía es cuestionable. ¿Cuál es el tiempo de respuesta garantizado? ¿Quiénes responderán, personal calificado o un bot? ¿Qué tipo de problemas pueden resolver por esta vía? Sin detalles, la garantía suena más a estrategia de marketing que a un compromiso serio de soporte.

*   **Auditorías Sorpresa:** Estas auditorías levantan banderas rojas. Implican una falta de confianza en el equipo y en los procesos existentes. Podrían generar resistencia y resentimiento entre los empleados. Además, sin un plan de auditoría definido (frecuencia, alcance, criterios de evaluación), es difícil evaluar su utilidad real.

*   **Testimonios Inflados:** Como mencionaste, los testimonios son fácilmente manipulables. Pueden ser seleccionados cuidadosamente o incluso creados. Su valor como evidencia real de la efectividad del servicio es limitado.

En resumen, la propuesta carece de detalles concretos sobre el servicio ofrecido. Las promesas son vagas y poco realistas, y las auditorías sorpresa generan dudas sobre la confianza en la gestión del negocio.
","Bueno, después de darle vueltas y comparar un poco con lo que veo en el rubro y mis propias cuentas, llego a una conclusión:

Si bien las herramientas digitales hoy en día son importantes y entiendo el valor de modernizarse, la verdad es que me preocupa mucho el costo inicial y el mantenimiento de este tipo de soluciones. Con la situación actual del país, mi prioridad es llegar a fin de mes y no endeudarme más de la cuenta.

El análisis técnico tiene su lógica, pero mi instinto me dice que ahora no es el momento de arriesgarme con una inversión grande. Prefiero seguir manejando las cosas como lo vengo haciendo, que al menos me da cierta previsibilidad, aunque sepa que a la larga quizás me quede atrás.

[VOTO: NO]
"
Agent_037,ISTJ,SÍ,ALTA (Instinto R1),"Uff, a ver... ""Libertad Total Garantizada"", suena chamuyo de entrada. Pero vamos a analizarla con calma, como buen gallego.

**R1 (Tu instinto de negocio puro):**

$200.000... De una. Si me liberan 15 horas por semana, pago eso y más. El problema es que siempre te venden espejitos de colores y después es todo humo. Necesito que funcione posta, que no sea una gurú que te llena la cabeza y después se borra. Ojo, la promesa es tentadora, muy tentadora.

**R2 (Análisis técnico de la propuesta):**

*   **Manual:** Checklists y protocolos suenan bien, pero lo importante es que sean aplicables a mi realidad. No quiero un manual genérico.
*   **Despegue presencial:** 3 días intensivos me gustan, necesito verlos laburar en el local, interactuar con mi gente.
*   **Garantía de 30 días:** WhatsApp diario es un buen punto, pero ¿quién atiende del otro lado? ¿Un pibe que no sabe nada o alguien que realmente la tiene clara?
*   **Seguro de persistencia:** Las visitas sorpresa son clave, porque sé cómo es mi gente, se relajan si no hay control. Me gusta que lo corrijan en el acto sin costo, eso es ponerle el pecho.
*   **Prueba social:** Testimonios de CABA/GBA es bueno porque entiendo la plaza. Pero tengo que hablar con esos dueños, no me alcanza con leer un testimonio escrito.

**Veredicto:**

La idea es buena, pero tengo que investigar un poco más. Principalmente, quiero hablar con esos dueños que ya usan el sistema y chequear que no sea todo verso. Si los testimonios son reales y el sistema funciona, los $200.000 son una inversión. Pero necesito estar seguro.

[VOTO: SÍ]
","Okay, perfecto. Analizando la propuesta técnica y de servicio, dejando de lado consideraciones económicas y la inflación, veo las siguientes posibles fallas:

*   **Manual no personalizado:** Mencionás checklists y protocolos. Si estos son genéricos y no adaptados a la idiosincrasia específica de tu restaurante (tipo de cocina, clientela, tamaño, etc.), su utilidad será limitada y podría generar más frustración que soluciones. La clave está en la customización.
*   **Atención por WhatsApp:** La garantía de WhatsApp diario es atractiva, pero la calidad de la atención es crucial. ¿Quién está del otro lado? ¿Es un consultor senior con experiencia en el rubro o un asistente junior? La diferencia en la calidad del consejo y la solución de problemas será abismal. Necesitás asegurar que la atención sea experta y enfocada en resultados concretos.
*   **Control reactivo vs. Proactivo:** Las visitas sorpresa y los ""correcciones en el acto"" del seguro de persistencia suenan bien, pero ¿qué tan proactivos son? ¿Solo corrigen cuando ven un error o también identifican áreas de mejora potenciales antes de que se conviertan en problemas? Necesitas un enfoque preventivo, no solo reactivo.
*   **Escalabilidad limitada:** Si bien los testimonios de CABA/GBA son relevantes, podrían no reflejar la realidad de todas las ubicaciones o tipos de restaurantes. El sistema ¿es fácilmente escalable y adaptable a diferentes perfiles de locales? Si tenés planes de expansión o si el sistema se basa demasiado en un modelo específico, podría ser una limitación a futuro.
*   **Medición del éxito:** La propuesta no menciona métricas claras para medir el éxito del programa. ¿Cómo vas a saber si realmente estás liberando 15 horas por semana o si estás obteniendo un retorno de la inversión (ROI) positivo? Necesitás indicadores clave de rendimiento (KPIs) concretos y un sistema de seguimiento para evaluar el progreso.
*   **Falta de enfoque en el personal:** El éxito del sistema dependerá en gran medida de la aceptación y colaboración de tu personal. La propuesta no detalla cómo se gestionará el cambio cultural dentro del restaurante ni cómo se involucrará al personal en el proceso. Si no se aborda este aspecto, la resistencia al cambio podría sabotear los esfuerzos.
*   **Dependencia excesiva de la consultora:** ¿Qué sucede una vez que finaliza el período de garantía y las visitas sorpresa? ¿El sistema está diseñado para que puedas mantener las mejoras a largo plazo de forma independiente o te vuelves dependiente de la consultora para mantener el funcionamiento? Necesitas un plan para asegurar la sostenibilidad del sistema a largo plazo.
","Teniendo en cuenta mi instinto, que me dice que hay que defender el mango y buscar opciones que te den una mano en esta economía, y mi análisis técnico que confirma que digitalizar y optimizar procesos es clave para sobrevivir, mi veredicto final es que es necesario invertir en herramientas que hagan mi negocio más rentable.

**[VOTO: SÍ]**
"
Agent_018,ENTJ,NO,ALTA,"¡A ver, vamos a analizar esto con ojo de buen cubero!

**R1 (Mi instinto de negocio puro):** Mmm... $200.000 por un ""sistema de control total"", suena tentador, más que nada por el tema de recuperar horas libres. Pero me da un poco de cosita... ¿Será humo? ¿Realmente podré delegar y que no se caiga todo a pedazos? Los testimonios suman, pero quiero ver resultados concretos. La garantía y las auditorías sorpresa están buenas, pero me hacen pensar que ellos mismos no confían del todo en el sistema.

**R2 (Análisis técnico de la propuesta):**

*   **Manual:** Checklists y protocolos suenan bien para estandarizar, pero necesito saber qué tan adaptables son a mi local. No es lo mismo una parrilla que un café de especialidad.
*   **Despegue Presencial:** 3 días en el local me parece un buen punto de partida para implementar. Eso es clave, porque sólo con leer nadie aprende a manejar el boliche.
*   **Garantía WhatsApp:** ¡Me gusta! Auditoría diaria el primer mes es un buen incentivo para meterle pata.
*   **Seguro de Persistencia:** Estas visitas sorpresa son un golazo, pero me preocupa un poco que el equipo se relaje después de la auditoría. Habrá que incentivarlos a mantener el estándar.
*   **Prueba Social:** Los testimonios ayudan, pero ¡ojo! Quiero nombres y apellidos, y si puedo, hablar con esos dueños por teléfono.

**Veredicto:** A ver, el precio me parece razonable, pero no me convence del todo. Necesitaría un poco más de información y garantías de que el sistema se adaptará a mi negocio y no al revés. Igual, por ahora, voy a seguir rompiéndome el lomo.

[VOTO: NO]
","Okay, analizando la propuesta técnica y de servicio, veo las siguientes posibles fallas:

*   **Adaptabilidad de los Manuales:** Si bien los checklists y protocolos son útiles para estandarizar, la falta de especificidad sobre cómo se adaptan a diferentes tipos de negocios (parrilla vs. café, por ejemplo) es una debilidad. La implementación podría ser rígida y no considerar las particularidades de cada local. Esto generaría resistencia por parte del personal y una adaptación forzada que no produce los resultados esperados.
*   **Sostenibilidad del ""Seguro de Persistencia"":** Las auditorías sorpresa son una buena idea para mantener los estándares. Sin embargo, la preocupación sobre la relajación del equipo después de las visitas es válida. El programa necesita incorporar mecanismos más sólidos para internalizar la cultura de la mejora continua, más allá de la amenaza de la auditoría. Si no se logra eso, el sistema dependerá siempre de la supervisión externa, lo cual va en contra del objetivo de delegar tareas.
*   **Vacío en la Capacitación Continua:** Los 3 días de ""Despegue Presencial"" pueden ser insuficientes para asegurar un dominio completo del sistema por parte del personal. La propuesta carece de un plan claro de capacitación continua y actualización de conocimientos. Esto podría generar una dependencia del proveedor a largo plazo o, peor aún, una progresiva degradación de los estándares con el tiempo.
*   **Profundidad de la Prueba Social:** Si bien los testimonios son un buen punto de partida, la falta de transparencia (nombres, apellidos, contacto) debilita su credibilidad. La propuesta debería facilitar la conexión directa con otros dueños que hayan implementado el sistema para obtener una opinión más objetiva y detallada sobre su funcionamiento real.
*   **Medición de Resultados:** La propuesta no menciona métricas específicas para evaluar el éxito del sistema. Es crucial definir indicadores clave de rendimiento (KPIs) desde el principio para poder medir el impacto real en la productividad, la rentabilidad y la satisfacción del cliente. Sin estas métricas, es difícil determinar si la inversión está generando un retorno positivo.
","Considerando mi experiencia en el rubro, la situación económica actual y la necesidad constante de optimizar recursos, pero también apreciando la visión progresista que tengo, necesito un poco más de información concreta para dar un veredicto final.

En principio, me atrae la idea de mejorar la eficiencia y reducir costos, pero necesito entender mejor el retorno de la inversión y cómo esta propuesta se adapta a las particularidades de mi negocio.

Por lo tanto, por el momento necesito más información para dar si aporyo o no la propuesta.
"
Agent_016,ESFJ,SÍ,ALTA (Instinto R1),"¡Uff, a ver, vamos a analizar esto con la lupa de doña Rosa!

**R1 (Tu instinto de negocio puro):** Mirá, la idea de recuperar ""libertad"" suena como música celestial después de estar atada al boliche 24/7. El precio de 200 lucas me parece salado, pero si realmente me libero y el negocio funciona solo, podría ser inversión. El tema es si esto es humo o posta. La garantía y las auditorías me dan un poco más de confianza.

**R2 (Análisis técnico de la propuesta):**

*   **Manual:** Me sirve, estandarizar todo es la clave para que los empleados laburen bien sin que los tenga encima.
*   **Los 3 días presenciales:** Es clave que vengan acá, en el local, porque cada lugar tiene su maña.
*   **Garantía por WhatsApp:** ¡Me encanta! Algo rápido y directo, ideal para nosotras.
*   **Seguro de Persistencia:** Esto es un golazo, la visita sorpresa me asegura que no aflojen cuando Megan se vaya.
*   **Prueba social:** Los testimonios me dan seguridad, pero quiero hablar con gente que conozca, no con nombres inventados.

**Veredicto:** Estoy con la mosca detrás de la oreja, pero la garantía y las auditorías sorpresa me convencen bastante. ¡Vamos a darle una oportunidad a Megan!

[VOTO: SÍ]
","Okay, analizando la propuesta de Megan con la lupa puesta en los detalles técnicos y del servicio, veo algunas cositas que me chirrían, independientemente de la economía:

*   **Manual:** Si bien estandarizar es bueno, ¿qué tan adaptable es este manual? ¿Considera las particularidades de mi clientela, mis proveedores, o el menú especial que hago los viernes? Un manual muy rígido puede ser contraproducente y hasta alejar a clientes.
*   **3 días presenciales:** ¿Qué tan intensivos son esos 3 días? ¿Se enfocan en un área específica (cocina, atención al cliente, gestión de stocks)? ¿O pretenden abarcar todo y terminan siendo superficiales? Si son muy generales, no me sirven de mucho.
*   **Garantía por WhatsApp:** Si bien la rapidez es buena, WhatsApp puede ser poco formal para reclamos serios. ¿Existe un protocolo claro para escalar problemas si no se resuelven por WhatsApp? ¿Hay un número de teléfono al que pueda llamar en caso de emergencia?
*   **Seguro de Persistencia (Visitas sorpresa):** ¿Con qué frecuencia son estas visitas? ¿Cada cuánto tiempo? Si son muy esporádicas, el efecto se diluye. Además, ¿qué evalúan en esas visitas? ¿Solo la gestión, o también la calidad de la comida, la limpieza, la atención al cliente? Necesito saber el alcance.
*   **Prueba Social (Testimonios):** Decís que querés hablar con gente que conocés, y eso es crucial. Los testimonios genéricos no valen nada. Deberías pedirle a Megan nombres y teléfonos de clientes reales en tu zona, para poder verificar de primera mano si el servicio realmente funciona. Si se niega, es una red flag.
","Considerando mi instinto de buscar soluciones prácticas y mi análisis de costos y beneficios, y teniendo en cuenta mi principal preocupación que es llegar a fin de mes...

[VOTO: SÍ]

Creo que la propuesta tiene potencial para aumentar las ventas y reducir costos a largo plazo, lo que me permitiría aliviar la presión financiera mensual. Aunque la inversión inicial pueda ser un desafío, si la implementación es efectiva y el retorno se cumple como se espera, podría ser una buena jugada para asegurar la estabilidad del negocio.
"
Agent_006,ENTJ,SÍ,ALTA (Instinto R1),"¡A ver, vamos a analizar esto como si estuviéramos en la mesa de un café en Recoleta, con un buen cortado en la mano!

**R1 (Tu instinto de negocio puro):**

$200.000 por esto...mmm... suena interesante, pero mi primer pensamiento es: ""¿Será humo? ¿De verdad mi equipo va a poder tomar decisiones sin que yo esté encima? ¿Y si la cagan y me hacen perder plata?"". Lo de las ""Auditorías Sorpresa"" me da un poco de cosa, como si me estuvieran espiando en mi propio local. Pero, a la vez, que me garanticen que van a mantener el estándar me llama la atención. Lo de recuperar 15 horas por semana...¡Uff! Eso sí que me vendría como anillo al dedo. El pádel me está esperando.

**R2 (Análisis técnico de la propuesta):**

*   **Manual de Operaciones Blindado:** Suena bien, pero hay que ver qué tan específico es para mi tipo de restaurante. No es lo mismo una parrilla familiar que un café de especialidad.
*   **Despegue Presencial (3 días):** Me gusta que vengan a mi local, eso es fundamental. Tres días es un buen período para arrancar.
*   **Garantía de 30 DÍAS (WhatsApp):** Esto es clave. Necesito soporte al principio, y rápido. Que sea por WhatsApp me parece práctico.
*   **SEGURO DE PERSISTENCIA (2 visitas sorpresa):** Esto es un arma de doble filo. Si realmente ayudan a mantener el estándar, genial. Si vienen a criticar y no aportan soluciones, un problema.
*   **PRUEBA SOCIAL (3 testimonios CABA/GBA):** Tres testimonios no son suficientes. Necesito ver casos de éxito más concretos, con nombres y apellidos. Que me den la posibilidad de hablar directamente con esos dueños.

**Veredicto:**

Si bien veo potencial, me da la sensación de que es mucha promesa y poca sustancia. Necesitaría más pruebas contundentes de que el sistema realmente funciona y se adapta a mi negocio. No me convence del todo, me quedo con la mosca detrás de la oreja.

[VOTO: NO]
","Bien, analicemos la propuesta desde una perspectiva puramente técnica y de servicio, dejando de lado las preocupaciones económicas generales.

**Fallas en la propuesta técnica/de servicio:**

*   **Manual de Operaciones Poco Personalizado:** Aunque mencionan un ""Manual de Operaciones Blindado"", la falta de especificidad para mi tipo de restaurante es una debilidad crucial. Un manual genérico puede ser inútil o incluso contraproducente si no aborda las particularidades de mi parrilla/café/bar. Necesitaría ver ejemplos concretos de cómo se adapta a diferentes tipos de negocios gastronómicos. ¿Consideran, por ejemplo, las diferencias en el manejo de la carne en una parrilla versus los granos de café en un establecimiento de especialidad?
*   **Soporte de WhatsApp Limitado:** Si bien el soporte por WhatsApp es práctico, la garantía de 30 días podría ser insuficiente. ¿Qué sucede después de ese período? ¿Hay un costo adicional por soporte continuo? ¿Ofrecen otros canales de comunicación más formales para problemas complejos que no se pueden resolver por mensaje? La escalabilidad de la solución vía WhatsApp es cuestionable.
*   **""Seguro de Persistencia"" Ambiguo:** El concepto de ""visitas sorpresa"" como seguro de persistencia genera más dudas que certezas. ¿Quién realiza estas visitas? ¿Cuál es su experiencia en el sector? ¿Cuál es el objetivo específico de estas visitas: auditoría, consultoría, o ambas? La falta de claridad en este punto genera desconfianza.  ¿Existe la posibilidad de tener una lista de chequeo previa a la visita para saber que se va a evaluar?
*   **Prueba Social Superficial:** Tres testimonios de CABA/GBA son insuficientes. Necesitaría ver una muestra más amplia y diversa, que incluya negocios similares al mío, preferiblemente en el interior (si es el caso). Además, necesito detalles sobre esos casos de éxito: ¿Cómo era el negocio antes de implementar el sistema? ¿Cuáles fueron los resultados concretos (aumento de ingresos, reducción de costos, mejora en la satisfacción del cliente)? ¿Cuánto tiempo les tomó lograr esos resultados? Números, datos duros.
*   **Falta de Capacitación Continua:** La propuesta se centra en los primeros tres días y un soporte limitado. ¿Qué pasa con la capacitación continua del personal? ¿Ofrecen actualizaciones del manual de operaciones a medida que cambian las tendencias o regulaciones? ¿Cómo garantizan que mi equipo mantenga el estándar a largo plazo?
*   **Medición del Éxito poco clara:** ¿Cómo se mide el éxito de la implementación? ¿Qué KPIs (Indicadores Clave de Rendimiento) se utilizarán para rastrear el progreso y evaluar el retorno de la inversión? Necesito métricas claras y transparentes para justificar la inversión.

En resumen, la propuesta presenta varias áreas grises y carece de la especificidad y profundidad necesarias para generar confianza. Se percibe una falta de foco en la capacitación a largo plazo y en la medición objetiva de los resultados. Es una propuesta con mucho potencial, pero que necesita ser refinada y detallada para ser verdaderamente atractiva.
","Ok, después de analizarlo con mi instinto y la información técnica disponible, mi veredicto es:

Este producto/servicio parece prometedor. Aborda directamente la inestabilidad económica que tanto me preocupa, ofreciendo una posible protección contra la inflación. Eso sí, necesito más información concreta sobre el ROI y ejemplos de éxito en negocios similares al mío.

[VOTO: SÍ] (con cautela y necesidad de más detalles)
"
Agent_068,ENFJ,SÍ,DUDOSO,"¡Uff, 200 lucas! A ver, a ver…

**R1 (Tu instinto de negocio puro):** De primera, me suena caro, pero la idea de sacarme laburo de encima me tienta. Tres días acá con la gente de Megan dando vueltas, más el manual y las auditorías… Mmm, la garantía suena bien. Los testimonios me dan un poco de confianza, pero siempre hay que tomarlos con pinzas. Igual, si me dicen que me liberan 15 horas por semana, ¡es para pensarlo seriamente!

**R2 (Análisis técnico de la propuesta):**

*   **Manual de Operaciones:** Depende de qué tan piola sea el manual. Si son checklists boludas que ya tengo, no me sirve. Tiene que ser algo que realmente le dé autonomía al personal.
*   **Despegue Presencial:** Acá es clave el expertise del tipo de Megan. Si viene alguien que no sabe un carajo de restaurantes, voy a perder tiempo y plata.
*   **Garantía de 30 Días:** ¡Me gusta! Que me tengan ahí dándome bola por WhatsApp es un buen incentivo para que lo implementemos bien.
*   **Seguro de Persistencia:** Las auditorías sorpresa son una buena idea para que el equipo no se relaje después del empuje inicial.
*   **Prueba Social:** Tres testimonios son pocos. Preferiría ver números concretos, tipo ""aumentaron las ventas un X%"" o ""bajaron los costos un Y%"".

**Veredicto:** Está interesante la propuesta, me genera dudas el precio y si realmente me va a funcionar a mí, pero la garantía y las auditorías me dan confianza. Voy a pensarlo bien y ver si hablo con alguno de los que dieron testimonio.

[VOTO: NO]
","Bien, analizando fríamente la propuesta desde un punto de vista técnico y de servicio, veo estas posibles fallas:

*   **Manual de Operaciones:** No se especifica el nivel de detalle del manual. ¿Está adaptado a un restaurante como el mío, con mis particularidades? ¿O es un modelo genérico que tendré que adaptar yo, invirtiendo tiempo adicional? Falta precisión sobre el contenido y la personalización del manual.
*   **Despegue Presencial:** Tres días parecen pocos para implementar cambios profundos en la operación. ¿Se cubrirán todos los turnos? ¿Se incluirá capacitación práctica del personal? ¿Habrá seguimiento individualizado para los empleados que tengan más dificultades? La duración y la intensidad de la capacitación presencial son puntos débiles.
*   **Garantía de 30 Días:** La garantía de 30 días suena bien, pero ¿qué pasa si después de ese tiempo el sistema falla? ¿Hay soporte técnico posterior o tengo que pagar extra? ¿Cómo se define el éxito de la implementación dentro de esos 30 días? Las condiciones y el alcance de la garantía no están claros.
*   **Seguro de Persistencia:** Las auditorías sorpresa son valiosas, pero ¿con qué frecuencia se realizarán? ¿Quién las hará y cuál es su experiencia en mi tipo de restaurante? ¿Recibiré un informe detallado con recomendaciones concretas después de cada auditoría? La calidad y la utilidad de las auditorías son inciertas.
*   **Prueba Social:** Los testimonios, como dije, son pocos y poco específicos. Deberían mostrar datos concretos del impacto de Megan en otros negocios similares al mío. ¿Qué métricas mejoraron? ¿Cuánto tiempo tomó ver resultados? La falta de evidencia tangible debilita la propuesta.

En resumen, la propuesta tiene puntos fuertes, como la garantía y las auditorías, pero carece de detalles importantes sobre la calidad, la personalización y la sostenibilidad de las diferentes partes del servicio. Falta información específica para poder evaluar si realmente se adapta a mis necesidades y si justifica la inversión.
","Bien, después de darle vueltas y considerando tanto lo que me dice la tripa como los números fríos, mi veredicto final es:

La propuesta me genera un poco de desconfianza, pero reconozco que el ""miedo a no llegar a fin de mes"" me carcome. Tal vez si arriesgo un poco...

**SÍ, le entro.** Necesito esa esperanza de mejorar mis ingresos aunque tenga que arriesgarme.

[VOTO: SÍ]
"
Agent_056,ENFJ,SÍ,DUDOSO,"¡Uf, a ver, pinta interesante pero vamos a analizarla bien porque doscientos lucas no es moco de pavo!

**R1 (Tu instinto de negocio puro):**

A primera vista, suena a solución mágica para sacarme un peso de encima. El tema de que el equipo decida solo y yo pueda relajarme un toque me hace ojitos. Lo de las auditorías sorpresa me da un poco de desconfianza onda ""me van a estar espiando"", pero por otro lado, si realmente me aseguran que el sistema se mantiene, es una buena inversión. Lo de los testimonios siempre da un poco de confianza.

**R2 (Análisis técnico de la propuesta):**

*   **Manual de Operaciones Blindado:** Suena bien, pero hay que ver qué tan genérico es y si se adapta a mi local o es puro chamuyo. Los checklists y protocolos me sirven si son prácticos y fáciles de implementar.
*   **Despegue Presencial:** Tres días me parece poco, pero si son intensivos y me dan las herramientas posta, puede funcionar. Depende mucho de quién venga y qué tan bien conozca mi rubro.
*   **Garantía de 30 Días (WhatsApp):** Buena idea, pero ¿realmente me van a dar bola al toque por WhatsApp o va a ser un bot respondiendo?
*   **Seguro de Persistencia:** Esto es lo que más me llama la atención. Si realmente vienen y corrigen los problemas sin cobrarme de más, es un golazo.
*   **Prueba Social:** Tres testimonios es poco. ¿Son dueños de locales parecidos al mío? ¿En qué cambió su día a día? Hay que investigar más.

**Veredicto:**

Me tienta mucho, pero necesito más data concreta. Si me mostraran un ejemplo del manual y me dejaran hablar con alguno de los dueños que ya lo implementaron, me tiraría a la pileta. Tal como está, me genera dudas.

[VOTO: NO]
","Okay, analizando la propuesta técnica y de servicio, veo varias áreas que me generarían dudas:

*   **Manual de Operaciones Blindado:** El punto clave es la adaptabilidad. Un manual genérico es inútil. ¿Realmente se ajusta a mi menú, a mi tipo de clientela, a mi personal y a la idiosincrasia de mi local? Necesito ver un ejemplo concreto. Me preocupa la aplicabilidad real de los ""checklists y protocolos"". ¿Son demasiado teóricos? ¿Consideran los problemas cotidianos que surgen en un restaurante real?
*   **Despegue Presencial:** Tres días es un período corto. ¿Es suficiente para capacitar a todo el equipo? ¿Se enfocan en roles específicos (cocina, salón, barra)? ¿Hay seguimiento después de esos tres días? Depende enteramente de la calidad del capacitador y su conocimiento del rubro específico de mi local (parrilla, bar, etc.). Si no conocen el negocio, el tiempo es inútil.
*   **Garantía de 30 Días (WhatsApp):** La efectividad de este canal es crucial. ¿Quién responde? ¿Es un bot o una persona real con experiencia en restaurantes? ¿Cuál es el tiempo de respuesta garantizado? ¿Resuelven problemas reales o solo dan respuestas genéricas?
*   **Seguro de Persistencia:** Este punto necesita DEFINICIÓN CLARA. ¿Qué tipo de problemas cubren? ¿Cuántas visitas están incluidas? ¿Hay un límite de tiempo para la corrección? ¿Qué pasa si el problema persiste después de sus intervenciones? La ambigüedad aquí es una gran bandera roja.
*   **Prueba Social:** Tres testimonios son insuficientes y necesitan contexto. Quiero saber si los dueños de los testimonios tienen locales similares al mío en términos de tamaño, tipo de cocina y ubicación. Necesito entender qué problemas específicos resolvieron con este sistema y cómo mejoró su día a día concretamente.
","Bueno, después de darle vueltas y cruzar lo que siento con lo que realmente me conviene, llego a una conclusión. La verdad es que la cosa está dura y el día a día es una pelea constante, pero si quiero que mi negocio siga adelante y que mi familia esté bien, tengo que jugármela.

Si bien me da miedo invertir y después no ver los resultados rápido, sé que con las cosas como están, si no hago nada diferente, voy a seguir pataleando en el mismo lugar. Y eso es lo que más me aterra: no poder darle lo mejor a mis hijos y ver cómo se nos va el poder adquisitivo.

Así que, metiéndole fe y esperanza, y confiando en que esta propuesta me ayude a salir adelante...

**[VOTO: SÍ]**
"
Agent_089,ESFJ,SÍ,DUDOSO,"¡A ver, vamos a analizar esto como si estuviera sentada tomando un fernet con amigos del rubro!

**R1 (Tu instinto de negocio puro):**

$200.000 por un sistema que me ""libera"" suena tentador, ¡siempre ando corriendo apagando incendios! El tema es que ya probé mil cosas que prometían lo mismo y terminaron siendo más laburo para mí. El manual y el entrenamiento suenan bien, pero después ¿quién controla que el equipo lo aplique? Las visitas sorpresa y la garantía son un buen gancho para sacarme la desconfianza inicial, pero ¿será humo o realmente me van a solucionar algo? Lo de los testimonios es un plus, pero necesito verlos con mis propios ojos, che.

**R2 (Análisis técnico de la propuesta):**

*   **Manual de Operaciones:** Un buen punto de partida, pero tiene que ser realmente práctico y adaptable a mi restaurante/bar. Si es un copy-paste genérico, no sirve.
*   **Despegue Presencial:** Clave que vengan al local, porque cada lugar es un mundo. 3 días intensivos me suena bien, pero necesito ver si el tipo/a que viene tiene experiencia real en el rubro y sabe de lo que habla.
*   **Garantía de 30 Días:** Auditoría diaria por WhatsApp suena un poco invasivo, pero si realmente resuelven las dudas rápido, puede ser valioso. Hay que ver si el soporte es 24/7 o solo en horario de oficina.
*   **Seguro de Persistencia:** Las visitas sorpresa son una buena idea, pero ¿qué pasa si encuentran algo mal? ¿Lo solucionan en el momento o me dejan el problema? Tiene que estar bien claro el alcance de la corrección.
*   **Prueba Social:** Necesito ver los testimonios en video, con nombre y apellido, y mejor si conozco a los dueños. Que me cuenten cómo era su vida antes y después del sistema.

**Veredicto:**

Si bien la propuesta suena interesante y ataca directamente mi problema de falta de tiempo y control, necesito más pruebas concretas de que realmente funciona. La garantía, las auditorías y los testimonios son un buen anzuelo, pero no me convencen del todo.

[VOTO: NO]
","¡Dale, vaamo a ver dónde chirría esto! Aparte del fernet, necesito un buen análisis para no tirar la plata. Acá va:

**Fallas en la Propuesta (Desde la Optica Técnica y de Servicio):**

*   **Manual de Operaciones: Demasiado Genérico Potencial:** ""Adaptable a mi restaurante/bar"" suena lindo, pero ¿cuánto de ""adaptable"" es realmente? ¿Me van a customizar procesos clave (ej: manejo de proveedores, control de stock específico de mi carta, etc.) o es más bien un template con mi logo? Necesito ejemplos concretos de cómo se adapta a distintos tipos de negocios gastronómicos.

*   **Despegue Presencial: Falta de Especialización:** 3 días intensivos está bien, pero ¿el capacitador/a tiene experiencia EN MI tipo de restaurante/bar? No es lo mismo un café de especialidad que una parrilla. Necesito saber qué casos similares resolvieron o qué experiencia comprobable tienen en negocios con mi volumen, tipo de cocina, etc.

*   **Garantía de 30 Días: ""Auditoría Diaria"" vs. Solución Real:** La auditoría diaria por WhatsApp puede ser agobiante. Prefiero menor frecuencia pero con resoluciones concretas. Ejemplo: si la auditoría detecta un problema de control de inventario, ¿me van a capacitar sobre la marcha o solo me van a señalar el error? Necesito que la garantía implique una solución activa. Y el soporte 24/7... ¿es un chatbot o personas reales?

*   **Seguro de Persistencia: Alcance Ambiguo:** ""Visitas sorpresa"" suenan a control, pero ¿qué pasa si encuentran algo mal que requiere una inversión extra? ¿Quién paga? ¿Cuál es el límite del ""alcance de la corrección""? ¿Solo corrigen procesos o también me ayudan a implementar soluciones (ej: cambiar un proveedor, renegociar un contrato, etc.)?

*   **Prueba Social: Falta de Profundidad:** Testimonios en video son un buen comienzo, pero necesito ver métricas reales: ¿Cuánto aumentaron las ganancias de esos locales? ¿Cuánto tiempo ahorraron? ¿Qué problemas concretos resolvieron? Números, números, números. Que me muestren el ROI (retorno de la inversion) en casos similares al mio.

**En Resumen:** La propuesta es buena en la teoría, pero le falta especificidad, transparencia en el alcance de los servicios y métricas concretas de éxito. Es como un plato bien presentado, pero sin sabor. Necesito ver la letra chica para no llevarme una sorpresa amarga.
","[VOTO: SÍ]

La propuesta tiene potencial. Mi instinto me dice que hay una necesidad real en el mercado de restaurantes y bares, especialmente con la incertidumbre económica actual. El análisis técnico refuerza esto al mostrar un camino claro hacia la rentabilidad y la escalabilidad, aunque con riesgos importantes. La clave estará en la ejecución y en la capacidad de adaptarse rápidamente a los cambios del mercado. Si se puede mitigar eficientemente el riesgo inflacionario y la inseguridad económica, creo que puede ser una inversión sólida.
"
Agent_015,ENFP,SÍ,DUDOSO,"¡A ver, veamos esta propuesta de Megan!

**R1 (Mi instinto de negocio puro):** Mmm... Me suena interesante, pero también un poco a ""vende humo"". Libertad total suena demasiado lindo para ser verdad. Me da cosa engancharme con algo que después no funcione y termine igual que antes, corriendo atrás de todo. $200.000 no es poca plata.

**R2 (Análisis técnico de la propuesta):**

*   **Manual Blindado:** Un manual con herramientas listas para usar es fundamental. Checklists y protocolos siempre son bienvenidos para ordenar el laburo.
*   **Despegue Presencial:** Tres días de entrenamiento intensivo está bueno para arrancar con el pie derecho. Pero, ¿el equipo realmente se va a enganchar?
*   **Garantía 30 días + WhatsApp:** Esto me da cierta tranquilidad. Tener a alguien del otro lado para consultar en tiempo real es valioso.
*   **Seguro de Persistencia:** Las visitas sorpresa son clave para asegurarme de que el estándar se mantenga. Si realmente corrigen los errores sin costo extra, es un plus.
*   **Prueba Social:** Los testimonios de otros dueños son importantes. Pero quiero saber quiénes son esos dueños y qué tipo de negocios tienen. ¿Son similares al mío?

**Veredicto:** La propuesta tiene cosas interesantes, pero necesito más información y referencias concretas. Desconfío un poco del ""Libertad Total garantizada"". Prefiero invertir en algo que conozco.

[VOTO: NO]
","Bien, analicemos fríamente las fallas potenciales en la propuesta de Megan, desde una perspectiva *exclusivamente técnica y de servicio*, asumiendo que la cuestión económica está fuera de nuestra evaluación:

1.  **Manual Blindado: Falta de Personalización y Adaptabilidad:** Un manual con herramientas ""listas para usar"" puede ser demasiado genérico. Mi restaurante tiene su propia idiosincrasia, su menú, su clientela, su estilo. ¿Cómo se adapta este manual a mis particularidades? Si es demasiado rígido, puede ser contraproducente y generar frustración en el personal.

2.  **Despegue Presencial: Sostenibilidad y Continuidad:** Tres días de entrenamiento intensivo son buenos para el puntapié inicial, pero ¿qué pasa después? ¿Cómo se garantiza que el equipo mantenga la motivación y aplique lo aprendido a largo plazo? ¿Hay un seguimiento, una capacitación continua, un refuerzo de los conceptos? El riesgo es que se desvanezca rápidamente.

3.  **Garantía 30 días + WhatsApp: Limitaciones de la Comunicación y la Resolución:** El soporte vía WhatsApp es útil para consultas rápidas, pero ¿qué sucede con problemas más complejos que requieren una atención presencial o un análisis más profundo? Una garantía de 30 días puede ser insuficiente para evaluar el impacto real del programa.

4.  **Seguro de Persistencia: Alcance y Criterios de Evaluación:** Las visitas sorpresa son buenas, pero ¿con qué frecuencia se realizan? ¿Cómo se definen los criterios de ""corrección de errores""? ¿Quién decide qué se considera un error? ¿Qué garantías tengo de que las correcciones sean efectivas y no generen fricciones con el personal? ¿Quién hará las correcciones, personal de la empresa o ellos me proveerán personal externo?

5.  **Prueba Social: Falta de Transparencia y Relevancia:** Los testimonios son útiles, pero necesito conocer a los dueños que los brindaron y evaluar si sus negocios son comparables al mío. ¿Qué tipos de restaurantes tienen? ¿Cuál es su tamaño? ¿Cuál era su situación antes de implementar el programa? Sin esa información, los testimonios son poco relevantes. No se pueden tomar opiniones sin un contexto.
6.  **Propuesta ""Libertad Total garantizada"":** En la práctica, ¿cuál es el límite de esa libertad? ¿Cuáles son mis responsabilidades? ¿Qué factores deben estar en orden de mi parte para asegurar esa libertad?
En resumen, la propuesta carece de detalles y especificaciones cruciales sobre su implementación, seguimiento y adaptabilidad a mi negocio específico. Demasiadas promesas sin un respaldo sólido en la práctica.
","Bueno, después de darle vueltas al instinto y analizar los números fríamente, llego a una conclusión. Si bien la incertidumbre económica siempre me preocupa, veo valor en modernizar la gestión y mejorar la rentabilidad. La propuesta parece sólida y apunta a resolver problemas que me quitan el sueño. Asumo el riesgo, pero con la esperanza de que esto nos impulse hacia adelante.

[VOTO: SÍ]
"
