ID,MBTI,Veredicto,Confianza,R1,R2,R3
Agent_013,ESFP,NO,ALTA,"Okay, acá va mi análisis sobre la propuesta de Megan, pensando como dueño de restaurante con mis dolores y prioridades:

**R1 (Intuición):**

Uff, la idea de un sistema ""blindado"" que me libere de quilombos suena celestial. Me imagino al equipo resolviendo problemas sin tener que llamarme a mí cada cinco minutos, ¡sería una bendición! La matriz de crisis me da cierta tranquilidad. La consultoría presencial y la comunidad me parecen buenos agregados, pero lo que me llama la atención es el acompañamiento por WhatsApp. La experiencia me dice que la clave está en sostener el cambio en el tiempo.

**R2 (Análisis de rentabilidad y libertad):**

A ver, $200.000 es una inversión considerable, especialmente con la inflación galopante que tenemos. Necesito que esto realmente funcione y me dé resultados tangibles.

*   **Rentabilidad:** Si este sistema realmente logra reducir pérdidas por errores del personal, optimizar tiempos y mejorar la satisfacción del cliente (y por ende, aumentar ventas), la inversión se justificaría en el mediano plazo. Digamos que si logro aumentar un 10% mis ventas netas o reducir un 5% mis costos operativos, lo amortizaría en menos de un año.
*   **Libertad:** Este es el factor crucial. Si puedo delegar con confianza y no estar constantemente apagando incendios, vale oro. El foco estaría en planificar estrategias a futuro. También quiero empezar a dedicarme a ver más seguido a mis hijos. Pero acá está la clave: ¿esos 30 días de seguimiento realmente aseguran que el sistema se sostenga después? Me preocupa el ""efecto Megan"", que todo funcione perfecto mientras ella está y luego se desmorone.

**Veredicto:**

[VOTO: NO]

Si bien me tienta mucho la propuesta de Megan y veo el potencial para mejorar mi restaurante y mi calidad de vida, sigo teniendo dudas sobre la sostenibilidad del sistema a largo plazo. 30 días de acompañamiento me parecen insuficientes para garantizar que el equipo internalice los procesos y los aplique consistentemente. El riesgo de que el ""efecto Megan"" desvanezca la inversión es alto. Necesitaría una garantía más extensa o un seguimiento escalonado a lo largo de varios meses para sentirme realmente seguro. La Inflación abrupta y la inseguridad económica me harían pensarlo nuevamente antes de invertir.

","Para un dueño de restaurante en Argentina, con el perfil que describiste (38 años, masculino, NSE medio-alto, ESFP, divorciado, evangélico, votante en blanco, universidad privada, conservador/liberal, miedo a la inflación y la inseguridad económica, aficionado al pádel), **una estrategia o acción podría fallar por las siguientes razones**:

**1. Ignorar la Realidad Económica Argentina:**

*   **Fijación de precios irreal:** Intentar mantener precios fijos en un contexto de inflación galopante sería suicida. No actualizar los precios regularmente, o hacerlo de forma insuficiente, erosionaría rápidamente la rentabilidad.
*   **No adaptación a las fluctuaciones del dólar:** Ignorar el mercado negro del dólar (dólar blue) y sus efectos en costos de importación (si aplica) o en la percepción del valor por parte de los clientes (especialmente turistas) sería un error.
*   **No tener un plan de contingencia ante la inflación:** Carecer de estrategias para reducir costos, buscar proveedores alternativos más económicos, o renegociar contratos con proveedores ante una espiral inflacionaria sería catastrófico. La capacidad de actuar y adaptarse rápido es clave.

**2. Desconexión con el Cliente Argentino Actual:**

*   **Ignorar la sensibilidad al precio:** Subestimar la importancia del valor percibido por el cliente resultaría en la pérdida de clientes. En Argentina, la gente busca promociones, descuentos y ofertas.
*   **No adaptarse a las tendencias gastronómicas locales:** No entender las preferencias actuales, como la creciente demanda por opciones vegetarianas, veganas, o sin gluten, o por ingredientes de origen local, alejaría a clientes potenciales.
*   **Falta de atención a la experiencia del cliente:** En un mercado competitivo, descuidar la calidad del servicio, el ambiente del local, o la personalización de la experiencia, llevaría a malas reseñas y pérdida de clientela.

**3. Mala Gestión y Adaptación Digital:**

*   **Resistencia a la digitalización total:** Ignorar la importancia de las redes sociales para marketing y la gestión de pedidos online, el uso de apps de delivery (aunque impliquen comisiones), o la adopción de sistemas de gestión eficientes, dejaría al restaurante rezagado.  Un ESFP debería aprovechar su carisma y facilidad de interacción en plataformas sociales.
*   **Marketing Tradicional Ineficiente:** Confiar únicamente en métodos de marketing tradicionales, sin un plan digital bien definido, es un desperdicio de recursos.
*   **No medir resultados ni optimizar:** No analizar datos de ventas, preferencias de los clientes, o rendimiento de las campañas de marketing, impediría la optimización de la estrategia del negocio.

**4. Aspectos Culturales y de Valores:**

*   **Descuido de los empleados:** No valorar ni invertir en el bienestar y capacitación de los empleados, resultaría en alta rotación, baja moral, y un servicio deficiente.
*   **Falta de transparencia y ética:** Actuar de manera poco transparente en la gestión del negocio, ya sea con empleados, proveedores, o clientes, dañaría la reputación del restaurante. Dado que el perfil profesa la religión evangélica, cualquier acción que contradiga esos valores sería especialmente perjudicial.

**5. Contexto Sociopolítico Argentino:**

*   **Ignorar la inseguridad:** No tomar medidas de seguridad adecuadas (cámaras, alarmas, personal de seguridad) pondría en riesgo a los empleados, clientes, y el negocio en sí mismo.
*   **No anticipar cambios regulatorios:** Ignorar posibles cambios en las regulaciones laborales, impositivas, o sanitarias, podría tomar por sorpresa al restaurante y generar problemas legales y financieros.
*   **Desentenderse del entorno local:** No interactuar con la comunidad local, no apoyar a otros negocios de la zona, o no participar en eventos comunitarios, limitaría el alcance del restaurante y su conexión con el público.

**En resumen:** Para un dueño de restaurante en Argentina, el fracaso provendría de una combinación de **mala gestión económica, desconexión con el cliente, resistencia a la digitalización, descuido de los aspectos humanos y culturales, e incapacidad para adaptarse al complejo contexto sociopolítico argentino.**
","[VOTO: NO] No creo que sea una buena idea en este momento económico con la inflación y la inseguridad que me preocupan.
"
Agent_021,INTP,NO,ALTA,"Okay, a ver, una propuesta más para intentar ordenar este quilombo...

**R1 (Intuición):**

Uy, suena interesante, pero me da un poco de cosa esto de meter a alguien externo. Ya tuve malas experiencias. Pero la idea de que el personal resuelva solo, eso me encanta. A veces siento que no puedo ni ir al gimnasio porque en cualquier momento me llaman por un problema estúpido. La matriz de crisis suena bien, siempre termino apagando incendios. La comunidad también me llama, necesito hablar con gente que esté en la misma que yo.

**R2 (Análisis de rentabilidad y libertad):**

A ver, $200.000... es una inversión importante. Tengo que ver cuánto me cuesta a mí cada vez que tengo que salir corriendo a resolver un problema. Si el personal puede resolver más cosas solo, ¿cuántas horas me ahorro? ¿Y cuánta guita pierdo por errores que ellos cometen? Los 3 días de consultoría presencial son claves, ahí voy a ver si realmente Megan sabe lo que hace. El seguimiento por WhatsApp suena bien, pero ¿30 días son suficientes?. También tengo que considerar si la comunidad gastronómica me puede conectar con proveedores más económicos o mejores oportunidades. Si esto me da más tiempo para conseguir mejores precios y promociones, quizás lo recupero rápido. Tendría que ver si se pueden deducir impuestos porque sino ahí ya me mata todo.

**Veredicto:**

[VOTO: SÍ]
","Entendido. Bien, desde mi perspectiva como dueño de restaurante argentino de 61 años, con las características que me describiste, veo varios motivos por los que una iniciativa, producto o estrategia dirigida a nosotros podría fallar:

**1. Falta de Comprensión Profunda de la Realidad Operativa:**

*   **Margen de Ganancia Estrecho:** Asumir que todos tenemos margen para invertir en ""novedades"" sin entender la presión constante por los costos, la inflación y la fluctuación de precios es un error grave. A menudo estamos apagando incendios y priorizando lo básico para sobrevivir.
*   **Sobrecarga de Trabajo:** Muchos de nosotros somos micro-emprendedores que hacemos de todo. No tenemos tiempo para capacitaciones complejas, implementaciones largas o sistemas que requieran una dedicación excesiva. Necesitamos soluciones simples y que nos ahorren tiempo.
*   **Desconexión con la Mano de Obra:** Olvidar que dependemos de personal a menudo con baja calificación y alta rotación. Implementar sistemas que requieren un alto nivel de capacitación o compromiso puede ser contraproducente.
*   **Regulaciones y Burocracia:** Ignorar la enorme carga burocrática y las regulaciones cambiantes que enfrentamos. Cualquier solución que no contemple la simplificación administrativa o el cumplimiento normativo está destinada al fracaso.

**2. Fallos en la Segmentación y Personalización:**

*   **Homogeneización:** Asumir que todos los dueños de restaurantes somos iguales. Un dueño de una parrilla familiar en San Telmo tiene necesidades muy diferentes a un franquiciado de una cadena de cafeterías en Córdoba.
*   **Desconocimiento del Nivel de Digitalización:** Pretender que todos dominamos la tecnología o que estamos dispuestos a invertir en soluciones digitales costosas. Muchos preferimos el papel y el lápiz, o soluciones muy básicas y probadas.
*   **Lenguaje Inapropiado:** Utilizar un lenguaje demasiado técnico, moderno o ""cool"" que no resuene con mi generación o mi nivel educativo. Necesitamos un lenguaje claro, directo y que hable de resultados concretos.

**3. Propuesta de Valor Débil:**

*   **Beneficios Poco Claros:** No demostrar de forma contundente cómo la solución propuesta va a impactar positivamente en mi rentabilidad, eficiencia o calidad de vida. Necesito ver un ROI (retorno de la inversión) claro y rápido.
*   **Foco Excesivo en la Tecnología:** Darle más importancia a la tecnología que a la solución real del problema. No me importa la última novedad si no me ayuda a vender más, reducir costos o fidelizar clientes.
*   **Falta de Prueba Social:** No presentar casos de éxito reales y testimonios de otros dueños de restaurantes que hayan implementado la solución y obtenido resultados positivos.

**4. Errores en la Comunicación y el Marketing:**

*   **Canales Incorrectos:** Utilizar canales de comunicación que no frecuentamos. Asumir que todos estamos en Instagram o TikTok. A menudo la recomendación boca a boca, los grupos de WhatsApp o las ferias gastronómicas son más efectivos.
*   **Mensajes Genéricos:** Enviar mensajes genéricos que no aborden mis necesidades específicas. Necesitamos mensajes personalizados que demuestren que entienden mi realidad.
*   **Falta de Seguimiento Personalizado:** No ofrecer un seguimiento personalizado después de la primera interacción. Necesitamos sentirnos acompañados y apoyados en el proceso de implementación.
*   **Ignorar Preocupaciones Políticas y Económicas:** No tener en cuenta mi orientación política centro-progresista. Una campaña o producto que apoye activamente cosas con las que no estoy de acuerdo (Ej: políticas pro-mercado sin enfoque social) podría ser mal recibido.

**En resumen, la clave está en la investigación profunda, la segmentación precisa, la comunicación clara, la propuesta de valor sólida y el acompañamiento personalizado. Si no se tienen en cuenta estas consideraciones, cualquier iniciativa tiene altas probabilidades de fracasar.**  Además, no olvidemos mi mayor angustia: el miedo a no llegar a fin de mes y perder el poder adquisitivo. Cualquier solución que no aborde directamente esta preocupación, o que parezca aumentar mis costos sin un retorno claro, será rechazada de plano.
","[VOTO: NO] No creo que sea una buena idea debido a mi miedo a no llegar a fin de mes y perder poder adquisitivo.
"
Agent_050,INFJ,NO,ALTA,"Ok, vamos a analizar la propuesta de Megan desde mi perspectiva como dueño de restaurante en Argentina, con mis particularidades y mis dolores.

**R1: Intuición**

Mi primera impresión es de alivio mezclado con escepticismo. La idea de tener un sistema que funcione sin mi constante intervención me seduce enormemente. El caos operativo es una fuente constante de estrés y tiempo perdido. La ""Matriz de Manejo de Crisis"" suena a una herramienta valiosa. Sin embargo, la efectividad real de la propuesta, y sobre todo, su sostenibilidad en el tiempo, es lo que me genera dudas. He visto consultores prometer soluciones milagrosas antes. Una consultoría de 3 días me parece poco, considerando la complejidad de mi negocio. La garantía de 30 días vía WhatsApp es interesante, pero me pregunto si será suficiente para internalizar los cambios en la cultura del equipo. La comunidad gastronómica suena bien como plataforma de networking, pero no es el factor decisivo.

**R2: Análisis de Rentabilidad y Libertad**

*   **Costo:** $200.000 ARS es una inversión considerable. Necesito evaluar si el retorno (ahorro de tiempo, reducción de errores, mejora en la eficiencia) justifica el gasto.
*   **Rentabilidad:** Para justificar la inversión, tendría que ver una mejora tangible en mis márgenes de ganancia mediante reducción de desperdicios y de quejas de clientes. Por ejemplo, si mi margen de ganancia es del 10%, y las ventas mensuales son de 5.000.000, entonces necesito aumentar las ventas un 4% o reducir costos un 4% (200.000 / 5.000.000) para sentir que la inversión vale la pena en el primer mes.
*   **Libertad:** Este es el factor más atractivo para mí. Si realmente puedo delegar tareas y reducir el tiempo que dedico a apagar incendios, valdría oro. Podría enfocarme más en la estrategia del negocio y en disfrutar de mi tiempo libre.
*   **Riesgos:** Mi mayor temor es que el sistema dependa demasiado de Megan. Que luego me acostumbre a su presencia y, cuando se vaya, todo vuelva a la normalidad (es decir, al caos). Que el equipo no internalice los procedimientos o que la Matriz de Manejo de Crisis sea demasiado teórica y poco práctica. La inflación es un factor clave, ya que el costo de oportunidad de no invertir esos $200.000 ARS en mercadería o en un plazo fijo puede ser alto.
*   **Viabilidad a largo plazo:** Necesito asegurarme de que el sistema sea adaptable a los cambios constantes del mercado argentino y la volatilidad económica.

**Veredicto**

[VOTO: NO]

Si bien la idea es tentadora, el período de garantía de 30 días no me convence del todo. Necesito una implementación más profunda y una garantía de seguimiento más extensa para sentirme seguro de que el sistema realmente se internalizará en mi restaurante. El riesgo de que la inversión no genere el retorno esperado y que termine siendo un gasto inútil, sigue siendo demasiado alto, especialmente considerando mi aversión al riesgo en el contexto económico actual. Le pediría a Megan que me extendiera un poco más el seguimiento, de manera de ver si es posible que la decisión cambie.
","Dado mi perfil de Dueño de Restaurante argentino de 43 años, con un nivel socioeconómico alto, conservador/liberal y con miedo a la inflación y la inseguridad económica, hay varias razones por las que algo podría fallar en mi negocio:

**Factores Macroeconómicos y Políticos:**

*   **Inflación Descontrolada:** Este es mi mayor miedo. Si la inflación se dispara, el precio de los insumos (alimentos, bebidas, servicios) aumentará rápidamente. Esto me obligaría a subir precios constantemente, lo que podría ahuyentar a mi clientela, especialmente si competimos con locales más económicos. Además, dificultaría la planificación a largo plazo y la inversión en mejoras o expansión.
*   **Inestabilidad Cambiaria:** Fluctuaciones bruscas del tipo de cambio afectarían el costo de productos importados (vinos, licores, algunos ingredientes gourmet) y, por ende, mis márgenes de ganancia. También generaría incertidumbre para fijar precios y negociar con proveedores.
*   **Regulaciones Gubernamentales Impredecibles:** Cambios repentinos en regulaciones laborales, impuestos o restricciones a la actividad comercial podrían impactar negativamente mi rentabilidad y operación. Por ejemplo, un aumento significativo en los costos laborales o nuevas restricciones horarias.
*   **Inseguridad:** El aumento de la inseguridad en la zona donde se encuentra mi restaurante podría disuadir a los clientes, especialmente en horarios nocturnos. Esto podría requerir inversiones adicionales en seguridad privada, lo que incrementaría mis costos.
*   **Política Económica:** Si bien voté a Kicillof (asumiendo que estás hablando de las elecciones en la Provincia de Buenos Aires), mi inclinación conservadora/liberal me haría desconfiar de políticas que impliquen mayor control estatal, regulaciones excesivas o impuestos elevados, ya que podrían afectar mi libertad empresarial y mis ganancias.

**Micro Factores y Operacionales:**

*   **Mala Gestión de Costos:** Una gestión ineficiente de los costos de alimentos, personal, alquiler, servicios públicos, etc., podría erosionar mis márgenes de ganancia y poner en riesgo la viabilidad del negocio.
*   **Mala Atención al Cliente:** Si la calidad del servicio al cliente disminuye (meseros poco amables, tiempos de espera largos, problemas con las reservas), podría perder clientes frente a la competencia.
*   **Mala Calidad de la Comida:** Si la calidad de la comida no es consistente o no cumple con las expectativas de los clientes, estos dejarán de venir. La calidad debe justificar el precio, considerando mi posicionamiento socioeconómico.
*   **Falta de Innovación:** Si mi restaurante se estanca y no ofrece novedades en el menú, el ambiente o la experiencia del cliente, podría perder atractivo frente a locales más innovadores.
*   **Problemas con el Personal:** Dificultad para encontrar y retener personal calificado, conflictos laborales o una mala gestión del equipo podrían afectar la calidad del servicio y la operación del restaurante.
*   **Mala Ubicación o Accesibilidad:** Si la ubicación de mi restaurante no es estratégica o si es difícil acceder a él (falta de estacionamiento, transporte público deficiente), podría afectar la afluencia de clientes.
*   **Falta de Presencia Digital:** No tener una presencia online sólida (página web, redes sociales, sistema de reservas online, etc.) me impediría llegar a nuevos clientes y fidelizar a los existentes, especialmente en un mercado cada vez más digitalizado.
*   **Competencia Fuerte:** Una proliferación de restaurantes similares en la zona, con propuestas de valor más atractivas o precios más bajos, podría disminuir mi cuota de mercado.
*    **Desastres Naturales o Emergencias Sanitarias:** Imprevistos como inundaciones, cortes de luz prolongados o nuevas pandemias podrían obligarme a cerrar temporalmente, generar pérdidas y afectar la reputación de mi restaurante.
*   **Falta de Adaptación a las Tendencias:** No identificar y adaptarme a las nuevas tendencias gastronómicas (comida saludable, opciones veganas, delivery eficiente, etc.) podría dejarme atrás y perder clientes.

**Ámbito Personal:**

*   **Burnout:** Manejar un restaurante es muy demandante. Si me agoto y pierdo la pasión por el negocio, mi rendimiento disminuirá y la calidad del restaurante se verá afectada.
*   **Conflictos Familiares:** Problemas personales o familiares podrían distraerme de la gestión del restaurante y afectar mi toma de decisiones.
*   **Mala Gestión Financiera Personal:** Si mezclo las finanzas del restaurante con mis finanzas personales, podría poner en riesgo la viabilidad del negocio.
*   **Apego Excesivo al Gaming:** Invertir demasiado tiempo en el gaming podría robarme tiempo valioso para dedicar al restaurante y a la gestión, afectando su desempeño.

En resumen, mi negocio podría fallar por una combinación de factores externos (macroeconómicos y políticos) y factores internos (operacionales, de gestión y personales). La clave para evitar el fracaso radica en una gestión proactiva, adaptabilidad, innovación, buena atención al cliente y una sólida planificación financiera.
","[VOTO: NO] No puedo dar un veredicto final sin más contexto o información sobre el tema.
"
Agent_032,INFP,SÍ,ALTA,"Okay, vamos a analizar la propuesta de Megan. Me pongo en la piel de un dueño de restaurante argentino con mis características.

**R1 (Intuición):**

Uff, suena tentador sacarme de encima el quilombo del día a día. La idea de que el equipo resuelva solo y no me esté llamando a cada rato es un sueño. La matriz de manejo de crisis me da cierta tranquilidad, pero tres días de consultoría presencial me parecen poco para cambiar todo un sistema. Y lo de la comunidad gastronómica... bueno, siempre está bueno conectar con otros, pero no es lo que más me atrae. La verdad, tengo la sensación de que es plata que podría usar en otra cosa, pero a la vez, si realmente funciona, me liberaría de mucho estrés.

**R2 (Análisis de rentabilidad y libertad):**

A ver, $200.000 pesos... En mi situación significa... casi un mes de alquiler del local. Podría usar esa plata para marketing, mejorar la cocina, o incluso invertir en mercadería. La ""libertad"" que promete Megan es atractiva, pero necesito ver el retorno. Si el sistema funciona, podría ahorrar horas de trabajo por semana, lo que se traduce en más tiempo para mi familia y para pensar en el negocio, no solo apagar incendios. Pero, ¿y si después de los 30 días todo vuelve a ser un caos? ¿Cuánto tiempo extra voy a tener que dedicar a supervisar que el sistema realmente se mantenga? Necesito un cálculo realista de cuánto tiempo (y, por ende, dinero) me ahorraría a largo plazo.

**VEREDICTO:**

[VOTO: NO]

**Justificación:** Si bien la oferta me llama la atención, el precio es alto y la garantía de 30 días, aunque atractiva, no me convence del todo. Tres días de consultoría más 30 días de seguimiento me parecen insuficientes para asegurar que el sistema se mantenga a largo plazo, especialmente con la rotación de personal que hay en el rubro. La matriz de manejo de crisis suena bien en teoría, pero no sé si realmente se adaptaría a las particularidades de mi restaurante. Prefiero invertir esa plata en algo que me dé un retorno más tangible y en lo que tenga más control. Además, como dueño nuevo, prefiero aprender de mis errores y formar mi propio sistema a depender de uno ""enlatado"".
","Para un dueño de restaurante argentino, varias razones podrían llevar al fracaso de un nuevo emprendimiento o iniciativa. Aquí te presento algunas, considerando el contexto que proporcionaste:

**Factores Macroeconómicos y Políticos (considerando el pensamiento apolítico):**

*   **Inflación y Devaluación:** El miedo a ""no llegar a fin de mes y perder el poder adquisitivo"" es un dolor central. Una inflación descontrolada erosiona los márgenes de ganancia, dificulta la fijación de precios y desestabiliza la cadena de suministros. La devaluación del peso encarece los productos importados (vinos, quesos, ciertos ingredientes) y afecta la rentabilidad si no se puede trasladar el aumento de costos al consumidor. Como el dueño es apolítico, probablemente no esté activamente involucrado en lobby o presión política para mejorar la situación, dejándolo vulnerable.
*   **Inestabilidad Política y Regulatoria:** Cambios repentinos en regulaciones laborales, impuestos, habilitaciones o normativas sanitarias pueden generar costos inesperados y trabas burocráticas que compliquen la operación del restaurante. Aunque el dueño sea apolítico, la inestabilidad política indirectamente afecta su negocio y lo frustra.
*   **Recesión Económica:** Una caída en el consumo, producto de la recesión, impacta directamente en la facturación del restaurante. Personas con menor poder adquisitivo reducen sus salidas a comer afuera, afectando la viabilidad del negocio.

**Factores Específicos del Negocio:**

*   **Mala Ubicación:** Un local mal ubicado, con poca visibilidad, difícil acceso o en una zona poco transitada, limitará el flujo de clientes.
*   **Concepto No Atractivo o Mal Ejecutado:** El restaurante puede ofrecer un tipo de comida o ambiente que no atrae al público objetivo de la zona, o bien la ejecución de la propuesta puede ser deficiente (mala calidad de los ingredientes, preparación descuidada, servicio lento o descortés).
*   **Mala Gestión Financiera:** No controlar los costos, no tener un flujo de caja adecuado, endeudarse excesivamente o no fijar precios correctamente puede llevar a la quiebra. El dueño, con su nivel de educación terciaria técnica, puede carecer de la formación específica en finanzas necesarias para una gestión óptima.
*   **Mala Experiencia del Cliente:** Desde la higiene del local hasta la atención al cliente, la calidad de la comida o la demora en el servicio, cualquier aspecto que genere una mala experiencia puede ahuyentar a los clientes y dañar la reputación del restaurante.
*   **Marketing Ineficiente:** No promocionar el restaurante adecuadamente, no utilizar las redes sociales o no crear una propuesta de valor atractiva puede llevar a que el negocio pase desapercibido.
*   **Falta de Adaptación al Cambio:** No innovar, no incorporar nuevas tecnologías (como sistemas de pedidos online o pagos digitales), no adaptarse a las nuevas tendencias gastronómicas o no escuchar el feedback de los clientes puede llevar al restaurante a quedar obsoleto.

**Factores Personales del Dueño (considerando su perfil INFP, religión Evangélica, y joven):**

*   **Idealismo vs. Realidad Empresarial:** Siendo INFP, el dueño puede tener una visión idealizada del negocio que choca con la dura realidad del día a día. La necesidad de tomar decisiones difíciles, gestionar personal, lidiar con proveedores y resolver problemas operativos puede resultar abrumadora.
*   **Escasa Experiencia:** A sus 22 años, el dueño puede carecer de la experiencia necesaria para gestionar un restaurante, especialmente en un entorno económico complejo como el argentino.
*   **Dificultad para Delegar:** Siendo INFP, puede tener dificultades para delegar tareas y confiar en otros, lo que le lleva a sobrecargarse de trabajo y a descuidar aspectos importantes del negocio.
*   **Conflictos Éticos:** Sus valores religiosos evangélicos pueden entrar en conflicto con ciertas prácticas comerciales (ej. promociones con descuento excesivo, precios predatorios, etc.).
*   **Falta de Networking:** No participar activamente en redes de contacto con otros empresarios del sector, no asistir a eventos o no buscar mentores puede limitar sus oportunidades de aprendizaje y crecimiento.
*   **Desconexión con las nuevas generaciones:** Su edad (22) podría hacerle asumir cosas sobre las generaciones más grandes que no son ciertas, y viceversa. Los gustos de las personas de su edad difieren mucho de los de sus padres, abuelos, etc. Todos son clientes potenciales.

En resumen, el fracaso de un restaurante en Argentina es una combinación de factores macroeconómicos, específicos del negocio y personales del dueño. La clave está en anticiparse a los riesgos, planificar con cuidado, gestionar eficientemente los recursos y adaptarse a los cambios del mercado.
","[VOTO: SÍ] Considero que invertir en tecnología para mi negocio gastronómico ayudaría a aliviar mi miedo a no llegar a fin de mes y mejorar la rentabilidad.
"
Agent_083,ESTJ,NO,ALTA,"¡A ver, veamos qué onda esta Megan!

**R1 (Intuición):**

Uff, suena bien en el papel, ¿no? La verdad que el quilombo del día a día te consume y tener un ""manual blindado"" y que alguien te dé una mano por un mes suena como un respiro. Pero ojo, que después te dejan solo y volvés a lo mismo... Esa es la desconfianza que tengo. La matriz de crisis puede ser útil si realmente es práctica y fácil de usar.

**R2 (Análisis de rentabilidad y libertad):**

A ver, $200.000 no es moco de pavo. Con esa plata puedo comprar mercadería, arreglar cosas que tengo rotas o hasta pintar el local. Tres días de consultoría, si son intensivos de verdad, pueden servir. El tema es si realmente va a haber un cambio real en el equipo. La comunidad gastronómica podría ser interesante para conseguir algún contacto o proveedor nuevo. Pero necesito saber si realmente va a mejorar la rentabilidad y me va a dar más tiempo libre para hacer un asado con la familia, que es lo que realmente necesito. Si después de ese mes sigo igual, es plata tirada. ¿Podré aumentas las ventas? ¿se reducirán los problemas? ¿Tendré que seguir estando a la misma hora en el local?

**Veredicto:**

[VOTO: NO]
","Para un dueño de restaurante argentino de 53 años, ESTJ, de nivel socioeconómico bajo, casado con hijos, católico, votante de Milei, con secundario completo, pensamiento político centro-progresista, cuyo principal dolor es el miedo a no llegar a fin de mes y que disfruta del asado familiar, **esto fallaría por las siguientes razones, considerando la complejidad del contexto argentino:**

**1. Desconexión con la Realidad Operativa del Negocio:**

*   **Micro-Gestión vs. Visión Estratégica:** Un dueño de restaurante ESTJ, especialmente uno proveniente de un entorno socioeconómico bajo, tiende a enfocarse en la micro-gestión. La herramienta o solución podría fallar si lo empuja demasiado hacia la ""visión estratégica"" sin ofrecerle soluciones prácticas y tangibles para sus problemas inmediatos (ej: control de costos, optimización de horarios).
*   **Resistencia al Cambio (Modelo Mental):** Su experiencia y los años en el negocio pueden generar resistencia a nuevas tecnologías o metodologías. Si la solución requiere un cambio radical en sus procesos, es muy probable que la rechace. El ""siempre lo hicimos así"" es una barrera importante. Los ESTJ valoran la tradición y la estabilidad.
*   **Brecha Digital:** Aunque de 53 años, el nivel de digitalización puede ser bajo. Una solución demasiado compleja, con interfaces poco intuitivas o que requieran una curva de aprendizaje pronunciada, será descartada rápidamente.
*   **Costo y Rentabilidad Inmediata:** La situación económica (miedo a no llegar a fin de mes) lo hace extremadamente sensible al costo. Si la solución no demuestra un retorno de la inversión claro y rápido, no la considerará. No tiene margen para experimentos costosos.

**2. Desalineación con sus Valores y Prioridades Personales:**

*   **Prioridad de la Familia:** El ""asado familiar"" representa la importancia de la familia en su vida. Una solución que le demande demasiado tiempo y lo aleje de su familia será vista con recelo. Debe haber un equilibrio entre la productividad y el tiempo personal.
*   **Creencias Religiosas:** Aunque sutil, ciertos aspectos de la solución (ej: contenido, publicidad, incluso el horario de soporte) podrían chocar con sus valores católicos.
*   **Ideología Política:** Aunque ""centro-progresista"", el haber votado a Milei sugiere una desesperación por el cambio y una cierta desconfianza en el status quo. La solución debe evitar parecer ""más de lo mismo"" o asociada a políticas que considera ineficaces.

**3. Falta de Adaptación al Contexto Argentino:**

*   **Volatilidad Económica:** La inflación y la constante fluctuación del tipo de cambio son cruciales. Una solución que no tenga en cuenta esta realidad (ej: precios en dólares, contratos a largo plazo con precios fijos) está destinada al fracaso.
*   **Burocracia y Regulaciones:** El laberinto burocrático argentino es un dolor de cabeza constante. Si la solución no simplifica estos procesos (ej: facturación electrónica, cumplimiento de normativas), no será valiosa.
*   **Cultura del ""Atajo"":** En un entorno con alta informalidad, la solución debe ser flexible y adaptable. Implementar procesos demasiado estrictos o rígidos puede generar resistencia y búsqueda de ""atajos"" (ej: evasión fiscal).
*   **Competencia Desleal:** El restaurante enfrenta competencia de negocios informales. La herramienta debe ofrecerle ventajas competitivas reales para combatir esta situación (ej: fidelización de clientes, marketing eficiente).

**4. Problemas de Implementación y Soporte:**

*   **Servicio de Soporte Ineficiente:** Si el soporte técnico es lento, complicado o no está disponible en su horario, abandonará la solución rápidamente. Necesita un soporte ""a la argentina"": rápido, práctico y que entienda sus problemas.
*   **Falta de Capacitación:** Necesita capacitación práctica y sencilla. Los manuales extensos o la jerga técnica lo abrumarán.
*   **Integración con Sistemas Existentes:** Si la solución no se integra fácilmente con sus sistemas existentes (ej: software de facturación, sistema de gestión), será percibida como una carga adicional.

**En resumen, para que una solución sea exitosa, debe ser:**

*   **Práctica y Tangible:** Ofrecer resultados concretos y medibles a corto plazo.
*   **Simple e Intuitiva:** Fácil de usar, con una interfaz amigable y sin jerga técnica.
*   **Económicamente Viable:** Con un retorno de la inversión claro y rápido.
*   **Adaptada al Contexto Argentino:** Flexible, resiliente y que tenga en cuenta la volatilidad económica y la burocracia.
*   **Con un Soporte Local Eficiente:** Que entienda sus necesidades y le ofrezca soluciones rápidas y prácticas.
*   **Respetuosa de sus Valores:** Que considere la importancia de la familia y sus creencias religiosas.

Si la solución ignora alguno de estos puntos, es muy probable que falle.
","[VOTO: NO] No veo que implementar una estrategia digital compleja sea la prioridad para mi negocio ahora mismo.
"
Agent_069,INFJ,SÍ,ALTA,"Okay, como dueño de restaurante en Argentina con miedo a la inflación y la inseguridad económica, y entendiendo mi rol como alguien progresista que votó a Milei (una dicotomía interesante!), analizo la propuesta de Megan.

**R1 (Intuición):**

Mi primera reacción es escéptica pero intrigada. El ""Manual Blindado"" suena bien, un buen framework siempre ayuda. La consultoría presencial me hace pensar en tiempo fuera de mi negocio, lo cual es una inversión riesgosa. La garantía de 30 días por WhatsApp genera confianza, pero me pregunto qué tan efectiva puede ser esa supervisión remota. La comunidad suena valiosa para el networking y encontrar proveedores confiables. En general, siento que $200.000 es un monto considerable, y necesito ver si realmente vale la pena.

**R2 (Análisis de rentabilidad y libertad):**

*   **Costos:** $200.000 es una suma importante. Tengo que considerar si tengo ese capital disponible sin afectar mi flujo de caja. Además, la consultoría presencial implica pérdida de ingresos por mi ausencia y la de mis empleados participantes.
*   **Beneficios:** Si el sistema realmente funciona, podría tener un retorno de inversión enorme. Un equipo auto-suficiente significaría menos estrés para mí, más tiempo para enfocarme en la estrategia del negocio (marketing, nuevos menús, expansión), y potencialmente aumento de rentabilidad por eficiencia operativa. La ""Matriz de Manejo de Crisis"" parece ser la clave. Si realmente puedo capacitar a mi equipo para resolver problemas sin depender de mí, eso libera mi tiempo y reduce mi ansiedad significativamente. La comunidad gastronómica es un plus, pero no el factor decisivo.
*   **Miedo a la falla:** Aquí está el punto clave. ¿La garantía de 30 días realmente elimina mi miedo a que el sistema se caiga cuando Megan se retire? La respuesta honesta es: probablemente no del todo, pero lo mitiga considerablemente. Un mes de seguimiento y resolución de dudas en tiempo real es muchísimo mejor que dejarme solo con un manual. La clave está en que el conocimiento quede realmente instalado en mi equipo.

**Veredicto:**

[VOTO: SÍ]

Si bien el riesgo siempre existe, el acompañamiento de 30 días y la promesa de una ""Matriz de Manejo de Crisis"" bien implementada, sumado al acceso a una comunidad y potenciales ahorros por eficiencia, hacen que la inversión sea razonable. Creo que la garantía de seguimiento disminuye el riesgo lo suficiente como para justificar dar el salto y apostar por el sistema de Megan. Siempre puedo ajustar y mejorar el sistema después del primer mes.
","Para un restaurante, bar o cafetería en Argentina, y considerando tu perfil específico, varias cosas podrían salir mal al intentar implementar una nueva estrategia o cambio. Aquí te las enumero, siendo lo más crítico posible:

**Factores Macro - El Entorno Incontrolable:**

*   **Inflación Descontrolada:** Este es el primer y más obvio obstáculo. La inflación impredecible dificulta la fijación de precios, la gestión de costos, la negociación con proveedores y la planificación a largo plazo. Promociones agresivas pueden ser ruinosas si los costos se disparan al día siguiente.
*   **Inestabilidad Económica General:** La fluctuación del dólar, las restricciones a las importaciones, y la incertidumbre generalizada pueden afectar el poder adquisitivo de los clientes, la disponibilidad de insumos clave y la rentabilidad general del negocio. Incluso si *crees* entender el mercado, éste cambia constantemente.
*   **Políticas Gubernamentales Erráticas:** Cambios inesperados en regulaciones laborales, impuestos, habilitaciones, o licencias pueden generar costos adicionales, trabas burocráticas y, en el peor de los casos, riesgo de sanciones o incluso cierre del local. Tu ideología progresista podría entrar en conflicto con políticas más conservadoras, generando frustración y dificultad para adaptarse.
*   **Inseguridad:** El aumento de la inseguridad en muchas zonas, tanto para clientes como para empleados, puede llevar a una disminución del tráfico, mayores costos de seguridad y una imagen negativa para el negocio.

**Factores Micro - Las Decisiones Internas:**

*   **Mala Gestión Financiera:** No controlar la caja, mezclar las finanzas personales con las del negocio, ignorar los flujos de efectivo, no tener un fondo de reserva para emergencias... son errores fatales. Creer que por venir de una universidad privada tienes la solución, puede llevarte a subestimar este factor.
*   **No Adaptarse al Mercado Local:** Implementar una estrategia exitosa en otro país o incluso en otra ciudad de Argentina, puede fracasar estrepitosamente si no se adapta a los gustos, preferencias, presupuestos y costumbres del público local. Tu nivel socioeconómico puede nublar tu percepción de lo que la *mayoría* de los argentinos pueden pagar.
*   **Mala Selección del Personal:** Contratar personal no capacitado, poco motivado, o con problemas de actitud puede afectar la calidad del servicio, la satisfacción del cliente y la reputación del negocio. Los problemas laborales (despidos, juicios) pueden ser costosos y consumir mucho tiempo.
*   **Falta de Innovación:** No adaptarse a las nuevas tendencias gastronómicas, tecnológicas o de marketing puede llevar a la obsolescencia y la pérdida de clientes. Ignorar las redes sociales, las apps de delivery, o los nuevos hábitos de consumo puede ser un error grave.
*   **Problemas con Proveedores:** Dependencia de un único proveedor, falta de investigación de alternativas, mala negociación de precios o condiciones de pago pueden generar problemas de stock, aumento de costos y afectar la calidad de los productos.
*   **Ignorar la Competencia:** No analizar a la competencia, no diferenciar el producto o servicio, o no tener una propuesta de valor clara puede llevar a una guerra de precios que perjudique a todos.
*   **Falta de Enfoque en la Experiencia del Cliente:** Servicio lento, mala atención, ambiente desagradable, menú confuso, precios excesivos... cualquier detalle negativo puede arruinar la experiencia del cliente y llevarlo a no volver.
*   **Exceso de Confianza:** Subestimar los desafíos, creer que se tiene todas las respuestas, no escuchar a los empleados o clientes, y no buscar consejo externo puede llevar a tomar decisiones equivocadas y a no reaccionar a tiempo ante los problemas. Tu personalidad INFJ puede hacerte idealizar demasiado las cosas y no ver los riesgos potenciales.
*   **Desconexión Familiar:** Dedicar demasiado tiempo al trabajo puede generar conflictos familiares y afectar la estabilidad emocional, lo que a su vez puede perjudicar la toma de decisiones y el rendimiento en el negocio. El asado familiar no soluciona los problemas si estás ausente el resto del tiempo.
*   **Falta de un Plan de Marketing Sólido:** No invertir en publicidad, no usar las redes sociales de manera efectiva, no tener una identidad de marca clara, o no conocer al público objetivo puede llevar a que el negocio pase desapercibido.

**En resumen:**

El entorno argentino actual es particularmente desafiante. La combinación de factores económicos, políticos, sociales y competitivos requiere una gestión extremadamente cuidadosa, una gran adaptabilidad, y una constante búsqueda de innovación. No se puede tener éxito simplemente ""siguiendo la corriente"" o copiando modelos exitosos de otros lugares. Requiere entender profundamente el contexto local, ser creativo, y estar dispuesto a tomar riesgos calculados. Tu reciente voto a Milei podría indicar una esperanza en un cambio, pero ese cambio (si ocurre) tardará en materializarse.
","[VOTO: SÍ] Recomendaría esta inversión dado el potencial de crecimiento y modernización que ofrece para el sector gastronómico en Argentina.
"
Agent_053,ENFJ,NO,ALTA,"Okay, acá va mi análisis como dueña de restaurante canosa y curtida en mil batallas:

**R1 (Intuición):**

A ver, la propuesta de Megan suena interesante, a bote pronto. Me gusta la idea de un ""Manual Blindado"" con checklists y protocolos. ¡Dios sabe que a veces mi equipo necesita un GPS para servir un café! La matriz de crisis es un plus, porque lidiar con problemas menores que terminan escalando me saca canas verdes. Lo que más me llama la atención es la consultoría presencial y el seguimiento por WhatsApp. Tres días en el local pueden hacer la diferencia. La comunidad gastronómica también es un buen gancho, siempre es bueno tener gente del palo con quien compartir experiencias y contactos.

**R2 (Análisis de rentabilidad y libertad):**

$200.000... Uff, no es moco de pavo. Tendría que ver si realmente esta inversión vale la pena.

*   **Rentabilidad:**  Si el sistema de Megan realmente logra estandarizar procesos, reducir errores y empoderar al equipo, podría traducirse en menos desperdicio, mayor eficiencia y mejor atención al cliente. A la larga, eso significaría más ingresos.  Además, si realmente mi equipo aprende a resolver problemas solos, podría dedicarle más tiempo a cosas importantes como la estrategia del menú o la calidad de los ingredientes.
*   **Libertad:**  Este es el punto clave. El objetivo último, para mí, es tener más tiempo libre. El restaurante me consume la vida. Si el sistema de Megan me da la chance de delegar con confianza y no tener que andar apagando incendios todo el día, ¡vale oro! La garantía de seguimiento de 30 días es un plus, pero 30 días pasan volando. Me preocupa que después de ese mes, el sistema se caiga a pedazos si no está bien internalizado por mi equipo.  El miedo a la inflación me come la cabeza y malgastar plata me hace dar vueltas en la cama toda la noche.

**Veredicto:**

[VOTO: SÍ]

Si bien tengo dudas sobre la permanencia del sistema a largo plazo, creo que la garantía de seguimiento de 30 días, junto con la consultoría presencial, minimiza el riesgo inicial.  La matriz de crisis es un buen seguro.  Y, si al menos logro internalizar algunos aspectos del sistema y empoderar a mi equipo durante ese primer mes, ya habrá valido la pena la inversión. Además, la comunidad gastronómica me puede aportar contactos en este momento complicado. La inflación nos come y ahorrar tiempo es ahorrar plata.
","Para un dueño de restaurante argentino de 61 años, mujer, ENFJ, de nivel socioeconómico medio-alto, conservadora/liberal, católica, votante de Milei, con miedo a la inflación y la inseguridad económica, y que disfruta del fútbol 5, las siguientes iniciativas o estrategias podrían fallar:

**1. Ignorar la Inflación:**

*   **Por qué fallaría:** Intentar mantener los mismos precios sin ajustarlos a la inflación. Esto erosionaría rápidamente las ganancias y podría llevar al negocio a la quiebra. El miedo principal de este perfil es precisamente la inflación, por lo que cualquier estrategia que la ignore generará ansiedad y podría llevar a decisiones impulsivas o incorrectas.

**2. Adopción Ciega de Tendencias Digitales:**

*   **Por qué fallaría:** Implementar tecnología costosa y compleja (como sistemas de pedidos ultra- sofisticados con IA) sin considerar la usabilidad para su personal o la clientela habitual.  Si la clientela es mayormente tradicional, puede rechazar las nuevas tecnologías y preferir el trato personal. Para un ENFJ, la interacción humana es importante.
*   **Ejemplo:** Invertir en un sistema de realidad aumentada para ver los platos en la mesa si la mayoría de los clientes prefieren ver el menú impreso y hablar con el camarero.

**3. Políticas Laborales Extremas (tanto Pro como Anti-Empleado):**

*   **Por qué fallaría:**
    *   **Explotación Laboral:** Intentar reducir costos a expensas de los empleados (sueldos bajos, malas condiciones laborales).  Esto generaría alta rotación, mala reputación y, potencialmente, problemas legales. Para un ENFJ, la armonía y el bienestar del equipo son importantes.
    *   **Beneficios Excesivos:** Ofrecer beneficios insostenibles que pongan en riesgo la rentabilidad del negocio.  Un enfoque conservador/liberal suele buscar un equilibrio.

**4. Expansión Descontrolada/Franquicias sin Estudio:**

*   **Por qué fallaría:**  Abrir múltiples sucursales o franquiciar el negocio sin una planificación sólida, sin evaluar la demanda real en nuevas ubicaciones o sin un control de calidad estricto.  Esto diluiría la marca, aumentaría los costos y podría llevar al fracaso de la expansión.  El miedo a la inseguridad económica haría que esta expansión sin control genere mucha ansiedad.

**5. Desatender la Seguridad:**

*   **Por qué fallaría:**  No invertir en medidas de seguridad (cámaras, alarmas, personal de seguridad).  En el contexto argentino actual, esto aumentaría la vulnerabilidad al robo y la inseguridad, afectando tanto a clientes como a empleados. Este es un punto crucial dado su ""ADN de dolor"".

**6. Ignorar la Competencia Local:**

*   **Por qué fallaría:**  No estar al tanto de las ofertas, promociones y tendencias de los competidores directos.  Esto llevaría a perder clientes y cuota de mercado.  Es crucial entender qué están haciendo las parrillas familiares, los cafés de especialidad, etc., en la zona.

**7.  Alinear su Oferta Política con la de sus Clientes:**

*   **Por qué fallaría:** Expresar públicamente sus opiniones políticas de forma muy marcada o controvertida, especialmente si son polarizantes,  podría alienar a clientes con diferentes visiones, generando un boicot o mala reputación.

**8.  Dependencia Exclusiva del Mercado Interno:**

*   **Por qué fallaría:** Ignorar las fluctuaciones económicas del país y no buscar alternativas como exportación de productos (si es viable), o atraer turismo (si la ubicación lo permite).  La dependencia exclusiva del mercado interno la hace mucho más vulnerable a la crisis.

**9.  Desatender la Calidad y la Atención al Cliente:**

*   **Por qué fallaría:**  Bajar la calidad de los ingredientes o descuidar la atención al cliente para reducir costos.  Esto generaría críticas negativas, pérdida de reputación y, eventualmente, el cierre del negocio.  Para un ENFJ, mantener la reputación del negocio es crucial.

**10. Adaptación Nula a las Nuevas Tendencias Gastronómicas:**

*   **Por qué fallaría:** Mantenerse rígidamente anclado en el pasado sin incorporar algunas tendencias gastronómicas, opciones vegetarianas/veganas (aunque no sean centrales) o sin revisar el menú periódicamente. La falta de innovación puede estancar el negocio.

En resumen, estas iniciativas fallarían porque ignoran los factores clave del contexto argentino actual, la idiosincrasia del público objetivo y la personalidad del dueño del restaurante. Una estrategia exitosa requiere una comprensión profunda del mercado, una gestión financiera prudente, una inversión en la satisfacción del cliente y el bienestar de los empleados, y una adaptación inteligente a las nuevas tecnologías y tendencias, sin perder la identidad del negocio.
","[VOTO: NO] No creo que sea una buena idea, dado mi miedo a la inflación y mi pensamiento conservador/liberal.
"
Agent_025,ESFJ,SÍ,ALTA,"Ok, analicemos la propuesta de Megan. A ver si me convence.

**R1 (Intuición):**

Uff, al principio me escama un poco. Me suena a que viene alguien de afuera a decirme cómo tengo que manejar mi negocio. Pero la verdad es que a veces me siento ahogada con la operativa diaria. La idea de un manual y protocolos definidos suena bien, me da una estructura. Y la comunidad gastronómica podría ser útil para conectar con otros dueños. Los 3 días intensivos me agotan de solo pensarlo, pero podrían ser un buen empujón inicial. Lo que realmente me llama la atención es el seguimiento de 30 días por WhatsApp. Eso me da algo de tranquilidad.

**R2 (Análisis de rentabilidad y libertad):**

$200.000 es una inversión importante, sobre todo con la inflación que tenemos. Necesito asegurarme un retorno. Si con esto logro delegar más tareas y que mi equipo resuelva problemas solos, podría enfocarme en cosas más estratégicas, como la rentabilidad, crear nuevos platos o mejorar la experiencia del cliente. Eso sí generaría más ingresos. El tema de la libertad es crucial. Si logro salir del día a día caótico, ganaría tiempo para mi familia, para relajarme y hasta para pensar mejor el futuro del negocio. La ""matriz de manejo de crisis"" me parece una buena herramienta preventiva, sobretodo en este contexto volátil. El tema es si realmente mi equipo la va a usar...  Esa es mi mayor duda.

**Veredicto:**

[VOTO: SÍ]

Si bien tengo mis reservas, el seguimiento de 30 días es crucial para implementarlo y que no se quede en buenas intenciones. Me da la sensación de que podrían surgir imprevistos y dudas durante ese tiempo, y contar con Megan para resolverlas en tiempo real marca la diferencia. Veo que la garantía de seguimiento, la auditoría diaria por WhatsApp minimiza mi miedo a que el sistema de caiga y me da confianza de que la inversión valga la pena. La comunidad es un plus, pero lo principal es el acompañamiento práctico y el empoderamiento del equipo.
","Para un dueño de restaurante argentino, especialmente considerando tu perfil específico (32 años, mujer, nivel socioeconómico alto, ESFJ, casada con hijos, católica, votante de Kicillof, educación en universidad pública, centro-derecha, miedo a la inflación y la inseguridad económica, aficionado al asado familiar), hay varias razones por las cuales una iniciativa o estrategia podría fallar:

**1. Ignorar la Realidad Económica Argentina:**

*   **Inflación:** Cualquier plan que no tenga en cuenta la altísima inflación podría fracasar. Esto incluye:
    *   **Precios Fijos a Largo Plazo:** Ofrecer menús o promociones con precios fijos sin una cláusula de ajuste por inflación es un suicidio financiero.
    *   **Inversión en Inventario sin Estrategia:** Acumular demasiado inventario sin considerar la devaluación puede resultar en pérdidas significativas.
    *   **Mala Gestión de Costos:** No monitorear constantemente los costos de los insumos y ajustar los precios en consecuencia. Esto te pondría en desventaja frente a otros competidores.

*   **Inestabilidad del Dólar:**  La volatilidad del dólar impacta directamente en los costos, especialmente si importas productos o insumos. No tener una estrategia de cobertura cambiaria o depender excesivamente del dólar paralelo podría ser ruinoso.

*   **Impuestos y Carga Laboral:** No comprender la complejidad del sistema impositivo argentino y la carga laboral puede llevar a errores costosos, multas o incluso problemas legales.

**2. Desconexión con el Cliente Argentino:**

*   **Ignorar las Tradiciones:** No entender la importancia del asado, la pasta del domingo, el café con leche y medialunas, y otros rituales gastronómicos argentinos.  Intentar imponer una cocina completamente ajena a la cultura argentina sin adaptaciones puede fracasar.
*   **Falta de Personalización:** No adaptar la oferta a los gustos locales. Por ejemplo, ofrecer solo comida vegana en un barrio tradicional con cultura de asado.
*   **Mal Servicio al Cliente:**  El cliente argentino valora la atención personalizada y cordial. Un servicio deficiente, lento o poco atento puede alejar a los clientes, incluso si la comida es buena.
*    **Experiencia del cliente:** no tener en cuenta la experiencia del cliente en toda su dimensión. no considerar la temperatura del local a la música, etc.

**3. Falta de Adaptación a la Digitalización:**

*   **Ignorar el Marketing Digital:** No invertir en redes sociales, SEO, publicidad online y otras herramientas digitales para dar a conocer el restaurante y atraer clientes.
*   **Resistencia a las Plataformas de Delivery:** No ofrecer delivery a través de aplicaciones como Rappi o PedidosYa, o no tener un sistema eficiente para gestionar pedidos online.
*   **Mala Gestión de la Reputación Online:** No monitorear las reseñas en Google, TripAdvisor y otras plataformas, ni responder a los comentarios de los clientes.

**4. Problemas de Gestión Interna:**

*   **Mala Selección y Capacitación del Personal:** Contratar personal sin experiencia o sin las habilidades necesarias, o no invertir en su capacitación.
*   **Falta de Control de Stock:** No tener un sistema eficiente para controlar el stock de alimentos y bebidas, lo que puede llevar a desperdicio y pérdidas económicas.
*   **Mala Planificación Financiera:** No tener un presupuesto claro, no controlar los gastos y no planificar las inversiones.

**5. Factores Políticos y Sociales:**

*   **Cambios en las Políticas Gubernamentales:** Ignorar o no adaptarse a los cambios en las regulaciones, impuestos, leyes laborales y otras políticas gubernamentales que pueden afectar al negocio.
*   **Inseguridad:** No tomar medidas de seguridad para proteger el restaurante y a sus clientes de la delincuencia.
*   **Polarización Política:** Tomar posturas políticas demasiado extremas que puedan alienar a una parte de la clientela.

**En tu caso específico:**

*   **Como votante de Kicillof con una ideología de centro-derecha:**  Una comunicación que contradiga fuertemente tus valores podría generar desconfianza en tu clientela y/o en tu equipo.
*   **Tu miedo a la inflación:**  Podrías ser excesivamente conservadora en tus decisiones, perdiendo oportunidades de crecimiento por miedo a la inversión.

En resumen, para tener éxito como dueño de restaurante en Argentina, es crucial ser adaptable, estar atento a los cambios económicos y políticos, comprender los gustos y tradiciones de los clientes locales, invertir en digitalización y tener una buena gestión interna.  Fallar en cualquiera de estos aspectos podría significar el fracaso del negocio.
","[VOTO: SÍ] Implementaría una estrategia para mitigar la inflación y asegurar la rentabilidad de mi negocio, a pesar de mis preocupaciones económicas.
"
Agent_031,INFJ,NO,ALTA,"¡A ver, veamos esta propuesta de Megan! Me suena interesante, pero como buena empresaria, necesito desmenuzarla bien.

**R1 (Intuición):**

Mi primera impresión es buena, aunque debo admitir que soy un poco escéptica. El ""Manual Blindado"" me llama la atención, suena a algo concreto y útil. La consultoría presencial es un plus, porque necesito ver cómo se aplica todo en mi restaurante. La garantía de seguimiento por WhatsApp... ¡eso me encanta! La comunicación en tiempo real es fundamental. La comunidad gastronómica también es un buen gancho, siempre es útil intercambiar ideas con otros colegas. En resumen, intuyo que podría ser una inversión valiosa, pero necesito ver los números y evaluar si realmente me libera tiempo y me da rentabilidad.

**R2 (Análisis de rentabilidad y libertad):**

Uff, $200.000... con la que está cayendo, cada peso cuenta. A ver, pensemos:

*   **Manual y Checklists:** Si realmente me ahorran tiempo y evitan errores costosos, serían una buena inversión. Si el equipo resuelve más problemas por sí solo, eso equivale a menos tiempo mío dedicado a apagar incendios. Calculo que podría ahorrar unas 5-10 horas semanales de mi tiempo, lo cual, a mi valuación por hora, es bastante dinero.
*   **Consultoría Presencial:** Tres días son cruciales para implementar el sistema, pero necesito estar segura de que el equipo realmente aprenda y lo aplique. Si tengo que estar encima todo el tiempo después, de nada sirve.
*   **Garantía de Seguimiento:** Los 30 días de auditoría por WhatsApp son CLAVE. Si Megan realmente monitorea y resuelve dudas, eso me da seguridad de que el sistema se va a implementar correctamente. Es el principal atractivo de la oferta.
*   **Comunidad Gastronómica:** Valioso para networking, pero no es el factor decisivo.

En cuanto a rentabilidad, si el sistema me permite reducir un 5% los costos operativos y aumentar un 3% la facturación (gracias a un mejor servicio y menos errores), podría recuperar la inversión en unos pocos meses. En cuanto a libertad, si realmente puedo delegar más y tener menos dolores de cabeza... ¡eso no tiene precio!

**Veredicto:**

La clave aquí es la garantía de seguimiento. Si Megan realmente cumple con esa promesa de auditoría y soporte continuo durante 30 días, y si el manual es tan completo como promete, creo que vale la pena arriesgarse. La posibilidad de tener un sistema más eficiente y delegar responsabilidades es muy tentadora.

[VOTO: SÍ]
","Considerando mi perfil como dueña de restaurante en Argentina de 59 años, con educación universitaria privada, nivel socioeconómico alto, orientación política de centro-derecha, temor a la inflación y la inseguridad económica, y preferencias de ocio como el asado familiar, estas son algunas razones por las que algo *podría* fallar:

*   **Desconexión con las Nuevas Tecnologías (Potencial):** Si la propuesta depende fuertemente de tecnología de punta o estrategias puramente digitales que requieran una curva de aprendizaje pronunciada, podría fallar. Si bien tengo educación universitaria, mi edad implica que no crecí inmersa en el mundo digital como las generaciones más jóvenes. Por lo tanto, la implementación de sistemas complejos podría resultar abrumadora y requerir asistencia técnica constante, lo cual se traduciría en costos adicionales y frustración.

*   **Resistencia al Cambio (Potencial):** A mi edad, es probable que ya tenga una forma establecida de hacer negocios. Un cambio radical en la gestión del restaurante, las estrategias de marketing o la oferta gastronómica podría generar resistencia. El miedo a perder el control o la incertidumbre sobre los resultados podrían impedir que adopte nuevas ideas. Prefiero lo conocido y probado, a menos que la evidencia del éxito del cambio sea abrumadora.

*   **Desconfianza en Propuestas Demasiado Buenas Para Ser Ciertas:** Dada mi experiencia en el mundo de los negocios y mi temor a la inestabilidad económica, seré escéptica ante soluciones ""milagrosas"" o promesas exageradas. Cualquier propuesta que suene demasiado buena para ser verdad levantará banderas rojas. Necesito ver datos concretos, testimonios confiables y un plan de implementación realista antes de considerar cualquier cambio significativo.

*   **Desalineación con los Valores Personales (Potencial):** Si la propuesta contradice mis valores personales o mi visión del negocio, la rechazaré. Por ejemplo, si se trata de una estrategia de marketing agresiva que prioriza las ganancias a costa de la calidad o la ética, o si me obliga a comprometer mi moral como católica.

*   **Falta de Tiempo e Inversión Personal:** Dirigir un restaurante es demandante. Si la propuesta implica una gran inversión de tiempo o un esfuerzo personal significativo, podría ser difícil para mí implementarla. Prefiero soluciones que me permitan delegar tareas o automatizar procesos, en lugar de sumarme más trabajo.

*   **Errores en la Comunicación:** Si la propuesta se presenta de manera confusa, técnica o condescendiente, es probable que la rechace. Valoro la claridad, la honestidad y el respeto. Necesito entender los beneficios de la propuesta en términos sencillos y directos, y sentir que mis opiniones son tomadas en cuenta.

*   **Desconexión Cultural:** Como vengo de familia tradicional y de un nivel socioeconómico alto, una propuesta que incluya temas ""woke"" o políticamente correctos podría hacerme ruido y no ser de mi gusto.

En resumen, cualquier propuesta que no tenga en cuenta mi edad, mi experiencia, mis valores, mis temores y mis limitaciones tiene una alta probabilidad de fallar. La clave para convencerme reside en ofrecer una solución clara, práctica, confiable y alineada con mi visión del negocio y mi bienestar personal.
","[VOTO: NO] No creo que sea una buena idea en este momento, dada la inestabilidad económica actual.
"
Agent_007,ESTP,SÍ,ALTA,"Okay, acá va mi análisis como un dueño de restaurante joven, divorciado, con miedo a la inflación y que, aunque no soy el más digitalizado, entiendo que la tecnología puede ayudar:

**R1 (Intuición):**

Mi primera reacción es de alivio mezclado con escepticismo. Alivio porque la idea de tener un sistema que funcione sin mí como bombero constante suena a gloria. Escepticismo porque… bueno, he visto muchos ""gurús"" prometer soluciones mágicas que terminan siendo humo. Los check-lists y protocolos son útiles, pero la clave está que mi equipo los incorpore y los use de verdad. La consultoría presencial me parece buena, pero 3 días no sé si alcanza para cambiar hábitos arraigados. La comunidad gastronómica podría ser interesante para networkear y quizás encontrar mejores proveedores. El precio no me parece exagerado si realmente funciona, pero tengo que estar seguro. Los 30 días de seguimiento son lo que más me atrae, pero me preocupa que después de ese mes volvamos al punto de partida.

**R2 (Análisis de rentabilidad y libertad):**

*   **Rentabilidad:** $200.000 pesos hoy son plata, con la inflación que hay. Si el sistema me permite aumentar la eficiencia, reducir el desperdicio, optimizar el servicio y fidelizar clientes, podría recuperarse en unos meses. Necesitaría preguntarle a Megan casos concretos de otros restaurantes y ver el ROI que tuvieron. También me interesa saber qué tipo de compromiso requiere de mi parte y de mi equipo durante la implementación. Si tengo que estar encima todo el tiempo, no me sirve.
*   **Libertad:** Acá está el punto clave. Mi objetivo principal es tener más tiempo libre para mí y para desarrollar el restaurante desde una perspectiva más estratégica, no resolviendo problemas operativos menores. Si este sistema me permite delegar con confianza y reducir el estrés, vale la pena la inversión. Si solo es una solución temporal, estoy gastando dinero. Los 30 días de acompañamiento son fundamentales para generar ese salto. Puedo pedirle referencias de otros clientes a ver cuáles son sus experiencias.

**Veredicto:**

[VOTO: SÍ]
","Para un dueño de restaurante, bar o cafetería argentino, joven (23 años) y de nivel socioeconómico medio-alto, estas serían algunas razones por las que ciertas estrategias o ideas podrían fallar:

**Considerando su edad y experiencia limitada:**

*   **Falta de experiencia operativa:** A los 23, la falta de experiencia en la gestión diaria de un negocio gastronómico puede ser un obstáculo. Ignorar detalles operativos (gestión de inventario, manejo de personal, optimización de procesos) puede llevar a pérdidas.
*   **Idealismo versus Realidad:** Tener una visión innovadora es genial, pero chocar contra la dura realidad del mercado y las complejidades burocráticas argentinas puede ser frustrante y costoso.
*   **Dificultad para liderar equipos:** A los 23, ganarse el respeto y la confianza de empleados mayores y con más experiencia puede ser un desafío. Una mala gestión del personal, altas tasas de rotación y problemas laborales pueden afectar la calidad del servicio y la rentabilidad.

**Considerando el contexto socioeconómico y político argentino:**

*   **Ignorar la inflación:** Dada su preocupación por la inflación, cualquier plan que NO contemple estrategias para proteger el negocio de la inflación (ajuste de precios, negociación con proveedores, optimización de costos) está destinado al fracaso.
*   **Subestimar la inseguridad:** La inseguridad es un problema real. No invertir en medidas de seguridad (cámaras, alarmas, contratación de personal de seguridad) puede generar pérdidas por robos, afectar la moral del personal y ahuyentar a los clientes.
*   **No anticipar cambios regulatorios:** Las regulaciones y leyes laborales en Argentina son complejas y pueden cambiar con frecuencia. Ignorar estos aspectos legales puede resultar en multas, juicios laborales y cierre del negocio.
*   **Dependencia de un solo proveedor:** La inestabilidad económica argentina hace que depender de un único proveedor sea arriesgado. Si ese proveedor falla, el negocio podría verse afectado.
*   **Marketing ineficiente:** En un mercado competitivo, no invertir en marketing digital y tradicional (redes sociales, publicidad local, promociones) para atraer clientes puede llevar al estancamiento.

**Considerando sus preferencias políticas y religiosas:**

*   **Alienar clientes:** Imponer creencias personales (políticas o religiosas) en el ambiente del restaurante puede alienar a clientes con diferentes puntos de vista.  El cliente busca una experiencia agradable, no un debate político.
*   **Falta de flexibilidad:** Una visión rígida, influenciada por convicciones personales, puede impedirle adaptarse a las necesidades y preferencias de un mercado diverso.

**Considerando sus posibles sesgos personales (hombre, heterosexual, divorciado):**

*   **Marketing no inclusivo:** Ignorar la diversidad de la clientela (género, orientación sexual, identidad de género) en las campañas de marketing puede resultar en una imagen negativa y pérdida de clientes.
*   **Problemas de comunicación:** Asumir ""verdades"" basadas en su propia experiencia de vida (divorcio, perspectiva masculina) puede llevar a malentendidos y conflictos con empleados y clientes.

**Errores comunes en el sector gastronómico:**

*   **Mala ubicación:** Elegir una ubicación con poco tráfico, poca visibilidad o alta competencia puede ser un error fatal.
*   **Menú poco atractivo o mal diseñado:** Un menú confuso, con precios altos o que no se adapte a los gustos locales puede alejar a los clientes.
*   **Mala calidad de los ingredientes:** Escatimar en la calidad de los ingredientes para reducir costos puede afectar el sabor y la reputación del restaurante.
*   **Servicio deficiente:** Un servicio lento, descortés o poco profesional puede arruinar la experiencia del cliente.
*   **Falta de higiene:** La falta de higiene en la cocina y en el salón puede generar problemas de salud y dañar la reputación del restaurante.

En resumen, el éxito de un restaurante en Argentina requiere una combinación de experiencia, conocimiento del mercado local, adaptación a la inestabilidad económica y geopolítica, y una gestión eficiente.  La falta de cualquiera de estos elementos aumenta significativamente el riesgo de fracaso.
","[VOTO: SÍ] Invertir en tecnología para optimizar la gestión y marketing de mi restaurante es crucial para enfrentar la inflación y la competencia.
"
Agent_001,INTJ,NO,ALTA,"¡A ver, a ver qué tenemos aquí! Una jovencita con ínfulas de gurú gastronómico. Interesante...

**R1 (Intuición):** Hmm, la idea de alguien que me rescate del caos diario suena como música celestial. La matriz de crisis, los check-lists... todo eso me atrae. Pero... ¿será que una persona de afuera realmente entiende la idiosincrasia de mi restaurante? Tengo mis dudas. Los WhatsApps diarios también me agobían un poco, la verdad. Prefiero soluciones más autónomas a esta altura de mi vida.

**R2 (Análisis de rentabilidad y libertad):** Dos cientos mil pesos... no es poca cosa. Con eso puedo arreglar el aire acondicionado del salón privado, que está que llora. O comprar una buena cantidad de carne para el asado del domingo. Ahora, si realmente esta ""Megan"" logra que mi gente funcione sola, que no me estén llamando por cada tontería, eso valdría oro. Los tres días de consultoría presencial son valiosos, pero 30 días es poco tiempo para cambiar hábitos arraigados. La comunidad gastronómica me parece un plus interesante, aunque ya tengo mis propios contactos. La rentabilidad de esto descansa en la consistencia futura del sistema. Si no se mantiene, el gasto es superfluo. Y si me da la libertad de no estar pegada al teléfono... ahí sí que es una inversión valiosa.

**Veredicto:**

[VOTO: NO] Demasiado riesgoso. La experiencia me dice que los cambios profundos llevan tiempo y constancia, no 30 días de WhatsApp. Prefiero invertir en capacitar a mi gente con cursos específicos y en mejorar la infraestructura del local.
","Considerando tu perfil como dueña de restaurante argentina de 75 años, con un nivel socioeconómico alto, pensamiento político conservador/liberal, y un miedo profundo a la inflación y la inseguridad económica, voy a analizar por qué ciertas iniciativas podrían fallar. Aquí mis críticas:

**1. Estrategias de Marketing Digital Genéricas:**

*   **Por qué fallaría:** Asumir que todos los dueños de restaurantes (incluyéndote) son digitalmente savvy es un error. Tu edad y experiencia sugieren que preferís una comunicación más directa y personal. Además, las estrategias genéricas no resuenan con la idiosincrasia de tu restaurante, que probablemente tenga una historia y una clientela arraigada.
*   **Ejemplo:** Una campaña masiva en TikTok con bailes virales podría sentirse ajena a la identidad de tu local y hasta contraproducente, alejando a tu clientela tradicional.

**2. Ignorar el Contexto Económico Actual:**

*   **Por qué fallaría:** Ignorar la inflación y la volatilidad del peso argentino es un suicidio empresarial. Tu principal dolor es la inseguridad económica. Cualquier estrategia que no tenga en cuenta la fluctuación de precios, los costos de importación (si los tenés) y la necesidad de proteger el capital, está condenada al fracaso.
*   **Ejemplo:** Invertir fuertemente en publicidad digital pagada en dólares sin un análisis exhaustivo del retorno de la inversión, especialmente con la inflación actual, podría drenar tus recursos rápidamente.

**3. Tendencias Gastronómicas Fugaces y Modas:**

*   **Por qué fallaría:** Adoptar modas pasajeras sin adaptarlas a tu estilo y clientela puede resultar en una pérdida de identidad y una mala inversión. Tu restaurante, probablemente con años de trayectoria, tiene un público específico que valora la consistencia y la calidad.
*   **Ejemplo:** Una carta completamente vegana o una obsesión por la ""alta cocina molecular"" podrían alejar a tus clientes habituales que buscan platos clásicos y abundantes.

**4. Desconectar con la Realidad Local:**

*   **Por qué fallaría:** No entender las particularidades de tu barrio o ciudad puede llevar a decisiones erróneas. Los gustos, las costumbres y el poder adquisitivo varían significativamente entre las distintas zonas de Argentina.
*   **Ejemplo:** Ofrecer un menú excesivamente caro en un barrio de clase media podría resultar en un fracaso, incluso si el menú es de alta calidad.

**5. Mala Gestión de Personal:**

*   **Por qué fallaría:** No valorar la experiencia y lealtad de tu personal, especialmente en un negocio con historia, puede generar conflictos y afectar la calidad del servicio. La rotación de personal es costosa y desestabilizadora.
*   **Ejemplo:** Implementar cambios drásticos en la gestión o los salarios sin consultar a tu personal de confianza podría resultar en renuncias y una disminución de la moral.

**6. Ignorar la Competencia (Especialmente la Informal):**

*   **Por qué fallaría:** En Argentina, la competencia informal (negocios sin registrar, venta ambulante, etc.) es una realidad. Ignorarla y no adaptar tus precios y ofertas puede resultar en una pérdida de clientes.
*   **Ejemplo:** Cobrar precios excesivamente altos en comparación con los ""carritos"" o puestos callejeros que ofrecen comida similar, sin ofrecer un valor agregado significativo (ambiente, servicio, etc.), podría afectar tu rentabilidad.

**7. Falta de Adaptación a las Nuevas Regulaciones:**

*   **Por qué fallaría:** Argentina es conocida por sus regulaciones cambiantes y a veces complejas. No estar al día con las normativas laborales, impositivas, de seguridad alimentaria, etc., puede acarrear multas, clausuras y otros problemas legales.
*   **Ejemplo:** No cumplir con las nuevas regulaciones sobre etiquetado nutricional o medidas de higiene post-pandemia podría generar problemas con las autoridades sanitarias.

En resumen, cualquier estrategia que ignore tu perfil, tu experiencia, tus miedos y la realidad económica y social argentina, tiene altas probabilidades de fallar. La clave está en aplicar las nuevas ideas y tecnologías de manera inteligente, adaptándolas a tu estilo y a las necesidades de tu clientela, sin perder de vista la necesidad de proteger tu inversión y mantener la rentabilidad en un entorno volátil.
","[VOTO: NO] No creo que sea una buena idea, prefiero esperar y ver cómo evoluciona la situación económica.
"
Agent_097,ENFJ,SÍ,ALTA,"Okay, analicemos esto paso a paso, como buena ENFJ que soy, considerando la propuesta de Megan y mis mayores preocupaciones.

**R1 (Intuición):**

Uff, la verdad es que me llama la atención. La idea de tener un manual blindado y protocolos claros para el equipo es súper atractiva. ¡Basta de que me llamen por cada cosita! La matriz de manejo de crisis suena invaluable, especialmente con la inestabilidad que vivimos. La consultoría presencial me da un poco de resquemor, porque ya tuve malas experiencias donde el consultor te pinta todo divino y después desaparece... Pero la promesa de una comunidad gastronómica suena genial para conectar con otros colegas y compartir ideas. El precio... $200.000, en este contexto, es una inversión importante. Pero la idea de ""control"" y de que el equipo resuelva solo me hace ojitos.

**R2 (Análisis de rentabilidad y libertad):**

A ver, el ROI acá es difícil de calcular directamente. No es como una inversión en publicidad que podés medir en ventas. Acá estamos hablando de eficiencia, reducción de errores, menos rotación de personal (si se sienten más seguros con los protocolos), y sobre todo... mi libertad. Si el sistema realmente funciona, podría salirme del día a día y enfocarme en la estrategia, en mejorar la carta, en pensar en expansión... ¡o incluso tomarme unas vacaciones! Si la consultoría, el manual y el seguimiento realmente logran eso, entonces vale la pena. Ahora, $200.000 es plata si después tengo que seguir apagando incendios, pero si logro delegar y tener un equipo más autónomo, se paga solo. La clave acá es la GARANTÍA DE SEGUIMIENTO. 30 días está bueno, pero... ¿será suficiente? ¿Qué pasa al mes y medio cuando surgen problemas nuevos? ¿La comunidad realmente funciona o es solo un grupo de WhatsApp abandonado?

**Veredicto:**

[VOTO: SÍ]

La garantía de seguimiento, aunque corta, es lo que me da un empujón. La auditoría diaria y la resolución en tiempo real durante el primer mes son fundamentales para implementar los cambios y ajustar lo que no funcione. Si veo que en esos 30 días el equipo realmente empieza a internalizar los procesos y a resolver problemas por sí solos, entonces la inversión estará justificada. La comunidad gastronómica es un plus interesante, pero lo crucial es que Megan cumpla con lo prometido durante ese primer mes y siente las bases para un sistema sólido a largo plazo. El miedo a la inflación me hace temblar, y tener un sistema más eficiente me ayuda a mitigar ese riesgo. Asumo el riesgo, pero voy a estar MUY atenta a esos 30 días.
","Para un dueño de restaurante argentino con las características descritas, una propuesta o estrategia podría fallar por los siguientes motivos, considerando su contexto específico:

**1. Ignorar o minimizar la inflación y la inestabilidad económica:**

*   **El problema:** Cualquier estrategia que no tenga en cuenta la altísima inflación argentina, la fluctuación del dólar y la incertidumbre económica está destinada al fracaso. Fijar precios, planificar a largo plazo sin contemplar ajustes por inflación, o ignorar los costos crecientes de los insumos son errores fatales.
*   **Por qué fallaría:** Perdería dinero rápidamente, incapacidad para adaptarse a los cambios de precios de los proveedores, y descontento de los clientes por precios impredecibles. La ""angustia"" principal de este dueño es el miedo a la inflación, por lo que cualquier propuesta que no lo contemple sería completamente inaceptable.

**2. Desconocer la idiosincrasia del cliente argentino:**

*   **El problema:** Argentina tiene una cultura gastronómica muy particular. Intentar imponer tendencias extranjeras sin adaptarlas al paladar local, descuidar la calidad de la carne en una parrilla, o no ofrecer opciones vegetarianas o veganas en un local moderno, son errores comunes.
*   **Por qué fallaría:** Rechazo del público, baja afluencia de clientes, reputación negativa.

**3. Subestimar la importancia del ""boca a boca"" y la atención personalizada:**

*   **El problema:** En Argentina, la recomendación personal y el trato cercano siguen siendo cruciales. Descuidar la atención al cliente, no responder a las quejas, o ignorar las opiniones en redes sociales pueden ser perjudiciales.
*   **Por qué fallaría:** Rápida difusión de críticas negativas, pérdida de clientes leales, dificultad para atraer nuevos comensales.

**4. No comprender el mercado laboral argentino:**

*   **El problema:** La legislación laboral argentina es compleja y puede representar un alto costo para el empleador. No cumplir con las regulaciones, ofrecer salarios bajos, o tener una alta rotación de personal impacta negativamente en la rentabilidad y la calidad del servicio.
*   **Por qué fallaría:** Demandas laborales, multas, falta de personal capacitado, mal ambiente laboral.

**5. No adaptarse al nivel de digitalización del público objetivo:**

*   **El problema:** Si bien este dueño tiene cierto nivel de digitalización, no todos sus clientes lo tienen. Ignorar a los clientes que prefieren el contacto telefónico o la visita en persona, o no ofrecer métodos de pago alternativos, puede limitar el alcance del negocio.
*   **Por qué fallaría:** Segmentación incorrecta del mercado, pérdida de clientes potenciales.

**6. No considerar los costos fijos y variables en la planificación:**

*   **El problema:**  No tener un control exhaustivo de los costos fijos (alquiler, impuestos, servicios) y variables (insumos, personal eventual) puede llevar a una gestión financiera deficiente.
*   **Por qué fallaría:** Falta de rentabilidad, endeudamiento, imposibilidad de afrontar imprevistos.

**7. Ignorar la competencia local:**

*   **El problema:** No analizar la oferta de otros restaurantes en la zona, no diferenciarse de la competencia, o imitar estrategias sin adaptarlas al propio negocio, puede ser contraproducente.
*   **Por qué fallaría:** Falta de atractivo para los clientes, guerras de precios, pérdida de cuota de mercado.

**8. No tener un plan de marketing efectivo:**

*   **El problema:**  No invertir en publicidad, no utilizar redes sociales de manera estratégica, o no ofrecer promociones atractivas puede limitar el conocimiento de la marca y la captación de nuevos clientes.
*   **Por qué fallaría:** Baja visibilidad, dificultad para atraer clientes, desperdicio de recursos en estrategias ineficaces.

**9. No buscar financiamiento adecuado:**

*   **El problema:**  Depender exclusivamente de capital propio o recurrir a préstamos con tasas de interés elevadas puede poner en riesgo la viabilidad del negocio, especialmente en un contexto de alta inflación.
*   **Por qué fallaría:** Endeudamiento excesivo, falta de liquidez, imposibilidad de realizar inversiones necesarias.

**En resumen, para que una propuesta tenga éxito con este perfil de dueño de restaurante, DEBE:**

*   Tener un plan sólido para mitigar los riesgos de la inflación y la inestabilidad económica.
*   Respetar la cultura gastronómica argentina y adaptarse a las preferencias del cliente local.
*   Priorizar la atención al cliente y la construcción de relaciones a largo plazo.
*   Cumplir con las regulaciones laborales y ofrecer condiciones de trabajo justas.
*   Considerar diferentes canales de comunicación y métodos de pago para llegar a todos los segmentos del mercado.
*   Tener un control estricto de los costos y un plan financiero sólido.
*   Analizar la competencia y diferenciarse de manera efectiva.
*   Invertir en marketing y publicidad para aumentar la visibilidad de la marca.
*   Buscar financiamiento adecuado con tasas de interés razonables.

Cualquier propuesta que ignore estos puntos críticos tiene una alta probabilidad de fracasar.
","[VOTO: SÍ] Invierto, buscando refugio en activos dolarizados para mitigar el impacto de la inflación y la incertidumbre económica.
"
Agent_029,INTJ,NO,ALTA,"Bien, veamos esta propuesta de Megan. Con mis 73 años y unas cuantas crisis gastronómicas encima, a veces pienso que ya lo vi todo. Pero uno nunca sabe…

**R1 (Intuición):**

Mmm, me suena a chamuyo moderno, pero con buenas intenciones. El ""Manual Blindado"" y la ""Matriz de Manejo de Crisis"" me recuerdan a esos cursos de management que hice en los 90. La consultoría presencial, bueno, depende de qué tan prácticos sean esos 3 días. La comunidad gastronómica me interesa, aunque ya tengo mi círculo de colegas con los que puteamos bastante seguido. Lo que más me llama la atención es el seguimiento por WhatsApp. Eso sí podría ser útil para ver si el equipo realmente aplica lo aprendido. Los 200.000 pesos… uff, con la inflación que tenemos te diría si es mucho o poco en una semana.

**R2 (Análisis de rentabilidad y libertad):**

A ver, saquemos la calculadora. Si este sistema realmente funciona y reduce la cantidad de veces que me llaman por boludeces, liberaría como mínimo… pongámosle 1 hora por día. 30 horas al mes. Si mi hora vale, no sé, $2000 (siendo conservador), son $60.000 al mes. En poco más de tres meses recuperaría la inversión, si todo sale bien, y dejando de lado la inflación... Además, si los empleados resuelven más cosas solos, me podría tomar algún día libre de verdad, aunque a mi edad lo que necesito es una buena siesta, no irme a la playa. El tema es, ¿realmente van a cambiar las cosas en 3 días de consultoría y 30 días de WhatsApp? No sé yo…

**Veredicto:**

[VOTO: NO]

Si bien el seguimiento por WhatsApp es un buen gancho, no me convence que 30 días sean suficientes para que un sistema nuevo se arraigue y funcione solo. Demasiado riesgo para mí. Prefiero seguir lidiando con mis empleados a mi manera, que ya los conozco y sé hasta dónde pueden llegar. Además, por esa plata casi pongo un asistente personal.
","Okay, entiendo el contexto. Considerando que soy un dueño de restaurante argentino de 73 años, con un perfil INTJ, centro-progresista, ateo/agnóstico, votante de Milei y preocupado por la economía y el poder adquisitivo, aquí te presento un análisis crítico de por qué algo podría fallar, tomando en cuenta mi perspectiva:

**Fallaría Si... (Desde mi Perspectiva):**

*   **Falta de Realismo Económico:** Si la propuesta o idea ignora la inflación galopante, la presión impositiva, los costos laborales y las dificultades para acceder a financiamiento en Argentina. Un plan que no considere la volatilidad del peso y la incertidumbre económica está destinado al fracaso.
*   **Desconexión con la Realidad del Rubro Gastronómico:** Si la estrategia no entiende las particularidades del negocio de restaurantes en Argentina. Por ejemplo:
    *   **Gustos locales:** Asumir que tendencias internacionales van a pegar fuerte sin adaptación. El argentino es tradicional en la comida.
    *   **Proveedores:** Ignorar la dificultad para conseguir insumos de calidad a precios razonables, o no tener en cuenta la dependencia de ciertos proveedores.
    *   **Personal:** No considerar la formación y capacitación del personal, la alta rotación y la dificultad para encontrar empleados comprometidos.
    *   **Regulaciones:** No navegar correctamente las complejidades burocráticas y las regulaciones municipales, provinciales y nacionales.
*   **Falta de Adaptación a la Digitalización:**  Si la propuesta asume que todos los dueños de restaurantes, especialmente los de mi edad, son expertos en tecnología.  Aunque sé que la digitalización es importante, no soy un nativo digital. Una estrategia que dependa exclusivamente del marketing online, redes sociales complejas, o sistemas sofisticados sin ofrecer una transición gradual y soporte adecuado, me abrumaría.
*   **Ignorar la Competencia Local:** Si la idea no analiza a fondo la competencia en mi zona, tanto directa (otros restaurantes similares) como indirecta (supermercados, delivery, etc.). No entender qué hacen bien ellos y qué puedo ofrecer yo de diferente.
*   **Falta de Enfoque en la Rentabilidad:**  Si la propuesta se centra en la innovación o la ""onda"" sin considerar el retorno de la inversión. A mi edad, y con la economía como está, necesito ver números concretos y un plan claro para aumentar la rentabilidad de mi negocio.
*   **Desconocimiento del Consumidor Argentino:** Si la estrategia ignora los hábitos de consumo, el poder adquisitivo del cliente y la importancia del ""boca en boca"". El argentino valora mucho la relación precio-calidad y la experiencia en el local.
*   **Desprecio por la Tradición:** Si la propuesta intenta modernizar mi restaurante eliminando aspectos que lo hacen único y atractivo para mi clientela fiel. No se trata de borrar la historia, sino de adaptarla a los tiempos.

**Ejemplos Concretos:**

*   **Una plataforma de delivery con comisiones altísimas:** Imposible de sostener con los márgenes actuales.
*   **Un software de gestión complejísimo:**  Me tomaría demasiado tiempo aprender a usarlo y no lo aprovecharía al máximo.
*   **Una campaña de marketing digital genérica:** Llegaría a un público que no me interesa y no generaría ventas.
*   **Un menú completamente ""deconstructurador"":** Alejaría a mis clientes de siempre que buscan comida tradicional y abundante.

**En resumen, para que algo funcione conmigo (y con muchos dueños de restaurantes como yo), necesita ser:**

*   **Práctico y realista:**  Adaptado a la realidad económica y al contexto del rubro gastronómico argentino.
*   **Rentable:**  Con un plan claro para aumentar los ingresos y reducir los costos.
*   **Sencillo de implementar:**  Con soporte y capacitación adecuada para superar la brecha digital.
*   **Respetuoso de la tradición:**  Aprovechando lo que funciona y adaptándolo a los nuevos tiempos.
*   **Focalizado en el cliente:**  Entendiendo sus necesidades y ofreciéndole una experiencia de calidad.

Si la propuesta falla en alguno de estos puntos, seguramente la rechazaría de plano. Espero que este análisis crítico sea útil.
","[VOTO: NO] No creo que sea una buena idea.
"
Agent_096,ENTJ,SÍ,ALTA,"Okay, ¡vamos a analizar la propuesta de Megan! Acá va mi reacción como dueña de restaurante argentina, laburante y con la soga al cuello, tratando de ver si esta inversión vale la pena.

**R1 (Intuición):**

Uff, me llama la atención lo de ""De Caos a Control"". Suena a música celestial. Necesito desesperadamente algo que me saque laburo de encima y que el equipo no me esté llamando por cada cosa. La ""Matriz de Manejo de Crisis"" es un golazo en potencia, si está bien hecha. La consultoría presencial suena intensiva (y agotadora jaja), pero necesaria. La comunidad me intriga, podría ser útil. El tema es... ¿cumplirán con lo que prometen? Porque ya me he comido varios sapitos con este tipo de cosas. Los $200.000 me duelen en el alma, pero si realmente funciona, podría ser una inversión... *podría*.

**R2 (Análisis de rentabilidad y libertad):**

Bien, veamos los números fríamente. $200.000 es *mucha* plata. Con eso pago casi parte de un alquiler para este mes. Necesito ver si el valor que me ofrecen realmente justifica semejante gasto.

*   **Rentabilidad Directa:** ¿Cuánto tiempo *diario* pierdo apagando incendios y resolviendo problemas pavos? Si Megan logra reducir *significativamente* ese tiempo, podría dedicarme a tareas que realmente hagan crecer el negocio: marketing, buscar mejores proveedores, analizar el menú...  Pongamos que, en promedio, pierdo 2 horas diarias en este tipo de cosas. A mi ritmo actual, esas 2 horas ""valen"" (en términos de potencial aumento de ingresos) unos $50.000 al mes. Si Megan me ahorra *la mitad* de ese tiempo, ya voy cubriendo parte de la inversión.
*   **Libertad Personal:**  Esto es crucial. No puedo más de vivir pegada al teléfono y al restaurante. Si la ""Matriz de Manejo de Crisis"" realmente empodera al equipo y la auditoría de WhatsApp de Megan me da tranquilidad, podría recuperar algunas horas al día para ver a mis hijos, o (¡utopía!) para hacer algo que me guste. Eso, para mí, no tiene precio.

El tema clave acá es la GARANTÍA DE SEGUIMIENTO. Si Megan realmente está *presente* durante esos 30 días, resolviendo dudas en tiempo real y asegurándose de que el sistema se implemente correctamente, entonces la balanza podría inclinarse a favor. Pero tengo que hacerle preguntas puntuales sobre cómo es ese seguimiento y qué tipo de problemas suele resolver.

**Veredicto:**

[VOTO: NO]

**Explicación:**

Aunque la propuesta de Megan me tienta mucho, sigo teniendo dudas sobre la efectividad real del programa.  Los $200.000 son una inversión arriesgada, y la garantía de seguimiento de 30 días, si bien es atractiva, no me convence del todo de que el sistema vaya a mantenerse en pie una vez que Megan se vaya. Necesitaría hablar con clientes anteriores de ella y obtener referencias sólidas antes de tomar una decisión. El riesgo sigue siendo alto en mi situación actual. Prefiero invertir esos $200.000 en algo más tangible y con un retorno más predecible, como mejoras en la cocina o una campaña de marketing agresiva.
","Para un dueño/a de restaurante, bar o cafetería en Argentina, de 37 años, género femenino, nivel socioeconómico bajo, ENTJ, casado/a con hijos, ateo/agnóstico, votante de Massa, proveniente de una escuela pública, pensamiento político centro-progresista, con el ADN de dolor centrado en el miedo a no llegar a fin de mes y perder el poder adquisitivo, y cuyo ocio es el gaming, varias cosas podrían hacer fallar una iniciativa o estrategia:

**Considerando su ADN de Dolor y Nivel Socioeconómico:**

*   **Soluciones ""premium"" o costosas iniciales:** Cualquier cosa que requiera una inversión grande al principio, sin una garantía de retorno rápido y tangible, generará muchísima resistencia. Por ejemplo, un sistema de gestión de reservas ultra sofisticado con un alto costo mensual o una campaña de marketing digital compleja con una agencia costosa. Su prioridad es la supervivencia diaria y la estabilidad financiera inmediata.
*   **Falta de apoyo o capacitación:** Introducir tecnología o cambios en procesos sin un acompañamiento adecuado y personalizado. Si necesita aprender algo nuevo, necesita que sea fácil de entender, paso a paso y con soporte accesible. Un curso online genérico o un manual técnico no serán suficientes. Necesita sentir que está aprendiendo algo práctico y ver los resultados rápidamente.
*   **Ignorar el contexto económico actual:** Argentina está atravesando una crisis económica importante. Cualquier solución que ignore la inflación, la fluctuación del dólar o la dificultad para acceder a financiamiento está destinada al fracaso. Por ejemplo, promocionar un menú con precios fijos por mucho tiempo, sin tener en cuenta la inflación, sería un error.
*   **No considerar la cultura ""del rebusque"":** Las soluciones deben ser prácticas y adaptables a la realidad del día a día. Ideas demasiado teóricas o idealistas, sin considerar la flexibilidad y la capacidad de improvisación que requiere el contexto argentino, no funcionarán.

**Considerando su Personalidad ENTJ (El Comandante):**

*   **Falta de control y visión clara:** Como ENTJ, le gusta tener el control y una visión clara de hacia dónde va. Si una propuesta es vaga, ambigua o le hace sentir que está perdiendo el control de su negocio, la rechazará. Necesita ver la lógica y el potencial de rentabilidad de la inversión/cambio.
*   **Demasiada burocracia o procesos lentos:** Los ENTJ son personas eficientes y orientadas a resultados. Si para implementar una solución tiene que lidiar con trámites engorrosos, papeleo innecesario o demoras burocráticas, se frustrará y abandonará.
*   **Falta de desafíos y oportunidades de crecimiento:** Si la solución es demasiado simple o no le ofrece la posibilidad de aprender y crecer como dueña de negocio, perderá el interés. Necesita sentirse desafiada y ver que está progresando constantemente.

**Considerando su Ocio (Gaming):**

*   **Desconexión con el entretenimiento:** Aunque juegos o mecánicas inspiradas en el gaming (gamification) podrían ser útiles, una solución que se base EXCLUSIVAMENTE en este aspecto sin considerar la viabilidad del negocio sería ingenua. El gaming es ocio, no una solución mágica para problemas económicos.

**Considerando su Pensamiento Político (Centro-Progresista) y Voto a Massa:**

*   **Ignorar las políticas gubernamentales o sociales:** Una iniciativa que ignore las políticas gubernamentales, los derechos laborales o las preocupaciones sociales de sus empleados y clientes (por ejemplo, promociones discriminatorias o prácticas laborales abusivas) podría generar un rechazo importante.
*   **Apoyar explícitamente posturas polarizadas:** Mostrar un apoyo descarado a posturas políticas extremas, especialmente si son contrarias a sus valores, podría alienar a una parte importante de su clientela y generarle mala reputación.

**En Resumen:**

Para que una iniciativa tenga éxito con este perfil, debe ser:

*   **Asequible y con retorno rápido:** Minimizar la inversión inicial y maximizar el potencial de ganancias a corto plazo.
*   **Práctica y adaptable:** Considerar la realidad del día a día de un restaurante en Argentina.
*   **Fácil de implementar y con soporte personalizado:** Ofrecer capacitación accesible y apoyo constante.
*   **Transparente y con control:** Permitirle mantener el control de su negocio y ver los resultados de forma clara.
*   **Desafiante y con oportunidades de crecimiento:** Ofrecerle la posibilidad de aprender, innovar y mejorar su negocio.
*   **Sensible al contexto político y social:** Considerar las políticas gubernamentales, los derechos laborales y las preocupaciones sociales.

Lo más importante es comprender sus prioridades, sus miedos y sus ambiciones. Una solución que no aborde sus necesidades específicas y que no se adapte a su realidad tendrá muy pocas posibilidades de éxito.
","[VOTO: SÍ] Considero que la propuesta tiene potencial para aliviar mi angustia principal respecto a la inestabilidad económica y el miedo a perder poder adquisitivo.
"
Agent_099,ISTJ,NO,ALTA,"¡A ver qué tal pinta esto!

**R1 (Intuición):** Me llama la atención el nombre ""Manual Blindado"", suena como una solución concreta, algo que puedo implementar ya. La matriz de crisis también me da confianza, porque justamente uno de mis mayores dolores es que mi equipo me llame por cualquier pavada. La consultoría presencial es un plus, pero lo que realmente me atrae es el seguimiento por WhatsApp, ¡eso me da mucha seguridad! La comunidad gastronómica suena interesante para hacer networking y conseguir buenos proveedores.

**R2 (Análisis de rentabilidad y libertad):** $200.000 no es moco de pavo, pero si realmente me libero de tener que estar constantemente resolviendo problemas de mi equipo, vale la pena. A ver, si calculo que me ahorro unas 10 horas semanales dedicadas a apagar incendios, y esas 10 horas las puedo dedicar a pensar en estrategias para hacer crecer el negocio (marketing, nuevos platos, optimización de costos), la inversión se paga sola en unos pocos meses. El seguimiento por WhatsApp es crucial, porque ahí veo si realmente el sistema funciona y si el equipo lo está aplicando bien. Si a los 30 días veo que el sistema se cae, entonces no me sirve para nada.

**Veredicto:** [VOTO: SÍ]
","Entiendo. Asumiendo que ""esto"" se refiere a una iniciativa o estrategia propuesta para el sector gastronómico argentino, y considerando mi perfil (dueño de restaurante de 37 años, CABA, nivel socioeconómico medio-alto, ISTJ, evangélico, votante de Kicillof, educación en universidad privada, pensamiento político de centro-derecha, miedo a la inflación y la inseguridad económica, aficionado a los videojuegos), aquí va un análisis crítico de posibles puntos débiles:

**1. Falta de Consideración de la Heterogeneidad del Sector:**

*   **Crítica:** Una estrategia universal para ""Dueños de Restaurantes AR"" es inherentemente problemática. El sector es sumamente diverso. No es lo mismo un restaurante histórico en San Telmo que una franquicia en un shopping de Córdoba.
*   **Por qué fallaría:** Ignorar las particularidades de cada tipo de negocio (tamaño, ubicación, target, modelo de gestión) resultaría en soluciones ineficaces para la mayoría, o incluso contraproducentes para algunos.
*   **Ejemplo:** Una campaña de marketing digital agresiva podría ser excelente para un café de especialidad en Palermo, pero inútil o incluso perjudicial para una parrilla tradicional en un pueblo de provincia.

**2. Desconexión con la Realidad Económica Argentina:**

*   **Crítica:** La inestabilidad económica (inflación, devaluación) es el principal dolor de cabeza del sector. Cualquier estrategia que no aborde este problema de frente está destinada al fracaso.
*   **Por qué fallaría:** Asumir parámetros económicos estables o predecibles es un error fatal. Los costos fluctúan constantemente, los precios deben ajustarse, y la rentabilidad es una variable en permanente peligro.
*   **Ejemplo:** Un programa de créditos blandos ofrecidos en pesos a una tasa que rápidamente queda desactualizada por la inflación, termina siendo una trampa.

**3. Ignorar el Entorno Político y Regulatorio:**

*   **Crítica:** Las regulaciones laborales, impositivas, sanitarias, y las cambiantes políticas económicas (control de precios, restricciones a la importación) impactan directamente en la viabilidad de los negocios gastronómicos.
*   **Por qué fallaría:** No anticipar los cambios en las reglas de juego o no ofrecer alternativas para adaptarse a ellas, hace que cualquier plan sea vulnerable.
*   **Ejemplo:** Una inversión fuerte en infraestructura para ampliar un local, sin considerar la posibilidad de nuevas restricciones horarias o limitaciones al aforo, podría ser un error catastrófico.

**4. Falta de Digitalización y Adaptación Tecnológica:**

*   **Crítica:** Aunque la adopción de tecnología ha avanzado, aún hay una brecha importante en el sector, especialmente entre los negocios más pequeños y los de mayor edad.
*   **Por qué fallaría:** No integrar soluciones digitales (pedidos online, gestión de stock, marketing digital, análisis de datos) implica perder competitividad y eficiencia.
*   **Ejemplo:** Un restaurante que se niega a ofrecer delivery o a gestionar reservas online, pierde una parte importante del mercado.

**5. Desconocimiento de la Cultura y las Preferencias del Consumidor Argentino:**

*   **Crítica:** El consumidor argentino es exigente, informado y valora la calidad, la experiencia y la relación precio-calidad.
*   **Por qué fallaría:** Ofrecer productos o servicios que no se ajustan a sus gustos o necesidades, o descuidar la atención al cliente, resulta en la pérdida de clientes y mala reputación.
*   **Ejemplo:** Intentar imponer una ""moda"" gastronómica extranjera sin adaptarla al paladar local, o ser inflexible ante las quejas de los clientes, es una receta para el desastre.

**6. Mi Sesgo Personal (ISTJ):**

*   **Crítica:** Mi perfil ISTJ, con su foco en la lógica, la tradición y la planificación, podría hacerme ser demasiado conservador y resistente al cambio.
*   **Por qué fallaría:** Podría subestimar la importancia de la innovación, la creatividad y la adaptación a las nuevas tendencias.
*   **Ejemplo:** Podría rechazar una nueva plataforma de marketing digital porque ""siempre he hecho las cosas de esta manera"", perdiendo oportunidades de llegar a nuevos clientes.

**7. Mi Situación Socioeconómica:**

*   **Crítica:** Mi nivel socioeconómico medio-alto podría cegarme a las realidades de los restaurantes con menor capacidad de inversión o que operan en zonas más vulnerables.
*   **Por qué fallaría:** Podría proponer soluciones que son inalcanzables para una parte importante del sector.
*   **Ejemplo:** Sugerir la contratación de un consultor de marketing costoso, sin considerar que muchos pequeños restaurantes no pueden afrontar ese gasto.

**8. Mi Voto a Kicillof y Pensamiento Político de Centro-Derecha:**

*   **Crítica:** Existe una tensión inherente entre estas dos ideas. Esto podría generar prejuicios inconscientes al analizar políticas o propuestas.
*   **Por qué fallaría:** Podría rechazar ideas que provengan de un sector político opuesto, aun cuando sean beneficiosas para mi negocio, o viceversa.
*   **Ejemplo:** Podría oponerme a un programa de subsidios estatales por considerarlo ""asistencialista"", aun cuando podría ayudar a mi restaurante a superar una crisis.

**En resumen,** cualquier iniciativa para el sector gastronómico argentino debe ser flexible, adaptable a la realidad económica, atenta al entorno político y regulatorio, fomentar la digitalización, conocer al consumidor, y ser consciente de los sesgos personales.  Si ""esto"" ignora alguno de estos puntos, las posibilidades de fracaso son altas.
","[VOTO: NO] No considero que sea el momento adecuado debido a la inestabilidad económica y la inflación.
"
Agent_042,ESFP,SÍ,ALTA,"Okay, analicemos la propuesta de Megan!

**R1 (Intuición):**

Uff, suena tentador. Lo de ""caos a control"" me llama mucho, porque a veces siento que apago incendios todo el tiempo. La idea del manual y la matriz de crisis me dan esperanza de que mis empleados puedan resolver problemas sin tener que venir corriendo a mí por cada cosa. La consultoría presencial también está buena, porque necesito que alguien venga y vea cómo funcionamos acá en el día a día. Lo de la comunidad me da un poco igual, pero el acompañamiento por WhatsApp durante un mes suena como un salvavidas. Sigo teniendo ese miedo de que todo vuelva a ser un desastre cuando se vaya, pero... quizás esto es lo que necesito.

**R2 (Análisis de rentabilidad y libertad):**

*   **Rentabilidad:** $200.000 es un *montonazo*. Tendría que ver cuánto tiempo me ahorro realmente con esto. Si logro delegar más y enfocarme en la estrategia del negocio (pensar en un nuevo menú, marketing, etc.) quizás sí se justifica. También habría que ver si puedo aumentar la eficiencia y reducir errores, que eso afecta directamente la rentabilidad.
*   **Libertad:** Este es el punto clave. SI realmente me libera de tener que estar presente en cada minucia, vale la pena totalmente. Poder tomarme un día libre sin que el restaurante se caiga a pedazos es un sueño. Pensar en poder delegar más tareas y tener tiempo para mí o para mi familia... ¡Es invaluable! Pero tengo que ser realista: ¿un mes de acompañamiento es suficiente?

**Veredicto:**

[VOTO: SÍ]

A pesar de que $200.000 es una suma importante y me da cierto temor, el acompañamiento de 30 días con auditoría diaria y la matriz de crisis me dan la confianza de que el sistema podría funcionar a largo plazo. Necesito desesperadamente más tiempo y menos estrés. Si Megan cumple su promesa de transformar el caos en control y, sobre todo, si la matriz de crisis es tan efectiva como dice, la inversión se justifica. Le daré una oportunidad.
","Para responder a tu pregunta siendo crítico y basándome en mi contexto como dueña de restaurante de 30 años en Argentina, te diré por qué una iniciativa o propuesta podría fallar, teniendo en cuenta mi ""ADN de dolor"" (el miedo a no llegar a fin de mes y perder poder adquisitivo):

**Considerando el contexto macroeconómico argentino actual, las razones por las que una iniciativa podría fallar serían:**

*   **Precios inestables e inflación:** Si la iniciativa requiere inversiones iniciales o implica costos operativos significativos que son sensibles a la inflación, es probable que falle. La constante necesidad de ajustar precios y lidiar con proveedores que cambian las tarifas semanalmente (o incluso diariamente) hace que planificar y mantener la rentabilidad sea casi imposible.

*   **Dolarización no oficial:** Muchos proveedores fijan precios en dólares o un equivalente cercano (como el dólar blue). Si la iniciativa no considera esta ""dolarización"" implícita en la economía real, los cálculos de costos serán inexactos y llevarán a pérdidas.

*   **Impuestos y regulaciones complejas:** Argentina tiene un sistema impositivo muy complejo y volátil. Una iniciativa que no tenga en cuenta la carga impositiva y los costos de cumplimiento normativo (como contratar un contador especializado) se verá rápidamente sofocada.

*   **Disminución del consumo:** Si la iniciativa depende de un alto volumen de ventas, la actual caída del poder adquisitivo de la población podría hacerla inviable. La gente está priorizando gastos esenciales, y salir a comer o beber se considera un lujo.

*   **Incertidumbre política y regulatoria:** Los constantes cambios en las políticas gubernamentales y las regulaciones laborales generan mucha incertidumbre. Una iniciativa a largo plazo podría volverse obsoleta o inviable si las reglas del juego cambian repentinamente.

**Considerando mi perfil específico (dueña de restaurante, 30 años, ESFP, etc.):**

*   **Falta de foco en la experiencia del cliente:** Si la iniciativa está demasiado centrada en eficiencia o reducción de costos, y descuida la calidad de la comida, el ambiente o el servicio (que son cruciales para un restaurante), fracasará. Como ESFP, valoro la experiencia y la conexión con los clientes.

*   **Inapropiado para el segmento de mercado:** La iniciativa podría no resonar con mi base de clientes actual, especialmente si se aleja de lo que esperan de mi restaurante.

*   **Resistencia al cambio del personal:** Introducir cambios disruptivos sin involucrar al personal y abordar sus preocupaciones puede generar resistencia y afectar la calidad del servicio.

*   **Poca flexibilidad:** Falta de adaptación a nuevas tecnologías. Falta de capacitación del personal. Falta de enfoque en RRSS.

**En resumen:**

Cualquier iniciativa que ignore la realidad económica argentina, la sensibilidad de los precios y la incertidumbre política, y que además no tenga en cuenta la experiencia del cliente y las necesidades de mi personal, tiene una alta probabilidad de fallar. El éxito en este contexto requiere una mentalidad pragmática, agilidad para adaptarse a los cambios y un enfoque constante en la calidad y la satisfacción del cliente.
","[VOTO: SÍ] Considero viable enfocar mis esfuerzos en este segmento, ya que la diversidad presente me permitiría ofrecer soluciones adaptadas a cada necesidad y nivel de digitalización.
"
Agent_063,ENFJ,SÍ,ALTA,"Ok, entiendo la propuesta de Megan. A ver... ¡Manos a la obra!

**R1 (Intuición):**

Uy, la verdad es que me llama la atención. Un sistema para poner orden en el local suena genial. Lo de la ""Matriz de Manejo de Crisis"" pinta bien, porque a veces siento que mi equipo me llama por cualquier cosita. La consultoría presencial y la garantía de seguimiento me dan cierta tranquilidad, como que no me dejan solo/a después de la primera semana. La comunidad también suena interesante, siempre es bueno tener con quién charlar de estos temas.

**R2 (Análisis de Rentabilidad y Libertad):**

A ver, $200.000... No es poca plata, hay que ser sinceros. Pero si Megan realmente logra que el equipo se maneje solo, y tengo menos dolores de cabeza por problemas operativos, eso vale oro. Pienso en cuántas horas paso apagando incendios en lugar de enfocarme en mejorar el menú, la experiencia del cliente, o incluso salir a buscar nuevos proveedores. Si el sistema realmente funciona, podría recuperar la inversión en unos meses, digamos... con la mejora en la eficiencia y menos errores.

Los 30 días de auditoría vía WhatsApp son claves. Ahí es donde se ve si el sistema realmente se sostiene en el tiempo. Si Megan está encima ese primer mes, corrigiendo cosas y asegurándose de que el equipo lo aplica bien, la inversión tiene sentido.

**Veredicto:**

[VOTO: SÍ]
","Para responder a tu pregunta, necesito saber a qué te refieres con ""esto"". Por favor, especifica a qué proyecto, idea, plan o situación te refieres, para que pueda analizarlo críticamente y explicarte por qué podría fallar.

Por ejemplo, podrías preguntar:

*  ""¿Por qué fallaría implementar un nuevo menú en mi restaurante?""
*  ""¿Por qué fallaría un plan de marketing que estoy diseñando?""
*  ""¿Por qué fallaría mi idea de abrir una franquicia de un café de especialidad en esta ciudad?""

Cuanto más específico seas con tu pregunta, mejor podré ayudarte a identificar los posibles puntos de falla, considerando tu contexto como dueña de restaurante en Argentina.
","[VOTO: SÍ] Recomendaría esta opción, considerando el miedo a la inflación y la necesidad de estrategias para mitigar la inseguridad económica en el sector gastronómico.
"
Agent_055,ENTP,NO,ALTA,"Bien, vamos a analizar la propuesta de Megan metiéndonos en la piel de un dueño de restaurante argentino con las características que me asignaste. Acá va mi reacción:

**R1 (Intuición):**

Uff, esto suena como música para mis oídos. La idea de tener un sistema que funcione solo, sin que yo esté apagando incendios todo el tiempo, es justo lo que necesito. La ""Matriz de Manejo de Crisis"" me da mucha tranquilidad, porque la incertidumbre es lo que peor llevo. Me gusta que venga al local y capacite al equipo, porque a veces explicar las cosas por teléfono es un lío. La comunidad gastronómica suena interesante para hacer networking y ver qué están haciendo otros. El precio al principio me asusta un poco, pero si realmente funciona, vale la pena.

**R2 (Análisis de Rentabilidad y Libertad):**

Okay, analicemos los números. $200.000 pesos. ¿Cuánto me cuesta a mí resolver los problemas todos los días? Tiempo = dinero. Si Megan logra que mi equipo sea más eficiente y resuelva solos las cosas, me libera tiempo para enfocarme en la estrategia del negocio, en la expansión, en negociar mejores precios con proveedores... Eso vale oro. Además, menos errores significan menos pérdidas. La garantía de 30 días es clave. Si realmente está encima y puedo preguntarle dudas por WhatsApp, me da confianza de que el sistema no se caiga a la primera semana. Si logro delegar tareas y no estar atado al restaurante todo el tiempo, puedo irme de vacaciones y, quizás, hasta volver al gimnasio más seguido.

**Veredicto:**

[VOTO: SÍ]
","Para un dueño/a de restaurante, bar o cafetería en Argentina, con el perfil que se detalla, ciertas iniciativas o estrategias podrían fracasar estrepitosamente. A continuación, exploro algunas razones, siendo lo más crítico posible:

**1. Ignorar la Inflación y la Volatilidad Económica:**

*   **¿Por qué fallaría?** Dada la alta inflación en Argentina, una estrategia de precios rígida, sin ajustes frecuentes, es suicida. Un menú estático, con precios desactualizados, erode márgenes rápidamente. NO monitorear los costos de los insumos diariamente, ni tener una estrategia de *pricing* flexible, condenaría el negocio. Ignorar la fluctuación del dólar (incluso si no se compra directamente en dólares) también es crucial, ya que impacta los costos de muchos productos.
*   **Ejemplo:** Un restaurante que mantiene precios congelados por ""lealtad al cliente"" mientras la carne aumenta un 20% mensual, terminará perdiendo dinero en cada plato.
*   **Solución opuesta:** Implementar un sistema de costos en tiempo real, ajustando precios semanalmente o incluso diariamente. Ofrecer promociones dinámicas según la demanda y los costos.

**2. Desatender la Experiencia del Cliente (Especialmente en un Contexto Económico Difícil):**

*   **¿Por qué fallaría?** En tiempos de crisis, la gente elige con más cuidado dónde gasta su dinero. Si la experiencia es mediocre (mala atención, comida inconsistente, ambiente descuidado), el cliente no vuelve. La competencia es feroz. El hecho de tener dinero no significa que vayan a tirar la plata. Por más que se sea ""target ABC1"", la gente valora que el servicio sea perfecto.
*   **Ejemplo:** Reducir la calidad de los ingredientes para ahorrar costos, o recortar personal sin mejorar la eficiencia, provocará una estampida de clientes.
*   **Solución opuesta:** Invertir en capacitación del personal, mantener altos estándares de calidad en la materia prima y el servicio. Crear una experiencia memorable que justifique el precio.

**3. No Adaptarse a las Preferencias Cambiantes del Consumidor Argentino:**

*   **¿Por qué fallaría?** El consumidor argentino es cada vez más exigente y busca opciones saludables, vegetarianas/veganas, sin gluten, etc. Un menú obsoleto, que no refleje estas tendencias, quedará rezagado.
*   **Ejemplo:** Un restaurante que solo ofrece platos tradicionales y pesados, sin alternativas ligeras o opciones para personas con restricciones alimentarias, perderá una parte importante del mercado.
*   **Solución opuesta:** Investigar las tendencias culinarias, adaptar el menú a las necesidades de diferentes públicos, ofrecer opciones personalizables.

**4. Ignorar el Poder del Marketing Digital (o Hacerlo Mal):**

*   **¿Por qué fallaría?** Hoy en día, la presencia online es crucial. Un restaurante sin redes sociales activas, una página web desactualizada o una mala gestión de las reseñas online, se vuelve invisible para muchos clientes potenciales. Una página web mal diseñada, con imágenes horribles o sin información de contacto, es peor que no tenerla.
*   **Ejemplo:** Un restaurante de alta gama que solo utiliza Facebook para promocionar eventos esporádicos, sin invertir en una estrategia de marketing digital integral, desaprovechará un canal clave para llegar a su público objetivo. No tener publicidad paga es impensable.
*   **Solución opuesta:** Desarrollar una estrategia de marketing digital integral, que incluya redes sociales, email marketing, publicidad online, SEO, y gestión de reseñas. Contratar un profesional o agencia especializada.

**5. Subestimar la Burocracia y la Regulación Argentina:**

*   **¿Por qué fallaría?** Argentina es conocida por su laberinto burocrático y las regulaciones complejas. Ignorar los impuestos, las habilitaciones, las normas laborales o las inspecciones sorpresa, puede llevar a multas elevadas, cierres temporales o incluso permanentes.
*   **Ejemplo:** No tener los papeles en regla para el uso de la vía pública, o no cumplir con las normas de seguridad e higiene, puede resultar en una clausura inmediata.
*   **Solución opuesta:** Contratar un contador y un abogado especializados en el sector gastronómico para asegurar el cumplimiento de todas las normas y regulaciones.

**6. Falta de Innovación y Adaptación a las Nuevas Tecnologías:**

*   **¿Por qué fallaría?** Desde la gestión de inventario hasta la toma de pedidos y el marketing, la tecnología ofrece innumerables oportunidades para optimizar la operación y mejorar la experiencia del cliente. No aprovechar estas herramientas resultará en ineficiencia y pérdida de competitividad.
*   **Ejemplo:** Seguir tomando pedidos manualmente en papel, o no ofrecer opciones de pago electrónico, frustrará a los clientes y aumentará los errores.
*   **Solución opuesta:** Implementar un sistema de gestión integral (TPV), ofrecer opciones de pago online, utilizar herramientas de análisis de datos para optimizar el menú y la gestión de inventario.

**7. No Entender al Personal y la Cultura Laboral Argentina:**

*   **¿Por qué fallaría?** El personal es el rostro del negocio. Un equipo desmotivado, mal capacitado o con malas condiciones laborales, impactará negativamente en la atención al cliente y la calidad del servicio. Las leyes laborales son muy estrictas aquí.
*   **Ejemplo:** No invertir en capacitación del personal, no ofrecer salarios competitivos o no promover un ambiente de trabajo positivo, resultará en una alta rotación y un servicio deficiente.
*   **Solución opuesta:** Invertir en capacitación continua del personal, ofrecer salarios competitivos y beneficios, promover un ambiente de trabajo positivo y respetuoso, y cumplir con todas las leyes laborales.

En resumen, el éxito en el sector gastronómico argentino requiere una combinación de gestión financiera prudente, marketing digital estratégico, adaptación a las tendencias del mercado, cumplimiento de las regulaciones y un enfoque centrado en el cliente y el personal. Ignorar cualquiera de estos aspectos puede condenar al fracaso, incluso a un restaurante con un gran potencial.
","[VOTO: NO] No considero que este sea un momento oportuno para realizar grandes inversiones dada la incertidumbre económica y el miedo a la inflación.
"
Agent_010,ESTP,SÍ,ALTA,"¡A ver qué tal esta propuesta!

**R1 (Intuición):** Mmm, me suena interesante. La idea de tener un manual y protocolos para que el equipo no me esté preguntando por todo me alivia bastante. El entrenamiento presencial también suma puntos, porque sé que es importante que vean cómo funciona en la práctica. La comunidad gastronómica me da curiosidad, siempre es bueno tener contactos. Pero... ¿200 lucas? ¡Uf! Me da un poco de cosita.

**R2 (Análisis de rentabilidad y libertad):** A ver, pongámonos serios.

*   **Rentabilidad:** Si realmente me ahorra tiempo y reduce errores, podría valer la pena. Calculo que si el equipo resuelve problemas más rápido, se desperdicia menos comida, se atienden mejor los clientes, y eso se traduce en más ventas. Si Megan logra que mi caja aumente un 10% mensual, en unos meses recupero la inversión. Ahora, si el sistema se cae a los dos días que se va, es plata tirada.
*   **Libertad:** ¡Este es el punto clave! Estoy harta de vivir pegada al teléfono y tener que resolver cada drama. Si la matriz de crisis y el seguimiento de WhatsApp realmente me dan tranquilidad para irme a jugar al fútbol con mis amigas sin que se prenda fuego el local, entonces vale oro. Necesito ese respiro.

**Veredicto:**

[VOTO: SÍ]
","Para que una iniciativa dirigida a dueños de restaurantes, bares y cafeterías en Argentina falle, considerando el contexto específico que describiste, podrían confluir los siguientes factores críticos:

**1. Ignorar la Heterogeneidad del Público:**

*   **Solución Única para Todos:** Presentar una solución o mensaje que no se adapte a la diversidad de establecimientos (desde parrillas familiares hasta franquicias moderna) y niveles de digitalización (desde los que usan comanderas hasta los que tienen sistemas de gestión integrados) es un error. Una estrategia de ""talla única"" no resonará con nadie realmente.
*   **Falta de Segmentación:** No segmentar la comunicación según el tipo de restaurante, ubicación geográfica (CABA vs. Interior), nivel de digitalización, o incluso edad del dueño, resultará en mensajes irrelevantes para muchos.
*   **Desconocimiento de Prioridades:** Asumir que todos los dueños tienen las mismas prioridades (ej., aumentar la rentabilidad) sin considerar sus desafíos particulares (escasez de personal, problemas de logística, etc.) hará que la propuesta de valor no sea convincente.

**2. No Abordar los Dolor Profundo y el Contexto Económico Argentino:**

*   **Ignorar la Inflación y la Inestabilidad:** No reconocer la alta inflación y la incertidumbre económica como los principales ""dolores"" del sector sería un error fatal. Las soluciones deben considerar estos factores y ofrecer estrategias concretas para mitigar sus efectos.
*   **Soluciones Superficiales:** Ofrecer consejos genéricos sobre marketing o gestión sin abordar los desafíos específicos del entorno argentino (ej., control de costos en un contexto inflacionario) será percibido como inútil.
*   **Propuestas Desconectadas de la Realidad:** Sugerir inversiones costosas o adopción de tecnologías sofisticadas sin considerar la capacidad de inversión y el ROI en el contexto local sería contraproducente.

**3. Falta de Credibilidad y Confianza (Especialmente con un Público Escéptico):**

*   **Mensajes Genéricos y Promesas Vacías:** Usar un lenguaje demasiado marketinero o hacer promesas poco realistas generará desconfianza.
*   **Falta de Pruebas y Casos de Éxito Locales:** No presentar casos de éxito concretos de restaurantes argentinos que hayan implementado con éxito la solución propuesta disminuirá la credibilidad.
*   **Desconocimiento del Sector:** Demuéstrale que tu propuesta es para su sector, que sabes de lo que hablas.

**4. Problemas con la Implementación y Soporte:**

*   **Soluciones Complejas y Difíciles de Implementar:** Ofrecer soluciones complicadas que requieran una gran inversión de tiempo y esfuerzo por parte del dueño (o su personal) resultará en una baja adopción.
*   **Falta de Soporte y Capacitación:** No brindar un soporte adecuado y capacitación continua dificultará la implementación y el uso efectivo de la solución.
*   **Barreras de Entrada Altas:** Requerir una gran inversión inicial, contratos a largo plazo, o integración con sistemas existentes costosa disuadirá a muchos dueños.

**5. Ignorar los Hábitos y la Cultura Local:**

*   **Enfoque Exclusivamente Digital (para los Menos Digitalizados):** Depender únicamente de estrategias de marketing digital para llegar a dueños de mayor edad o menos digitalizados limitará el alcance.
*   **Desconocimiento de la Importancia del ""Cara a Cara"":** Ignorar la importancia de las relaciones personales y el networking en la cultura argentina dificultará la construcción de confianza.
*   **Desconsideración de los Horarios y Ritmos de Trabajo:** Programar eventos o capacitaciones en horarios inconvenientes para los dueños de restaurantes (ej., durante el horario de servicio) disminuirá la participación.

**En resumen, para fallar rotundamente, la iniciativa debería ser:**

1.  **Genérica e Irrelevante:** No abordar los ""dolores"" específicos del sector en Argentina.
2.  **Poco Creíble:** Sin pruebas de éxito locales y mensajes demasiado marketineros.
3.  **Difícil de Implementar:** Compleja, costosa y con poco soporte.
4.  **Desconectada de la Cultura Local:** Ignorando los hábitos, las prioridades y los niveles de digitalización del público objetivo.

Considerando mis propios ""dolores"" específicos (miedo a la inflación abrupta y la inseguridad económica), una propuesta que no aborde estos temas directamente sería un fracaso desde el principio. Querría ver soluciones que me ayuden a proteger mi negocio de estos riesgos, no solo consejos genéricos sobre cómo aumentar las ventas.
","[VOTO: SÍ] Creo que dada mi experiencia y el contexto actual, invertir en tecnología para optimizar la gestión de mi restaurante es una decisión inteligente y necesaria.
"
Agent_088,ISFP,SÍ,ALTA,"Okay, ¡vamos a ver qué tal pinta esta propuesta de Megan!

**R1 (Intuición):**

Uff, la idea de tener un manual blindado y una matriz de crisis suena a música para mis oídos. El ""caos a control"" me atrae un montón. Siempre estoy apagando incendios, y la idea de que mi equipo resuelva problemas sin que me llamen cada cinco minutos me da un respiro. Sin embargo, 3 días de consultoría presencial... no sé si será suficiente para transformar la cultura del local. La garantía de 30 días suena bien, pero me pregunto si realmente va a ser tan ""en tiempo real"" como prometen. La comunidad gastronómica es un plus interesante, pero no decisivo. En general, me da buena espina, pero con ciertas reservas.

**R2 (Análisis de rentabilidad y libertad):**

$200.000 ARS es una inversión importante, considerando la situación actual. Necesito evaluar si realmente este sistema me va a generar más rentabilidad a largo plazo.

*   **Rentabilidad:** Si realmente el sistema me ayuda a reducir errores, optimizar procesos y fidelizar clientes (porque el servicio mejora), entonces podría justificar la inversión. Calculo que, si logramos aumentar las ventas en un 5-10% gracias a un mejor servicio, podría recuperar la inversión en unos 6-12 meses, dependiendo del margen de ganancia de mi restaurante.
*   **Libertad:** Este es el punto clave. Si el sistema funciona como promete, me liberaría de tener que estar constantemente supervisando y resolviendo problemas. Podría enfocarme más en la estrategia del negocio, en buscar nuevas oportunidades, o incluso... ¡en ir al gimnasio con más frecuencia! La libertad tiene un valor incalculable para mí.

La gran pregunta es si la garantía de 30 días y la matriz de crisis son suficientes para asegurar que el sistema realmente se implemente y se mantenga a largo plazo. Tres días de consultoría me parecen pocos para lograr un cambio cultural profundo.

**Veredicto:**

[VOTO: NO]

Si bien la propuesta es tentadora y el concepto me atrae, creo que el riesgo sigue siendo alto. Los 30 días de seguimiento son importantes, pero insuficientes para garantizar que el sistema se mantenga una vez que Megan se retire. Me preocupa que el cambio cultural no sea lo suficientemente profundo y que, al final, termine volviendo al caos inicial. Necesitaría una garantía más sólida o un período de seguimiento más extenso para sentirme realmente seguro con la inversión. Tal vez negociaría un período de seguimiento extendido (60 o 90 días) o buscaría referencias concretas de otros restaurantes que hayan implementado con éxito este sistema.
","Para responder a tu pregunta de forma crítica y completa, necesito entender a qué te refieres con ""esto"". ¿Podrías especificar a qué te refieres con ""esto"" para que pueda analizar por qué podría fallar? 

Por ejemplo, podría fallar:

*   **Una estrategia de marketing en redes sociales:** Si no está dirigida al público correcto, si el contenido no es atractivo, si el presupuesto es insuficiente, etc.
*   **Un nuevo plato en el menú:** Si no es del gusto de los clientes, si los ingredientes son difíciles de conseguir, si el costo es demasiado alto, etc.
*   **Un cambio en la decoración del restaurante:** Si no coincide con la identidad de la marca, si no agrada a los clientes, si la inversión es demasiado alta, etc.
*   **La gestión del negocio:** Si la administración es ineficiente, si hay problemas con el personal, si no se controlan los costos, etc.
*   **Un plan económico:** Si la proyección de ingresos es irreal, si no se tiene en cuenta la inflación, etc.
*   **La relación con un proveedor:** Si el proveedor es poco confiable, si los precios son demasiado altos, si la calidad de los productos es baja.
*   **Mi emprendimiento de un restaurante vegano en una zona con alta demanda de parrillas:** Ya que mi oferta no coincidiría con la demanda local.
*   **La implementación de un sistema de pago digital sin capacitar al personal:** Podría generar errores y frustración en los clientes.

Una vez que me des más información sobre ""esto"", podré analizarlo desde una perspectiva crítica, teniendo en cuenta el contexto específico que me proporcionaste (dueños de restaurantes en Argentina, incluyendo mis características personales). Esto me permitirá señalar las posibles razones por las que podría fallar, considerando factores como la inflación, la economía inestable, la competencia, la cultura local, etc.

Además, como persona joven con una perspectiva conservadora/liberal y con preocupación por la inflación y la inseguridad económica (uno de los mayores temores de los dueños de restaurantes argentinos en el contexto actual), puedo analizar las razones detrás del posible fracaso desde un punto de vista práctico y con una sensibilidad especial a los desafíos económicos del país.
","[VOTO: SÍ] porque esta segmentación considera un amplio espectro de dueños de restaurantes en Argentina, abarcando diversas características demográficas, geográficas y socioeconómicas.
"
Agent_027,ISFP,NO,ALTA,"¡Uf, otra vuelta de tuerca para los gastronómicos! A ver, veamos qué propone esta Megan...

**R1 (Intuición):**

De entrada, me suena bien. Eso de tener un manual blindado y una matriz de crisis me dan cierta tranquilidad. La verdad, que el equipo resuelva sin tener que llamarme a cada rato sería un respiro enorme. La consultoría presencial me da un poco más de confianza que si fuera todo virtual. La comunidad es interesante, el ""chivateo"" entre colegas siempre sirve. Pero... 200 lucas... ¡Duele! Tengo que ver si realmente vale la pena.

**R2 (Análisis de rentabilidad y libertad):**

A ver, pongámonos serios. ¿200.000 pesos? Con ese dinero puedo pagar la mitad del alquiler, comprar mercadería para dos semanas, o incluso invertir en publicidad. Pero, pensemos en el largo plazo: si este sistema realmente funciona, podría ahorrarme tiempo y estrés. Tiempo que podría usar para... ¡encontrar una compañera, quizás! (Risas).  Menos llamadas constantes, menos incendios que apagar... Eso tiene un valor incalculable.  La matriz de crisis y el seguimiento de 30 días son claves para que el equipo realmente internalice el sistema y no se caiga a los dos días. Si la consultoría y el manual son buenos, y el seguimiento es real, quizás, solo quizás, se justifique la inversión. El miedo a perder el sueldo se calma si generas más. Ahora, si el sistema falla, perdería 200 lucas y seguiría en la misma.

**Veredicto:**

[VOTO: SÍ]
","Para un dueño de restaurante argentino de 67 años, soltero, sin hijos, ateo/agnóstico, votante de Kicillof, con secundario completo, peronista/popular, con miedo a no llegar a fin de mes y fan de los videojuegos, la siguiente estrategia/idea/producto/campaña (INSERTAR AQUÍ LA IDEA) podría fallar por las siguientes razones:

**Considerando su perfil socioeconómico y político:**

*   **Si la idea implica una inversión significativa:** Con la inflación y la inestabilidad económica en Argentina, su principal preocupación es ""no llegar a fin de mes"". Una propuesta que requiera un gran desembolso inicial, incluso si promete retornos futuros, generaría rechazo inmediato. Priorizará la seguridad financiera del presente sobre la posibilidad de ganancias a largo plazo. Desconfiará de promesas ""demasiado buenas para ser verdad"", especialmente si provienen del sector privado.

*   **Si la idea va en contra de sus valores Peronistas/Populares:** Cualquier cosa que perciba como elitista, pro-mercado, o que beneficie desproporcionadamente a las grandes empresas, será recibida con hostilidad. Un producto o servicio que aumente la desigualdad o que exploite a los trabajadores sería inaceptable.

*   **Si la idea ignora la realidad económica argentina:** Ignorar la inflación, los controles de precios, la dificultad para acceder a créditos, o la burocracia estatal, sería un error fatal. Una propuesta que no tenga en cuenta el contexto local y las particularidades del mercado argentino, sería vista como ingenua e inviable.

*   **Si la idea suena ""moderna"" o ""tecnológica"" sin una justificación clara:** Si bien disfruta de los videojuegos, eso no significa una adopción ciega de la tecnología. Debe percibir un beneficio real y tangible. Implementar sistemas complicados o plataformas digitales innecesarias podría considerarse un desperdicio de tiempo y dinero. Podría sentirse intimidado por la complejidad o simplemente preferir métodos tradicionales.

**Considerando su edad:**

*   **Si la idea requiere un cambio radical en su forma de trabajar:** A los 67 años, y con décadas probablemente en la industria gastronómica, es resistente al cambio. Necesita ver una clara ventaja, y el proceso de transición debe ser lo más suave y gradual posible. Nuevas metodologías, software complejos, o estrategias de marketing online complicadas, podrían ser percibidas como demasiado esfuerzo para el retorno que ofrecen.

*   **Si la idea se centra en un público objetivo que no conoce o no le interesa:** Si la propuesta apunta a un público muy joven, o con gustos muy diferentes a los suyos, podría no entender cómo implementarla. No significaría que la idea sea intrínsecamente mala, sino que no se sentiría cómodo aplicándola en su negocio.

*   **Si la idea es presentada de forma condescendiente o simplista:** No apreciará que lo traten como a un novato en el negocio. Debe ser respetado por su experiencia y conocimiento del mercado local.

**Considerando su estado civil y estilo de vida:**

*   **Si la idea implica una gran inversión de tiempo:** Al ser soltero/a y sin hijos, podría tener más tiempo libre. Sin embargo, a su edad, seguramente valora su tiempo de ocio y la posibilidad de disfrutar de la vida. Un proyecto que lo obligue a trabajar más horas o a sacrificar su tiempo libre, sería recibido con resistencia. Necesita un equilibrio entre trabajo y vida personal.

**En resumen, para que la idea funcione debe:**

*   Ser adaptable a la realidad económica argentina y a las preocupaciones financieras inmediatas.
*   Estar alineada con sus valores políticos y sociales.
*   Ser fácil de entender e implementar, sin requerir cambios drásticos en su forma de operar.
*   Ofrecer un beneficio claro y tangible, con un retorno de la inversión rápido y seguro.
*   Respetar su experiencia y conocimiento del mercado, evitando condescendencia o simplificaciones excesivas.
*   Permitirle mantener un equilibrio entre trabajo y vida personal.

Si la idea no cumple con estos criterios, es probable que fracase.
","[VOTO: NO] No estoy interesado en adquirir algo nuevo en este momento, ya que mi prioridad es llegar a fin de mes y proteger mis ingresos actuales.
"
Agent_087,ENFJ,NO,ALTA,"¡Uf, qué interesante la propuesta de Megan! A ver, vamos a analizarlo con calma.

**R1 (Intuición):**

¡Me encanta la idea de tener un manual blindado! Soy súper organizada, pero a veces siento que el equipo necesita una guía más clara y concreta. La ""Matriz de Manejo de Crisis"" suena como una bendición, sobre todo para esos días de locos. La consultoría presencial también me parece valiosísima, porque ver cómo alguien experto implementa todo en mi propio local, ¡eso no tiene precio! Lo que me da un poquito de cosita es que sean solo 3 días... ¿Será suficiente? La comunidad gastronómica me tienta mucho, siempre es bueno intercambiar ideas con gente que está en la misma que una.

**R2 (Análisis de rentabilidad y libertad):**

$200.000... A ver, hagamos cuentas rápidas. Si el sistema de Megan realmente logra que el equipo sea más autónomo y eficiente, podría ahorrarme un montón de tiempo y dolores de cabeza. Si consideramos que mi tiempo vale oro (¡y más con los precios que manejamos en gastronomía!), la inversión podría recuperarse en unos meses. Además, si el equipo resuelve más problemas solo, ¡yo podría finalmente escaparme a jugar al fútbol 5 con mis amigas sin estar con el teléfono pegado a la oreja! Esa libertad no tiene precio. La garantía de 30 días es clave. Es lo que me da un poco más de seguridad para lanzarme. Si veo que funciona en ese tiempo, ¡genial! Si no, al menos no perdí todo.

**Veredicto:**

[VOTO: SÍ]
","Para que una estrategia o iniciativa falle en el contexto de dueños de restaurantes, bares y cafeterías en Argentina (especialmente considerando tu perfil), hay varios factores que podrían entrar en juego. Aquí te presento un análisis crítico, teniendo en cuenta tus características:

**1. Desconexión con la Realidad Económica Argentina (Inflación y Restricciones):**

*   **Propuesta:** Una campaña de inversión agresiva en marketing digital con plataformas extranjeras (Google Ads, Meta Ads) pensada en dólares.
*   **Por qué fallaría:** Tu ADN de dolor es el ""miedo a la inflación abrupta y la inseguridad económica"". Invertir fuertemente en plataformas con costos en dólares es un riesgo enorme en Argentina. La devaluación constante puede erosionar rápidamente el ROI, y las restricciones cambiarias complican el acceso a divisas para pagar estos servicios. Los dueños, especialmente los que tienen negocios más tradicionales, podrían percibir esto como un gasto innecesario y poco realista.
*   **Consecuencias:**  Resentimiento, desconfianza, sensación de que no se entiende la situación del país.

**2. Ignorar la Diversidad del Sector:**

*   **Propuesta:** Una única solución tecnológica para la gestión del restaurante, que no se adapta a diferentes tipos de negocios.
*   **Por qué fallaría:**  No todos los restaurantes son iguales. Una parrilla familiar en el interior no tiene las mismas necesidades que un café de especialidad en Palermo o una franquicia en un centro comercial. Una solución tecnológica genérica, compleja y costosa, podría ser percibida como inútil por algunos y como una carga pesada por otros. La falta de personalización es un error grave.
*   **Consecuencias:** Rechazo generalizado, baja adopción, publicidad negativa.

**3. Insensibilidad a las Preocupaciones Sociales y Políticas:**

*   **Propuesta:**  Una campaña publicitaria que promocione un estilo de vida ostentoso y de alto poder adquisitivo.
*   **Por qué fallaría:**  Dados tus votaciones a Kicillof, aunque te definas como conservador/liberal, hay una sensibilidad implícita a la desigualdad social. Una campaña que se perciba como elitista y fuera de contacto con la realidad de la mayoría de los argentinos podría generar rechazo y boicot.  Las redes sociales amplifican este tipo de errores rápidamente.
*   **Consecuencias:** Crisis de Relaciones Públicas, daño a la imagen de marca, pérdida de clientes.

**4. Falta de Comprensión de la Cultura Gastronómica Argentina:**

*   **Propuesta:**  Un menú predefinido para restaurantes que imponga platos de cocina internacional moderna sin considerar los gustos locales.
*   **Por qué fallaría:**  La gastronomía argentina tiene un fuerte arraigo cultural. Imponer platos exóticos o de ""alta cocina"" sin respetar los ingredientes locales, las tradiciones culinarias y los gustos del público podría resultar en un fracaso estrepitoso.  La gente valora la autenticidad por sobre la novedad pasajera.
*   **Consecuencias:**  Baja aceptación, clientes insatisfechos, reputación dañada.

**5. Ignorar la Falta de Tiempo y Conocimiento Digital:**

*   **Propuesta:** Un programa de capacitación digital complejo y extenso, que requiere dedicación diaria y conocimientos técnicos avanzados.
*   **Por qué fallaría:**  Muchos dueños de restaurantes (especialmente los de mayor edad) tienen poco tiempo libre y bajo nivel de digitalización. Exigirles una capacitación intensa y técnica es irreal y frustrante. La clave es ofrecer soluciones simples, intuitivas y con soporte constante.
*   **Consecuencias:** Abandono temprano del programa, sensación de incapacidad, rechazo a futuras iniciativas digitales.

**6. Falta de Empatía y Entendimiento Personal:**

*   **Propuesta:** Un discurso frío y distante, centrado en datos abstractos y métricas de rendimiento, sin conexión humana ni emocional.
*   **Por qué fallaría:**  Como ENFJ, valoras la conexión con las personas y la construcción de relaciones. Un discurso impersonal y deshumanizado no resonará con los dueños de restaurantes, que son personas apasionadas por su negocio y que buscan soluciones que comprendan sus desafíos personales.
*   **Consecuencias:** Desconfianza, falta de compromiso, percepción de que solo te importa el beneficio propio.

**En Resumen:**

Para evitar el fracaso, es crucial tener en cuenta la inestabilidad económica argentina, la diversidad del sector gastronómico, las sensibilidades sociales y políticas, el arraigo cultural de la comida argentina, las limitaciones de tiempo y conocimiento digital de los dueños y la importancia de la conexión humana y la empatía. Lo que funciona en otros países, o incluso en otros sectores, puede no funcionar en Argentina. La clave está en la adaptación, la personalización y la comprensión profunda del contexto local.
","[VOTO: NO] La incertidumbre económica actual me impide invertir en este momento.
"
Agent_077,INFJ,NO,ALTA,"¡Uf, Megan! A ver, vamos por partes, como diría Jack el Destripador.

**R1 (Intuición):** A primera vista, suena lindo. El tema de la ""Matriz de Manejo de Crisis"" me llama la atención, porque tengo cada quilombo acá... Y la comunidad, para cambiar figuritas con otros colegas, no está mal. Pero... siempre hay un ""pero""... me da cosa que se vaya después de un mes y quedemos a la deriva. La gente, si no la controlás, vuelve a las viejas costumbres.

**R2 (Análisis de rentabilidad y libertad):** $200.000... ¡Es un montón de plata! Con eso pago la luz de dos meses, o casi un aguinaldo entero. Tendría que ver si realmente esas mejoras en el servicio me van a generar ingresos extra que justifiquen la inversión. Y, sinceramente, tres días de consultoría suenan a poco. ¿En tres días realmente me va a cambiar la cabeza a mí y a la gente? La libertad, claro, sería invaluable si el equipo funciona solo. Pero... ¿funcionará? Ese miedo a que no lleguen a fin de mes me carcome... si invierto esto, y luego no funciona, es un golpe duro.

**Veredicto:** [VOTO: NO]

Explicación: Si bien me tienta la idea de delegar y tener un equipo más autónomo, la garantía de 30 días no me convence lo suficiente. Me da la sensación de que es un parche temporal y que, una vez que Megan se vaya, vamos a volver a los problemas de siempre. Prefiero invertir esa plata en algo más concreto o buscar una solución a más largo plazo, aunque sea más costosa.
","Para un dueño de restaurante argentino de 67 años, no binarie (heterosexual), de nivel socioeconómico medio, casado/a con hijos, evangélico, peronista, con educación secundaria, MBTI INFJ, y cuya principal angustia es el miedo a no llegar a fin de mes, la siguiente estrategia **tendría altas probabilidades de fallar:**

**Estrategia:** Una campaña publicitaria centrada en la **innovación gastronómica extrema, la alta tecnología en la cocina y la promoción de la diversidad e inclusión radical** con un lenguaje moderno y disruptivo.

**¿Por qué fallaría? Aquí los puntos críticos:**

*   **Edad y Nivel de Digitalización:** A los 67 años, es posible que la adopción de nuevas tecnologías y conceptos gastronómicos de vanguardia sea más lenta. La alta tecnología en la cocina puede verse como intimidante o innecesaria, prefiriendo métodos más tradicionales y probados.
*   **Nivel Socioeconómico Medio y Miedo a no llegar a fin de mes:** Invertir en innovación extrema y tecnología costosa podría ser percibido como un riesgo financiero demasiado grande, especialmente dada la preocupación por el poder adquisitivo y la estabilidad económica. La campaña puede ser percibida como elitista o fuera del alcance de sus clientes habituales.
*   **Valores Religiosos y Antecedentes Culturales:** La promoción de la diversidad e inclusión radical, aunque valiosa, es susceptible de chocar con ciertos valores conservadores asociados a la religión evangélica y a una visión tradicional de la familia. Aunque se defina como heterosexual, ser No Binarie puede generar confusión y desconfianza en un sector del público más tradicionalista.
*   **Pensamiento Político Peronista/Popular:** Si bien el peronismo tradicionalmente se asocia con la inclusión social, la ""inclusión radical"" podría ser interpretada como una imposición ideológica o una desconexión de los valores populares y la identidad nacional. Cuidado con que la campaña no suene a importación de ideas foráneas.
*   **MBTI INFJ:** Si bien los INFJ son idealistas y creativos, también son pragmáticos y se preocupan por el bienestar de su comunidad. Una campaña que parezca desconectada de la realidad económica y cultural de su entorno podría resultar contraproducente.
*   **ADN DE DOLOR:** Dada su principal angustia, cualquier estrategia que aumente la incertidumbre financiera o amenace la estabilidad del negocio será recibida con resistencia.

**En resumen:**

La campaña fallaría porque no conecta con los valores, las preocupaciones y la realidad socioeconómica del dueño del restaurante. Se basa en presupuestos erróneos sobre su nivel de digitalización, tolerancia a la innovación radical y su percepción del éxito. En lugar de generar confianza y entusiasmo, la campaña podría generar ansiedad, rechazo y, en última instancia, conducir al fracaso de la estrategia.

**Para que una campaña sea exitosa, debería enfocarse en:**

*   **Soluciones prácticas y rentables:** Estrategias para reducir costos, atraer clientes locales y aumentar la eficiencia del negocio.
*   **Valores tradicionales:** Promoción de la familia, la comunidad y la identidad argentina.
*   **Respeto por la cultura local:** Adaptar la oferta gastronómica y el marketing al gusto y las preferencias de los clientes habituales.
*   **Comunicación clara y sencilla:** Evitar jergas modernas y tecnicismos que puedan generar confusión.
*   **Un mensaje que resuene con su ""ADN de dolor"":** Ofrecer seguridad y esperanza en tiempos de incertidumbre económica.
","[VOTO: NO] Creo que la situación económica actual hace muy arriesgado cualquier inversión.
"
Agent_084,ENTP,SÍ,ALTA,"Ok, ¡vamos a analizar la propuesta de Megan!

**R1 (Intuición):**

Uf, esto suena como una solución mágica a muchos de mis problemas diarios. La idea de tener un manual blindado y una matriz de crisis para que el equipo se maneje me genera mucho alivio. ¡Menos llamados a mi teléfono todo el tiempo! La consultoría presencial me parece crucial para realmente implementar todo, y la comunidad gastronómica podría ser una fuente valiosa de contactos y aprendizaje. Sin embargo, me preocupa que la garantía de 30 días sea suficiente. ¿Qué pasa después? ¿El sistema seguirá funcionando o volveremos al caos?

**R2 (Análisis de rentabilidad y libertad):**

A ver, pongamos los números sobre la mesa. $200.000 es una inversión considerable. Necesito analizar si realmente justifica el costo.

*   **Rentabilidad:** Si con este sistema logro reducir errores, aumentar la eficiencia del personal y mejorar la satisfacción del cliente, podría ver un retorno en unos meses. Además, si el equipo se vuelve más autónomo, voy a poder dedicarle tiempo a otras áreas del negocio, como marketing o desarrollo de nuevos platos.
*   **Libertad:** Este es el punto clave. Si realmente Megan logra implementarse y capacitar a mi equipo para resolver problemas sin depender de mí, ¡valdría oro! Podría finalmente tomarme unas vacaciones sin sentir que todo se va a derrumbar. Pero me sigue preocupando el largo plazo. ¿Qué tan sostenible es el sistema después de los 30 días? Si la matriz de crisis es realmente buena, y el equipo la internaliza, quizás ahí sí haya una verdadera liberación.

**Veredicto:**

A pesar de mis dudas iniciales sobre la sostenibilidad en el largo plazo, la comunidad y la matriz de crisis, me generan la esperanza de capacitar a mi equipo en manejo de situaciones. Entonces:

[VOTO: SÍ]
","Para responder a tu pregunta siendo crítico sobre las razones por las que una iniciativa o proyecto podría fallar, necesito que me proporciones información específica sobre ""esto"".  Necesito saber de qué se trata ""esto"" para poder analizarlo y ofrecerte una evaluación crítica y útil desde la perspectiva del dueño de restaurante argentino que has definido.

Sin el contexto de ""esto"", solo puedo ofrecerte razones genéricas por las que un proyecto *podría* fallar en el sector gastronómico argentino, considerando el perfil que me has dado:

* **Mala gestión financiera:**  El ""miedo a no llegar a fin de mes"" que mencionaste como tu ADN de dolor es crucial aquí. Un control deficiente de costos, gastos excesivos (especialmente ante la inflación), precios mal calculados, y una mala gestión del flujo de caja son causas comunes de fracaso.  Esto es especialmente crítico con la volatilidad económica argentina.

* **Falta de adaptación al mercado:** El mercado gastronómico es muy competitivo. No entender las necesidades cambiantes de los clientes (especialmente en un contexto de crisis donde la gente busca valor), no adaptar el menú a las preferencias locales, y no ofrecer una experiencia que justifique el precio son errores graves.

* **Mala calidad del producto o servicio:**  En un país como Argentina, donde la comida es una parte fundamental de la cultura, la calidad es crucial. Ingredientes de baja calidad, preparación deficiente, personal mal capacitado y un servicio descuidado pueden destruir la reputación de un restaurante rápidamente.

* **Marketing ineficaz:**  No llegar al público objetivo, no tener una presencia online adecuada (especialmente en redes sociales), no ofrecer promociones atractivas, o tener una estrategia de marketing que no se ajuste al presupuesto disponible son problemas habituales.

* **Problemas de personal:**  Alta rotación de personal, conflictos laborales, falta de motivación, personal no capacitado adecuadamente para la atención al cliente son factores que impactan negativamente en la calidad del servicio y la rentabilidad del negocio.

* **Problemas legales y regulatorios:** La burocracia, los impuestos elevados, los constantes cambios en las regulaciones laborales y sanitarias, y las dificultades para obtener permisos pueden ser obstáculos significativos para cualquier negocio, especialmente para los pequeños y medianos restaurantes.

* **Falta de innovación:**  No actualizar el menú, no adaptarse a las nuevas tendencias gastronómicas, no implementar nuevas tecnologías (como sistemas de gestión eficientes o plataformas de delivery) puede hacer que un restaurante se quede atrás y pierda clientes.

* **Ubicación inadecuada:**  Elegir una ubicación con poco tráfico, poca visibilidad, alta competencia o inseguridad puede ser fatal para un restaurante, especialmente si no se compensa con otras ventajas (como un precio más económico).

Para ofrecerte una crítica más certera, necesito que me digas específicamente qué es ""esto"" que estás evaluando.  Cuanta más información me des, mejor podré ayudarte a identificar las posibles fallas y a ofrecerte consejos prácticos y relevantes.
","[VOTO: SÍ] Considero que la propuesta es valiosa para dueños de restaurantes, bares y cafeterías en Argentina.
"
Agent_092,ESFJ,SÍ,ALTA,"¡A ver, vamos a analizar esta propuesta de Megan!

**R1 (Intuición):**

Uf, de entrada me suena bien. El ""Manual Blindado"" con checklists y protocolos es exactamente lo que necesito para que mi equipo deje de llamarme por cada cosita. La idea de la ""Matriz de Manejo de Crisis"" me da tranquilidad, porque sé que el caos es el enemigo número uno en un restaurante. Y la comunidad gastronómica suena interesante para intercambiar ideas y quizás encontrar algún proveedor nuevo. El miedo a la inflación siempre está, pero si esto logra optimizar procesos, a la larga debería ser rentable.

**R2 (Análisis de rentabilidad y libertad):**

$200.000… Bueno, no es poca plata, pero si realmente logro implementar un sistema sólido y delegar funciones, podría ser una inversión que se paga sola en pocos meses. El valor agregado de la consultoría presencial es importantísimo, porque no es lo mismo leer un manual que tener a alguien que te explique cómo aplicarlo en tu propio local. Los 3 días de entrenamiento intensivo me parecen cruciales.

El punto clave es la ""Garantía de Seguimiento"" de 30 días. Una auditoría diaria por WhatsApp con Megan resolviendo dudas operativas en tiempo real me da mucha seguridad. Es como tener un seguro contra el fracaso. Y esos 30 días son fundamentales para que el equipo se acostumbre al nuevo sistema y realmente lo interiorice. Si mi equipo aprende bien y se empodera, voy a tener más tiempo libre para enfocarme en la estrategia del negocio, en pensar en nuevas ideas, quizás hasta jugar un poco más... Y eso no tiene precio. ¡La libertad que me daría delegar las tareas operativas es invaluable!

**Veredicto:**

[VOTO: SÍ]
","Okay, analizando por qué una estrategia o acción podría fallar, considerando tu perfil de dueña de restaurante en Argentina:

**Fallos relacionados con el contexto macroeconómico y político argentino:**

*   **Estrategias de precios rígidas:** Dada tu ""angustia"" por la inflación y tu ""miedo a la inseguridad económica"", implementar menús con precios fijos a largo plazo es una receta para el desastre. Los costos de los insumos cambian constantemente y no poder ajustar los precios rápidamente te comerá la rentabilidad.
*   **Inversiones a largo plazo sin cobertura:** Emprender grandes proyectos de expansión o renovación sin protegerte de la inflación y la devaluación (por ejemplo, con compra de dólares o productos indexados) podría dejarte endeudada y vulnerable ante una crisis.
*   **Ignorar el humor social post-electoral:** No prestar atención a las posibles reacciones del mercado y de tus clientes a las políticas del gobierno de Kicillof (al que votaste) podría ser perjudicial. Si un cambio en las políticas afecta negativamente a tu público, no adaptar tu oferta o comunicación sería un error.
*   **No diversificar proveedores:** Depender de un único proveedor para insumos clave te deja expuesta a aumentos de precios repentinos o problemas de suministro.

**Fallos relacionados con el negocio y la competencia:**

*   **No innovar en la oferta:** Asumir que lo que funcionó ayer seguirá funcionando mañana. El mercado gastronómico es dinámico, y si te quedas estancada en un menú o concepto anticuado, perderás clientes frente a la competencia más innovadora.
*   **Descuidar la calidad del servicio:** Si la calidad de la comida es buena, pero el servicio es malo (personal desatento, lento, etc.), la experiencia general será negativa y los clientes no volverán.
*   **No aprovechar el marketing digital (o hacerlo mal):** Ignorar las redes sociales, no tener una buena página web, o no invertir en publicidad online limita tu alcance y te impide conectar con nuevos clientes. Y hacerlo mal (fotos de mala calidad, contenido irrelevante, etc.) puede incluso dañar tu imagen.
*   **No fidelizar a los clientes:** Concentrarse solo en atraer nuevos clientes y olvidar a los clientes leales es un error costoso. Los clientes que ya te conocen y confían en tu restaurante son tu mejor activo.
*   **No controlar los costos:** No tener un control estricto de los costos (insumos, personal, alquiler, etc.) puede llevar a que los gastos superen los ingresos y el negocio no sea rentable.
*   **No capacitar al personal:** No invertir en la capacitación de tu personal, tanto en habilidades técnicas (cocina, servicio) como en habilidades blandas (atención al cliente, comunicación), resulta en un personal poco motivado y mal preparado.

**Fallos relacionados con tu perfil personal:**

*   **Dejarte llevar por decisiones emocionales:** Tu perfil ESFJ (extrovertida, sensitiva, sentimental, juiciosa) te hace ser muy consciente de las emociones de los demás y querer complacer a todos. Esto puede llevarte a tomar decisiones poco racionales o complacientes que perjudiquen el negocio.
*   **Aislamiento:**  No buscar asesoramiento externo. A veces, la experiencia y la perspectiva de otros (consultores, mentores, otros dueños de restaurantes) pueden ayudarte a ver oportunidades o evitar errores que no estás viendo.
*   **Resistencia al cambio:** Tu pensamiento ""Conservador/Liberal"" podría hacerte resistente a adoptar nuevas tecnologías o estrategias, especialmente si no las entiendes completamente.
*   **Descuidar el balance vida-trabajo:** El estrés de manejar un restaurante puede llevar al agotamiento. No tomarte tiempo para desconectar y disfrutar de tus hobbies (como el gaming) puede afectar tu salud mental y física y, en última instancia, tu capacidad para dirigir el negocio.
*   **No delegar:** Tratar de controlarlo todo tú misma, por perfeccionismo o falta de confianza en tu equipo, te sobrecargará de trabajo y te impedirá enfocarte en las tareas más importantes.

**En resumen, el mayor riesgo sería:**

Un combo de no adaptarse a la inestabilidad económica argentina + no innovar en la propuesta gastronómica + descuidar la relación con los clientes, todo esto exacerbado por decisiones emocionales y falta de foco en el control de costos.

Para evitar estos fallos, es crucial que seas flexible, te mantengas informada, estés dispuesta a experimentar, priorices la satisfacción del cliente y tengas un control riguroso de las finanzas.
","[VOTO: SÍ] Considero que esta herramienta podría ser valiosa para mi negocio, ayudándome a navegar la incertidumbre económica y optimizar mis operaciones.
"
Agent_044,INTJ,SÍ,ALTA,"**R1 (Intuición):**

Uff, suena bien en el papel, ¿no? ""De Caos a Control""... ¡Quién no quiere eso en un restaurante! La idea de tener un manual blindado y que el equipo resuelva solo me hace fantasear con un sábado a la noche tranquilo. El tema de la comunidad es interesante, siempre se aprende algo de otros. Pero $200.000... es una plata importante. Me da un poco de cosita que sea tan ""paquete cerrado"", ¿se adaptará bien a mi local? Los 3 días presenciales me convencen más, pero... ¿alcanzan? La garantía de seguimiento por WhatsApp es un buen gancho, eso sí. Me alivia un toque pensar que no me voy a quedar solo con el manual y listo.

**R2 (Análisis de rentabilidad y libertad):**

A ver, $200.000 es más o menos lo que me cuesta un mes de alquiler y sueldos. Si este sistema *realmente* funciona y me permite delegar más, podría ahorrar tiempo (que vale oro) y evitar errores costosos. Si el equipo se vuelve más autónomo, podría dedicarme a pensar en el negocio, buscar nuevas proveedores, armar promociones... en vez de estar apagando incendios todo el tiempo. La clave está en que el ""manual blindado"" sea realmente útil y que los 30 días de seguimiento sean intensos. Si veo que después de ese mes la cosa se cae, me clavé con un gasto grande. Necesito estar seguro de que el ROI (Retorno de la Inversión) se justifica con el tiempo. ¿Puedo aumentar la facturación o reducir costos gracias a esto? Si la respuesta es sí, amortizo la inversión.

**Veredicto:**

[VOTO: NO]

Si bien me tienta la idea de tener un sistema más aceitado y delegar, $200.000 es mucha plata. Me da la sensación de que 3 días presenciales no son suficientes para cambiar la cultura de mi local y que el seguimiento por WhatsApp, si bien es bueno, podría ser insuficiente para mantener el sistema a largo plazo. Prefiero invertir esa plata en algo más tangible, como mejorar la cocina o hacer una buena campaña de marketing. Quizás en un futuro, si Megan ofrece un plan más flexible o con una garantía más extensa, me lo replantee. Pero ahora, el riesgo me parece demasiado alto.
","Bien, desde mi perspectiva como dueño de restaurante argentino de 31 años, de perfil INTJ, peronista, divorciado y con el constante miedo a no llegar a fin de mes, te digo por qué *esto* (lo que sea que me estés proponiendo) podría fallar:

**1. Desconexión con la Realidad Económica:**

*   **Inflación Galopante:** Si tu propuesta no considera la inflación argentina y las fluctuaciones del dólar, está destinada al fracaso. Los precios cambian constantemente, y cualquier plan que no se ajuste a esta volatilidad será obsoleto en cuestión de semanas.
*   **Costos Imprevistos:** En Argentina siempre hay costos ocultos. Impuestos inesperados, aumentos de tarifas, regulaciones nuevas... si no hay un colchón financiero para absorber estos golpes, cualquier proyecto se viene abajo.
*   **Poder Adquisitivo en Declive:** La gente tiene cada vez menos plata para gastar en salir a comer. Si tu propuesta depende de un alto volumen de ventas, y no considera alternativas para un público más austero (ej: promociones, menúes más accesibles), vamos mal.

**2. Falta de Adaptación al ADN Argentino:**

*   **Regulación Excesiva:** La burocracia es un cáncer. Si tu propuesta requiere trámites interminables, permisos complejos o lidiar con inspectores corruptos, te vas a frustrar y gastar plata al cohete.
*   **Mentalidad ""Atajo"":** Muchos proveedores, empleados o incluso clientes buscarán la forma de evitar impuestos, recortar costos o aprovecharse de la situación. Hay que estar preparado para esto y tener estrategias para evitarlo.
*   **Dependencia del ""Amiguismo"":** En Argentina, muchas veces las cosas se mueven por contactos. Si tu propuesta no considera este factor, o si no tenés una red de gente que te pueda dar una mano, te costará mucho avanzar.

**3. Ignorancia del Consumidor Argentino:**

*   **Exigencia y Tradición:** El argentino es exigente con la comida y valora mucho la tradición. Si intentás imponer conceptos raros o ingredientes exóticos sin respetar las costumbres locales, te van a clavar el visto.
*   **Importancia de la Experiencia:** No basta con tener buena comida. El ambiente, la atención, la música... todo suma. Si descuidás estos aspectos, la gente no vuelve.
*   **Mal Humor Social:** La situación económica y política genera mucho estrés. La gente busca lugares donde relajarse y desconectarse. Si tu propuesta no ofrece esto, no va a ser atractiva.

**4. Falta de Visión a Largo Plazo:**

*   **Cortoplacismo:** En Argentina, planificar a largo plazo es un acto de fe. Sin embargo, es fundamental tener una visión clara de hacia dónde querés ir y cómo vas a llegar ahí, incluso si tenés que adaptarte constantemente.
*   **Falta de Inversión:** Si no estás dispuesto a invertir en tu negocio (infraestructura, capacitación, marketing), te vas a quedar estancado.
*   **Resistencia al Cambio:** Si te aferrás a ideas obsoletas y no te adaptás a las nuevas tendencias, tu negocio va a morir.

**En resumen:** Para que algo funcione en Argentina, tenés que ser realista, adaptable, astuto y estar dispuesto a pelearla. No te confíes de las fórmulas mágicas ni de los gurúes empresariales. Escuchá a la gente, aprendé de tus errores y no te rindas. Y por sobre todo, tené un buen contador. Lo vas a necesitar.
","[VOTO: SÍ] Implementar un sistema de fidelización me ayudaría a asegurar ingresos y estabilizar mi negocio frente a la incertidumbre económica.
"
Agent_030,INFJ,NO,ALTA,"Okay, a ver... Megan y su ""Sistema de Servicio: De Caos a Control"". Suena interesante, pero uno ya ha escuchado promesas parecidas antes. Tres días de consultoría intensiva... mmm... veamos.

**R1 (Intuición):**

Mi primera impresión es de escepticismo mezclado con esperanza. Por un lado, me atrae la idea de tener un sistema que funcione sin depender de mí para cada cosita. Poder delegar y que el equipo resuelva problemas es un sueño. Pero, por otro lado, me preocupa que sea una solución ""parche"" que dure poco y, al final, termine todo dependiendo de mí otra vez. La matriz de crisis suena bien en teoría, pero ¿será realmente aplicable a los problemas del día a día en mi local? El miedo a que todo se caiga después de que Megan se vaya es real. La comunidad gastronómica es un plus, pero no es el factor decisivo.

**R2 (Análisis de rentabilidad y libertad):**

$200.000 pesos... No es poco, pero tampoco es una locura si realmente funciona. El tema es calcular el retorno de la inversión. Si Megan logra que mi equipo sea más eficiente, reduce errores y mejora la atención al cliente, eso se traduce en mayores ingresos y menos pérdidas. El tiempo que gano al no tener que estar resolviendo cada problemita también tiene un valor. Podría dedicarme a estrategias de marketing, buscar nuevos proveedores, o simplemente descansar un poco, ¡que falta me hace! La clave está en si la consultoría y el seguimiento de 30 días son suficientes para que el sistema se interiorice en el equipo. Si al mes tengo un equipo capaz de auto-gestionarse y una matriz de crisis efectiva, entonces la inversión vale la pena. Si después de un mes todo sigue igual, habré tirado la plata. En un contexto de inflación y costos altísimos, cada peso cuenta.

**Veredicto:**

[VOTO: NO]

Si bien la oferta suena tentadora y el seguimiento por whatsapp es un buen gancho, creo que el riesgo sigue siendo alto. Un mes de acompañamiento, aunque sea intensivo, puede no ser suficiente para cambiar la cultura de mi equipo y asegurar que el sistema se mantenga en pie a largo plazo. Además, la ""Matriz de Manejo de Crisis"" suena demasiado genérica. Cada restaurante es un mundo y las crisis son impredecibles. Prefiero invertir esos $200.000 en algo más tangible o en capacitación interna.

 
","Bien, desde mi perspectiva como dueño de restaurante argentino de 53 años, peronista y con la angustia perpetua de llegar a fin de mes, voy a ser crítico con cualquier propuesta que me hagan. Así que, dame ese ""esto"" para analizarlo y te diré por qué, desde mi experiencia, podría fallar:

**Primero, para que me tomes en serio, tené en cuenta lo siguiente:**

*   **La economía es el factor número uno.**  Más allá de buenas ideas, la inflación, los impuestos y las regulaciones laborales me tienen al borde del colapso.  Así que, si tu propuesta no toma esto en cuenta, ya empezamos mal.
*   **Conozco mi clientela mejor que nadie.**  Años de estar detrás del mostrador me han enseñado qué le gusta a mi gente, cuánto está dispuesto a gastar y qué cosas le importan un pepino. No me vengas con tendencias de afuera que no aplican acá.
*   **Soy desconfiado... por naturaleza.**  Me han prometido el oro y el moro tantas veces que ya no creo en milagros. Necesito pruebas concretas y resultados tangibles.
*   **El tiempo es oro... y escaso.**  No tengo tiempo para experimentos ni implementaciones complicadas. Si me vas a pedir que cambie algo, tiene que ser fácil, rápido y que me deje más plata en el bolsillo.
*   **Soy tradicional, pero no reacio al cambio... si me conviene.**  A ver, no soy un cavernícola, pero tampoco me dejo llevar por la última moda. Si me demostrás que algo nuevo funciona y me beneficia, lo consideraré.
*   **Desconfío de los ""gurúes"" y expertos.**  Prefiero la experiencia real de otros dueños de restaurantes que están en la misma que yo a las teorías abstractas de un consultor.

**Ahora sí, dame ese ""esto"" y lo voy a desmenuzar, buscando los puntos débiles y las razones por las que podría fracasar en mi restaurante y en el contexto argentino actual.**  Voy a ser implacable, así que preparate para escuchar la verdad, aunque duela.
","[VOTO: NO] No veo que este producto resuelva mi miedo a no llegar a fin de mes ni me ayude directamente con la gestión de mi restaurante o la situación económica actual.
"
Agent_079,INTJ,NO,ALTA,"¡Uff, ahí va otra propuesta más para ""salvar"" mi restaurante! A ver...

**R1 (Intuición):** ¡200 lucas! De entrada, me parece una banda. Pero... si de verdad me saca el quilombo de encima y puedo dormir tranquilo sabiendo que el local no se me viene abajo cuando yo no estoy, quizás vale la pena analizarlo. El tema es... ¿será verdad tanta maravilla?

**R2 (Análisis de rentabilidad y libertad):**

*   **Rentabilidad:** 200.000 es casi un alquiler. Tendría que ver cuánto me está costando ahora el descontrol: horas extras, clientes que se van por el mal servicio, errores en los pedidos, etc. Si la mejora en la eficiencia y la satisfacción del cliente justifican esa inversión a largo plazo, podría ser. Pero necesitaría que los números cierren muy bien.
*   **Libertad:** Acá está la clave. Si el manual realmente arma al equipo para resolver solos los problemas y Megan me banca de cerca el primer mes, quizás por fin puedo dejar de vivir pegado al teléfono. Un día libre para ir a la cancha o jugar a la Play con los pibes no tiene precio.

**Veredicto:**

[VOTO: NO]

La verdad, me da cosita. Si bien la garantía de 30 días suena bien, me da miedo que después de eso el sistema se caiga a pedazos. 200 lucas es mucha plata para arriesgarse, prefiero seguir remándola como puedo, ¡al menos así sé que el mango no se me va en humo!
","Para un dueño de restaurante, bar o cafetería en Argentina, una estrategia o producto podría fallar por varias razones, considerando las características del contexto y tu perfil:

**Factores Generales del Contexto Argentino:**

*   **Inflación y Volatilidad Económica:** Este es el principal dolor de cabeza. Cualquier estrategia que no considere una inflación galopante y la devaluación del peso está destinada al fracaso. Por ejemplo, fijar precios a largo plazo, depender excesivamente de insumos importados o no tener un plan para ajustar salarios según la inflación serían errores críticos.
*   **Alta Carga Impositiva:** Los impuestos son un peso enorme para los negocios. Ignorar la complejidad del sistema tributario argentino, no aprovechar los beneficios fiscales disponibles (si los hay) o no planificar el pago de impuestos puede llevar a problemas financieros graves.
*   **Regulaciones Laborales:** Las leyes laborales argentinas son proteccionistas, pero también pueden generar costos altos para los empleadores. Desconocer estas regulaciones, contratar personal sin los contratos adecuados o no cumplir con las obligaciones laborales puede resultar en juicios y multas costosas.
*   **Burocracia:** Abrir un negocio, obtener permisos y licencias puede ser un proceso lento y frustrante. No tener en cuenta el tiempo y los recursos necesarios para trámites burocráticos puede retrasar la apertura o expansión del negocio.
*   **Competencia:** El mercado gastronómico argentino, especialmente en CABA y GBA, es altamente competitivo. No diferenciarse, no tener una propuesta de valor clara o no conocer a la competencia puede llevar a la pérdida de clientes.
*   **Cambios en los Hábitos del Consumidor:** Los gustos y preferencias de los consumidores cambian constantemente. No adaptarse a las nuevas tendencias, no ofrecer opciones saludables o vegetarianas/veganas (si es relevante para el público objetivo) o no utilizar canales de venta online puede limitar el crecimiento.
*   **Infraestructura y Logística:** Problemas con el suministro de energía, cortes de luz, dificultades en la distribución de alimentos o falta de acceso a internet pueden interrumpir las operaciones y afectar la calidad del servicio.

**Factores Específicos Relacionados a Tu Perfil:**

*   **Nivel Socioeconómico Bajo:**
    *   **Dificultad para Acceder a Financiamiento:** Obtener préstamos o créditos para invertir en el negocio puede ser un desafío. No tener un plan financiero sólido o depender excesivamente de ahorros personales puede limitar el crecimiento.
    *   **Márgenes de Ganancia Reducidos:** La necesidad de ofrecer precios accesibles para atraer clientes puede reducir los márgenes de ganancia, haciendo que sea difícil cubrir los costos operativos.
    *   **Falta de Conocimiento Especializado:** La falta de acceso a capacitaciones o consultorías especializadas en gestión de restaurantes puede limitar la capacidad de tomar decisiones informadas.
*   **Edad (20 años):**
    *   **Falta de Experiencia:** La falta de experiencia en la gestión de un negocio gastronómico puede llevar a errores costosos en la planificación, operación y marketing.
    *   **Dificultad para Ganar Credibilidad:** Algunos clientes o proveedores pueden dudar de la capacidad de un dueño joven para administrar un negocio exitoso.
*   **MBTI (INTJ):**
    *   **Exceso de Análisis y Falta de Acción:** Un INTJ puede quedarse atrapado en el análisis y la planificación, postergando la ejecución y perdiendo oportunidades.
    *   **Dificultad para Delegar:** La tendencia a querer controlarlo todo puede dificultar la delegación de tareas y limitar el crecimiento del negocio.
    *   **Poca Habilidad para Construir Relaciones:** Un INTJ puede tener dificultades para construir relaciones sólidas con clientes, empleados y proveedores, lo cual es fundamental para el éxito de un restaurante.
*   **Ideología Centro-Progresista:**
    *   **Posible Conflicto con Algunos Clientes:** En un ambiente polarizado, expresar abiertamente ideas políticas puede alienar a algunos clientes.  Es importante mantener un equilibrio entre los valores personales y las necesidades del negocio.

**Ejemplos Concretos de Estrategias Fallidas:**

*   **Ofrecer un menú muy caro:** Con la inflación, los clientes priorizan precios accesibles. Un menú inalcanzable para la mayoría no funcionará.
*   **Ignorar el delivery y el take away:** En la era de la conveniencia, no ofrecer estas opciones limita el alcance del negocio.
*   **No usar redes sociales:** Es vital para darse a conocer y conectar con clientes. Ignorarlas significa perder clientes potenciales.
*   **No capacitar al personal:** Un mal servicio al cliente ahuyenta a la gente, sin importar la calidad de la comida.
*   **No adaptarse a las regulaciones:** Multas por incumplimiento pueden hundir el negocio.
*   **No tener un “colchón” financiero:** Ante imprevistos económicos, quedará vulnerable y puede quebrar.
*   **No innovar:** Quedarse estancado en el pasado resulta en pérdida de relevancia.

**En resumen:**

Una estrategia para tu restaurante tiene muchas chances de fallar si:

1.  **No considera el contexto económico argentino:** Ignorar la inflación, los impuestos y las regulaciones laborales es una receta para el desastre.
2.  **No se adapta a tu realidad:** La falta de experiencia, las limitaciones financieras y las características de tu personalidad deben influir en la toma de decisiones.
3.  **No se enfoca en el cliente:** Ignorar las necesidades y preferencias de los clientes, ofrecer un mal servicio o no adaptarse a sus cambios de hábitos puede llevar al fracaso.
4.  **No incorpora la innovación:** Ignorar nuevas tecnologías, tendencias gastronómicas y la necesidad de adaptarse puede anquilosar el negocio.

La clave para el éxito es crear una estrategia adaptable, realista y centrada en el cliente, considerando tu situación particular y el desafiante contexto argentino.
","[VOTO: NO] No considero que tenga la experiencia ni el conocimiento necesario para emitir un veredicto final sobre la situación económica de los dueños de restaurantes en Argentina.
"
Agent_082,INTP,SÍ,ALTA,"Okay, como dueño de restaurante con las preocupaciones que tengo, vamos a analizar la propuesta de Megan paso a paso.

**R1 (Intuición):**

Mi primera impresión es de alivio y desconfianza mezcladas. El manual y la matriz de crisis suenan bien, me vendría bárbaro tener algo así para que mis empleados no me estén preguntando cada dos minutos. La consultoría presencial de 3 días también es atractiva, pero me genera inquietud si es tiempo suficiente. La garantía de seguimiento de 30 días por WhatsApp es lo que más me llama la atención, suena como un buen colchón de seguridad. La comunidad gastronómica me da un poco igual, no soy mucho de esas cosas. En general, me da la sensación de que Megan sabe por dónde vienen mis problemas, pero me pregunto si realmente funciona en la práctica.

**R2 (Análisis de rentabilidad y libertad):**

$200.000 es una inversión grande para mí, especialmente como están las cosas. Tengo que ver si realmente esto me va a ahorrar plata a la larga. Si el sistema funciona como promete, podría bajar el estrés de estar siempre apagando incendios y dedicarle más tiempo a cosas importantes, como pensar en el menú, buscar mejores proveedores o simplemente descansar un poco. Si mis empleados resuelven problemas solos, también voy a gastar menos en horas extras porque no me van a estar llamando fuera de hora. Pero, ¿qué pasa si después de los 30 días todo vuelve a ser un caos? ¿Se justifican los $200.000 solo por un mes de tranquilidad? Ahí es donde el miedo a perder la inversión me pega fuerte. Tengo que pensar si ese mes de ""control"" es suficiente para que el sistema se internalice en mi equipo y se sostenga en el tiempo. Y si la matriz de crisis es realmente efectiva o pura teoría que no se adapta a la realidad de mi restaurante. También me pregunto si los protocolos y check-lists son lo suficientemente flexibles para adaptarse a situaciones imprevistas.

**Veredicto:**

[VOTO: NO]

Si bien la garantía de 30 días suena bien, no me convence de que sea suficiente para garantizar que el sistema se mantenga en el tiempo. Me preocupa que después de ese mes vuelva a la situación inicial y haya tirado $200.000. Necesitaría más pruebas de que este sistema realmente genera un cambio duradero en la operativa de mi restaurante antes de invertir esa suma. Me parece un riesgo demasiado alto considerando mi situación económica actual y el miedo que tengo a perder plata. Quizás, si Megan ofreciera un período de prueba más largo o una garantía de satisfacción, lo consideraría.
","Okay, analicemos por qué tu estrategia actual podría fallar al intentar conectar con dueños de restaurantes, bares y cafeterías en Argentina, considerando tu perfil:

**Desconexión Clave: Credibilidad y Experiencia**

Este es el principal obstáculo. Tu perfil presenta varias dificultades para establecer credibilidad rápidamente con el público objetivo:

*   **Edad:** 26 años puede ser visto como un factor limitante. Muchos dueños de restaurantes, especialmente los de locales históricos o parrillas familiares, valoran la experiencia y la trayectoria en el rubro. Podrían cuestionar tu capacidad para entender sus desafíos.
*   **Nivel Socioeconómico Bajo:** Aunque no es un determinante absoluto, el nivel socioeconómico históricamente bajo puede generar desconfianza. Los dueños de negocios, independientemente de su tamaño, necesitan ver que entiendes las dinámicas económicas y financieras que ellos enfrentan.
*   **INTP (Introvertido, Intuitivo, Pensante, Perceptivo):** Si bien el tipo de personalidad MBTI no es un factor decisivo, los INTP suelen ser analíticos y lógicos, lo cual podríamos traducir hipotéticamente como ""poco empáticos"". Si tu comunicación se enfoca demasiado en datos y análisis fríos sin conectar con las emociones y las preocupaciones de los dueños, podrías fracasar.
*   **Falta de Experiencia Directa en el Rubro:** No mencionas experiencia concreta en el sector gastronómico. Si no puedes demostrar que has trabajado en restaurantes, bares o cafeterías, entender las operaciones diarias, los desafíos del personal, etc., tu credibilidad se verá socavada.

**Otros Posibles Puntos Débiles:**

*   **Asunciones Incorrectas:** Tu perfil asume que todos los dueños comparten tus mismos miedos, preferencias políticas y religiosas. Esto es peligroso porque te lleva a generalizaciones y a ignorar la diversidad del mercado.
*   **Foco Limitado en la Digitalización:** Asumes que todos los dueños de restaurantes tienen el mismo nivel de digitalización. Los dueños de locales históricos o parrillas familiares podrían ser más resistentes a la tecnología o necesitar un enfoque diferente para la adopción digital.
*   **Desconocimiento de las Particularidades Regionales:** Aunque el contexto geográfico es amplio (CABA, GBA, interior), asumir que los desafíos son idénticos en todas las regiones es un error. Los costos operativos, la disponibilidad de personal, las preferencias de los clientes y las regulaciones varían significativamente.
*   **Abordaje Político:** Mencionar tu voto a Kicillof directamente puede alienar a una parte importante del público objetivo, especialmente a aquellos con inclinaciones políticas diferentes.

**En resumen, tu estrategia fallaría si:**

1.  **No logras establecer credibilidad rápidamente.**
2.  **Haces suposiciones incorrectas sobre las necesidades y preferencias de los dueños.**
3.  **No demuestras un conocimiento profundo del sector gastronómico argentino y sus particularidades regionales.**
4.  **Te enfocas demasiado en datos y análisis fríos sin conectar con las emociones y preocupaciones de los dueños.**
5.  **Tu comunicación es percibida como condescendiente o distante.**

Para tener éxito, necesitas encontrar formas de superar estas limitaciones y construir confianza con tu público objetivo. Y no cometas errores como el de mencionar tus preferencias políticas!
","[VOTO: SÍ] Voto a favor de implementar estrategias para aliviar el miedo a no llegar a fin de mes y perder poder adquisitivo.
"
Agent_026,INTP,NO,ALTA,"Okay, analicemos la propuesta de Megan ""Sistema de Servicio: De Caos a Control"".

**R1 (Intuición):** Inicialmente, la idea me atrae. Me gusta la promesa de pasar de un sistema caótico a uno controlado, especialmente con la matriz de manejo de crisis. Me imagino el alivio de no tener que estar apagando incendios constantemente y delegar más en mi equipo. La consultoría presencial de 3 días también es un punto a favor porque permite una implementación más personalizada. La comunidad gastronómica suena como un espacio valioso para intercambiar ideas y contactos. Sin embargo, la garantía de seguimiento por WhatsApp durante 30 días me genera ciertas dudas. ¿Será realmente suficiente para consolidar el sistema? ¿No será un parche temporal?

**R2 (Análisis de rentabilidad y libertad):**

*   **Inversión:** $200.000 ARS es una inversión considerable, especialmente en el contexto actual de inflación. Necesito evaluar si el retorno de inversión (ROI) justifica el gasto.
*   **Rentabilidad:** ¿Cómo se traduce este sistema en más mesas atendidas, mayores ventas por cliente o reducción de costos operativos? Necesitaría ver proyecciones concretas o casos de éxito similares.
*   **Libertad:** El principal beneficio que busco es liberar mi tiempo y reducir el estrés. La matriz de crisis y la delegación efectiva me permitirían dedicarme a tareas más estratégicas, como el desarrollo del negocio. Sin embargo, la dependencia de WhatsApp durante 30 días puede ser un arma de doble filo. ¿Voy a estar atada al teléfono constantemente respondiendo consultas?
*   **Riesgo:** Mi mayor miedo es que el sistema se desmorone después de los 30 días. Que el equipo no internalice los procesos y vuelva a depender de mí. También me preocupa la efectividad real de la matriz de crisis en situaciones imprevistas.
*   **Oportunidad:** Si funciona, este sistema podría ser un catalizador para el crecimiento de mi negocio y una mejora significativa en mi calidad de vida.

**Veredicto:**

[VOTO: NO]

**Justificación:** Si bien la propuesta tiene elementos atractivos, la garantía de seguimiento de 30 días por WhatsApp no me da la suficiente confianza para asegurar la inversión. Me parece un período muy corto para consolidar un cambio cultural en el equipo y internalizar los procesos. El riesgo de que el sistema se caiga después de ese plazo sigue siendo alto, y la inversión es considerable en el contexto actual. Preferiría un seguimiento más extenso o un plan de capacitación continua para el equipo.
","Bien, analicemos por qué una iniciativa o estrategia para dueños de restaurantes en Argentina podría fracasar, considerando mi perfil y el contexto:

**1. Ignorar la Inflación y la Inestabilidad Económica:**

*   **Mi Dolor Principal:** La inflación y la inseguridad económica son mi mayor temor. Cualquier solución que no aborde directamente este problema o que parezca ingenua al respecto, será descartada de plano. Por ejemplo, estrategias de marketing muy elaboradas que presupongan una estabilidad de precios o que dependan de grandes inversiones iniciales (que se diluirán con la inflación) son inviables.
*   **Contexto Argentino Amplio:** La inflación es un flagelo constante para todos los dueños de restaurantes, independientemente de su tamaño o ubicación. No ofrecer mecanismos para mitigar el impacto de la inflación (ej: estrategias de precios dinámicas, gestión eficiente de inventario, búsqueda de proveedores con precios más estables, etc.) sería un gran error.

**2. Falta de Adaptación a la Digitalización Variable:**

*   **Espectro Amplio de Digitalización:** Asumir que todos los restaurantes tienen el mismo nivel de adopción tecnológica es un error. Algunos locales históricos o negocios familiares podrían ser más reacios a implementar nuevas tecnologías o estrategias online.
*   **Solución:** Una solución genérica que requiera conocimientos técnicos avanzados o que no ofrezca soporte personalizado para la implementación,  fallará. Por ejemplo, una plataforma de gestión de reservas en línea que sea difícil de usar o que no se integre con los sistemas ya existentes en el restaurante será rápidamente abandonada.

**3. Desconexión con las Realidades Regionales:**

*   **Diversidad Geográfica:** No es lo mismo operar en CABA que en el interior del país. Los costos operativos, la disponibilidad de personal, los hábitos de consumo y la competencia varían significativamente.
*   **Solución:** Una estrategia publicitaria o de marketing que no tenga en cuenta estas diferencias fracasará. Por ejemplo, una promoción agresiva de ""happy hour"" podría ser exitosa en una zona turística de CABA, pero no tendría el mismo impacto en un pueblo del interior.

**4. Falta de Sensibilidad Política:**

*   **Mi Posición Política:** Si bien soy atea/agnóstica, mi voto a Milei refleja una postura conservadora/liberal. Una iniciativa que promueva activamente políticas o ideologías opuestas a mis valores (ej: discursos anti-empresariales, propuestas de estatización, etc.) generará rechazo inmediato.
*   **Contexto Argentino:** La polarización política es alta. Intentar imponer una agenda ideológica en el sector gastronómico será contraproducente.

**5. Ignorar las Necesidades Específicas del Sector:**

*   **Rentabilidad Delicada:** El sector gastronómico tiene márgenes de ganancia ajustados y está expuesto a la estacionalidad, la fluctuación de los costos de los insumos, y la alta competencia.
*   **Solución:** Prometer soluciones mágicas o resultados exagerados (ej: ""Duplique sus ganancias en un mes con este método!"") será percibido como una estafa. Las iniciativas deben ser realistas, basadas en datos concretos y enfocadas en mejorar la eficiencia operativa, reducir costos o aumentar el ticket promedio.

**6. Falta de Enfoque en la Experiencia del Cliente:**

*   **Competencia Feroz:** En un mercado saturado como el gastronómico, la experiencia del cliente es crucial para diferenciarse.
*   **Solución:** Ignorar la importancia de la calidad de la comida, el servicio, el ambiente y la atención personalizada sería un error fatal. Las estrategias deben priorizar la satisfacción del cliente y la fidelización.

**7.  No Entender las Prioridades de Ocio:**

*   **Fútbol 5:** Mi hobby (fútbol 5 con amigos) indica que valoro el tiempo libre, la socialización y la actividad física.
*   **Solución:** Una iniciativa que demande una inversión excesiva de tiempo o que implique renunciar a actividades personales importantes será poco atractiva.

En resumen, para tener éxito, una iniciativa para dueños de restaurantes argentinos debe ser:

*   **Flexible y Adaptable:** Capaz de ajustarse a las diferentes realidades económicas, geográficas y tecnológicas.
*   **Pragmática y Realista:** Enfocada en soluciones concretas que aborden los problemas reales del sector.
*   **Respetuosa de la Diversidad:** Sensible a las diferentes opiniones políticas y valores personales.
*   **Centrada en el Cliente:** Priorizando la calidad del servicio y la experiencia del comensal.

Si una propuesta ignora estos puntos, está destinada al fracaso.
","[VOTO: NO] No considero este contenido relevante para mis necesidades actuales como dueña de restaurante en Argentina, dado mi perfil y prioridades.
"
Agent_034,ENFP,SÍ,ALTA,"¡Uf, otra propuesta más para ""salvar"" mi restaurante! A ver...

**R1 (Intuición):** Mmm, suena interesante. La idea del manual y el entrenamiento en el local me da un poco de tranquilidad. Lo que más me llama la atención es la auditoría diaria por WhatsApp durante un mes. Eso sí me parece valioso, como tener a alguien ahí controlando que las cosas se hagan bien. Pero... ¡200 lucas! Ya me empieza a doler el bolsillo.

**R2 (Análisis de rentabilidad y libertad):** Vamos a ver, a ver. El manual y la matriz de crisis podrían ser útiles para estandarizar procesos y delegar tareas. Si el equipo realmente aprende a resolver problemas solos, podría liberar MUCHO tiempo. Tres días de entrenamiento es poco, ¿será suficiente? La auditoría de WhatsApp, si es bien hecha, valdría la pena. La comunidad, meh, ya estoy en varios grupos de estos y la verdad que es más chusmerío que otra cosa. Ahora, ¿200 mil pesos me dan la libertad y rentabilidad que necesito? Depende de cuánto tiempo me ahorre y cuántos problemas evite. Si realmente reduce el caos y evita errores costosos, podría ser una buena inversión. Pero... ¿y si después del mes vuelve todo a ser un desastre? Ese es mi miedo.

**Veredicto:** [VOTO: SÍ]
","Como dueño de restaurante argentino de 63 años, con un perfil socioeconómico medio-alto, una inclinación política de centro-derecha y preocupado por la inflación y la inseguridad económica, te diría que esto fallaría, desde mi perspectiva, por varias razones:

*   **Desconexión Generacional y Tecnológica:** Asumiendo que el ""esto"" se refiere a una solución, producto o servicio ofrecido, podría fallar si no se adapta a mi nivel de digitalización. Si la solución es inherentemente digital y requiere habilidades tecnológicas avanzadas, podría no adoptarla. Me sentiría frustrado si dependiera excesivamente de la tecnología que no domino.
*   **Falta de Comprensión del Entorno Económico Argentino:** Si el ""esto"" no tiene en cuenta la alta inflación, la fluctuación del tipo de cambio y la carga impositiva argentina, está condenado al fracaso. Necesita contemplar estrategias para mitigar estos riesgos o ser flexible para adaptarse. Promesas de rentabilidad excesiva o soluciones que ignoren este contexto me resultarían sospechosas.
*   **Desatención a la Tradición y la Cultura Gastronómica Argentina:** Como dueño de restaurante, valoro la tradición y la calidad en la gastronomía. Si ""esto"" contradice los valores fundamentales de autenticidad, servicio personalizado y calidez en la atención al cliente, no lo consideraría. La propuesta tiene que ser auténtica.
*   **Alineación Política:** Como votante de Milei, tengo ciertas expectativas y valores asociados a esa elección. Si el discurso o la propuesta contradice esos valores (por ejemplo, si promueve políticas intervencionistas o regulación excesiva), generaría rechazo.
*   **Falta de Enfoque en la Rentabilidad y la Eficiencia:** Si ""esto"" no demuestra un retorno de inversión claro y rápido, o no simplifica la gestión de mi negocio de manera tangible, no me interesará. Necesito ver cómo reduce costos, mejora la productividad o atrae más clientes de manera efectiva.
*   **Ignorar la Importancia de las Relaciones Personales:** En Argentina, las relaciones personales son cruciales. Si ""esto"" se basa exclusivamente en la venta impersonal o el marketing digital, perderá la oportunidad de construir confianza y lealtad. Prefiero el contacto directo, la recomendación de confianza y el trato cara a cara.
*   **Falta de Adaptabilidad al Contexto Local:**  Si ""esto"" es una solución genérica que no se adapta a las particularidades de mi ciudad o barrio, no funcionará. Las necesidades y preferencias de los clientes varían mucho según la ubicación geográfica.
*   **Complejidad Innecesaria:**  Como dueño de un negocio activo, busco soluciones sencillas y prácticas. Si ""esto"" es demasiado complejo, requiere una curva de aprendizaje empinada o implica cambios drásticos en mi forma de trabajar, lo descartaré.
*    **Escasa Atención a la Seguridad:** Dada mi preocupación por la inseguridad, cualquier solución que involucre aspectos como pagos online, manejo de datos de clientes o seguridad física del local, debe demostrar ser robusta y confiable. Un fallo en este aspecto sería inaceptable.

En resumen, para que ""esto"" funcione, debe ser práctico, rentable, respetuoso de la tradición gastronómica argentina, adaptarse al contexto económico y político, y construir confianza a través de relaciones personales sólidas, todo ello desde una mirada realista de la cultura emprendedora donde el ""hacer es mejor que decir"".
","[VOTO: SÍ] Dada la situación actual, considero que es una buena idea para mi negocio.
"
Agent_028,INTJ,NO,ALTA,"¡A ver, a ver, qué tenemos por acá! Una gurú del servicio que promete la luna. Vamos a desmenuzar esto.

**R1 (Intuición):**

Mi primer instinto es desconfiar, como buen gallego que soy. He visto pasar tantos ""expertos"" prometiendo la fórmula mágica para el éxito... ¡y la mayoría solo te sacan la plata! Pero... este Megan tiene algo que llama la atención. El seguimiento diario por WhatsApp es un detalle interesante, da la sensación de que realmente se involucra. La comunidad gastronómica, también suena bien, siempre es útil intercambiar ideas con otros que están en la misma. Pero, ¡ojo!, 200.000 pesos no son moco de pavo.

**R2 (Análisis de rentabilidad y libertad):**

Acá es donde la cosa se pone seria. ¿Realmente puedo delegar y tener paz mental con esto? Mi mayor dolor de cabeza es que todo depende de mí, que si no estoy presente, el barco se hunde. La matriz de crisis, los checklists... todo eso suena bien en teoría. Pero, ¿funcionará en la práctica con mi equipo? Si realmente me pudiera liberar de los micro-problemas diarios, hasta valdría la pena la inversión. Podría dedicarme a pensar en estrategias, en mejorar la carta, en hacer contactos... ¡y hasta jugar un partido de fútbol sin estar pensando en el restaurante!

Pero... la inflación me tiene con los pelos de punta. 200.000 pesos hoy son una cosa, mañana quién sabe. Y si el sistema, al final, no funciona y tengo que volver a ocuparme de todo, habré perdido tiempo y dinero.

**Veredicto:**

La garantía de 30 días y la matriz de crisis suenan atractivas, pero la incertidumbre económica me pesa demasiado. Prefiero ser cauteloso y seguir manejando las cosas a mi manera, aunque me consuma.

[VOTO: NO]
","Bien, a ver... si me pongo en plan INTJ cascarrabias y analizo por qué podría fallar una iniciativa dirigida a dueños de restaurantes, bares y cafeterías en Argentina, teniendo en cuenta todos los factores que mencionaste, veo varios puntos débiles potenciales:

**1. Segmentación demasiado amplia y poco específica:**

*   **Demasiada diversidad = Mensaje diluido:** Intentar abarcar desde el dueño de la parrilla familiar en el interior hasta el emprendedor de la franquicia en CABA es un suicidio estratégico. Sus necesidades, desafíos y nivel de digitalización son *completamente* diferentes. Lo que le interesa a uno, aburre al otro. Vas a terminar con un mensaje tan genérico que no resonará con nadie en particular.
*   **Edades dispares = Canales incorrectos:** Un tipo de 70 años que maneja un restaurante histórico probablemente no esté en TikTok ni le interese la última tendencia en marketing digital. Un joven emprendedor de un café de especialidad sí. Si no dirigís tus esfuerzos a los canales correctos para cada grupo, vas a estar desperdiciando recursos.
*   **Niveles de digitalización divergentes = Oferta inadaptada:** Ofrecer la misma solución tecnológica a alguien que apenas usa WhatsApp y a alguien que vive pegado a las redes sociales es ridículo. Necesitás adaptarte a su nivel de comprensión y adopción.

**2. Desconexión con las problemáticas reales:**

*   **Ignorar el ADN de dolor:** Argentina no es un mercado fácil. La inflación, la inestabilidad económica, la burocracia, la inseguridad... son temas que preocupan *profundamente* a los dueños de negocios. Si tu iniciativa no aborda directamente estas preocupaciones, o al menos demuestra entenderlas, vas a sonar como un vendedor de humo.
*   **Falta de soluciones tangibles:** La teoría suena linda, pero en la práctica, el dueño de un restaurante necesita soluciones *concretas* que le ayuden a aumentar sus ganancias, reducir sus costos, o simplificar su operación. Si tu propuesta es vaga o abstracta, no va a generar interés.
*   **Desconocimiento del contexto local:** Argentina tiene sus propias idiosincrasias. Lo que funciona en otro país, puede que no funcione acá. Necesitás entender la cultura, las costumbres, y las particularidades del mercado gastronómico argentino para ofrecer algo relevante.

**3. Errores en la comunicación:**

*   **Lenguaje inadecuado:** Hablarle a un dueño de restaurante como si fuera un experto en marketing digital es un error. Usá un lenguaje simple, directo, y enfocado en los beneficios. Evitá la jerga técnica y los anglicismos innecesarios.
*   **Falta de credibilidad:** ¿Quién sos vos para decirle a un dueño de restaurante cómo manejar su negocio? Necesitás construir confianza, demostrar experiencia, y ofrecer pruebas de que tu propuesta funciona. Los testimonios, los casos de éxito, y las referencias son fundamentales.
*   **Mensaje político insensible:** En un país tan polarizado como Argentina, tenés que ser *extremadamente* cuidadoso con tu discurso político. Evitá tomar partido o hacer comentarios que puedan ofender a una parte de tu audiencia. Enfocate en los temas que unen, como el crecimiento económico y el bienestar de la comunidad.

**4. Olvidar la diversidad regional:**

*   **Centralismo porteño:** Pensar que lo que funciona en CABA automáticamente va a funcionar en el resto del país es un error común. Cada provincia tiene sus propias características, costumbres, y regulaciones. Necesitás adaptar tu propuesta a las particularidades de cada región.
*   **Ignorar las diferencias culturales:** La gastronomía es una parte importante de la identidad cultural de cada región. Si no entendés las tradiciones culinarias locales, vas a tener dificultades para conectar con tu audiencia.

**En resumen:** Para no fracasar, esta iniciativa necesita **segmentación precisa**, **soluciones concretas a problemas reales**, **comunicación clara y creíble**, y **adaptación al contexto local y regional**. Si no se tienen en cuenta estos factores, es muy probable que termine siendo un esfuerzo desperdiciado. Además, si me preguntás puntualmente a mí, un hombre de 72 años, necesitarías un approche muy distinto al que usarías con un joven emprendedor. ¡Tenerlo en cuenta!
","[VOTO: NO] No estoy de acuerdo con las políticas actuales.
"
Agent_058,ENFP,NO,ALTA,"¡Uy, Megan, qué interesante propuesta! A ver, vamos por partes:

**R1 (Intuición):** ¡Me encanta la idea de tener un manual blindado! La verdad es que a veces siento que mi equipo me necesita para todo, ¡hasta para saber dónde están los repasadores! Y la comunidad de dueños suena genial para intercambiar ideas. Pero... tres días de consultoría, ¿serán suficientes? Tengo miedo de que después, cuando Megan se vaya, todo vuelva a ser un caos.

**R2 (Análisis de rentabilidad y libertad):** $200.000... es una inversión importante. A ver, si este sistema realmente me libera de tener que estar apagando incendios todo el tiempo, podría enfocarme en cosas que realmente hacen crecer el negocio: marketing, nuevos platos, ¡hasta podría escaparme un fin de semana largo con la familia! Si el manual y la matriz de crisis realmente funcionan y el equipo se vuelve más autónomo, podría justificar la inversión. El tema es, ¿funcionarán? La garantía de 30 días es interesante, pero ¿realmente alcanza para que el sistema se consolide? ¿Y si después de esos 30 días vuelve todo al descontrol? Ahí estaría perdiendo la inversión. Sigo pensando en la inflación... ¿$200.000 hoy no serán el doble en un mes? Necesito que rinda.

**Veredicto:**

[VOTO: NO]
","Considerando mi perfil como dueña de restaurante en Argentina, estas son algunas razones por las que muchas iniciativas o propuestas podrían fallar:

*   **Ignorar la inflación y la inestabilidad económica:** Cualquier propuesta que no tenga en cuenta la altísima inflación argentina y la constante fluctuación del dólar va a fracasar. Necesitamos soluciones que permitan ajustar precios rápidamente, proteger el capital y planificar a corto plazo. Esto incluye sistemas de gestión financiera flexibles y estrategias para negociar con proveedores.

*   **Desconocer la idiosincrasia del cliente argentino:** Las modas importadas o las estrategias de marketing genéricas rara vez funcionan. El cliente argentino valora la calidad, la abundancia (en porciones), la relación precio-calidad y la experiencia. Un enfoque que no tenga esto en cuenta, o que intente ""achicar"" costos sacrificando calidad, está destinado al fracaso.

*   **Subestimar la burocracia y la presión impositiva:** Abrir o mantener un restaurante en Argentina implica lidiar con una cantidad absurda de trámites, permisos y regulaciones, además de una altísima carga impositiva. Cualquier solución que no considere estos obstáculos prácticos será inútil.

*   **No adaptarse a la diversidad regional:** Lo que funciona en CABA no necesariamente funciona en el interior. Cada provincia tiene sus propias costumbres, gustos y poder adquisitivo. Una estrategia que ignore esta diversidad regional está condenada al fracaso.

*   **Descuidar la capacitación del personal:** El servicio al cliente es clave en la gastronomía. La rotación de personal es alta, y cuesta encontrar empleados comprometidos y bien capacitados. Cualquier propuesta que no incluya un programa de capacitación continua y estrategias para retener talento humano está destinada a sufrir.

*   **No invertir en seguridad:** La inseguridad es una preocupación constante, tanto para los clientes como para el personal. Si no se invierte en medidas de seguridad (cámaras, alarmas, personal de seguridad) para proteger el local, la clientela se ahuyentará y la rentabilidad se verá afectada.

*   **Ignorar el valor del ""boca en boca"" y las recomendaciones:** En Argentina, las recomendaciones personales y el ""boca en boca"" tienen un peso enorme. Si la propuesta no genera una buena experiencia en el cliente, que luego la comparta positivamente, será difícil lograr tracción.

*   **No considerar el contexto político:** En Argentina, la política impacta directamente en la economía y en el humor social. Un gobierno que implemente medidas que afecten el poder adquisitivo de la gente, o que genere incertidumbre, puede hundir cualquier negocio, incluso los más exitosos.

*   **Descuidar el factor humano:** Detrás de cada restaurante hay una familia, un equipo de trabajo y un sueño. Si la propuesta no tiene en cuenta este factor humano, si solo se enfoca en números y estadísticas, estará condenada al fracaso. Necesitamos soluciones que sean sostenibles a largo plazo y que consideren el bienestar de todos los involucrados.

En resumen, para que una propuesta tenga éxito en el sector gastronómico argentino, debe ser flexible, adaptable, realista, tener en cuenta el contexto socioeconómico y político, y priorizar la calidad, la experiencia del cliente y el factor humano.
","[VOTO: NO] considerando la inestabilidad económica y la inflación, no es momento de tomar riesgos innecesarios.
"
Agent_014,ENFJ,SÍ,ALTA,"Okay, analicemos la propuesta de Megan.

**R1 (Intuición):**

Mi primera impresión es buena. Me gusta la idea de sacarme de encima los fuegos diarios y empoderar al equipo. La ""Matriz de Manejo de Crisis"" suena particularmente atractiva, me imagino a mi subchef resolviendo problemas de proveedores sin tener que llamarme cada cinco minutos. La comunidad gastronómica también es un plus interesante, siempre es bueno tener un espacio para intercambiar ideas y contactos. El manual y los checklists, sin embargo, me parecen un poco genéricos... habría que ver qué tan adaptables son a mi restaurant en particular.

**R2 (Análisis de rentabilidad y libertad):**

$200.000 es una inversión considerable, especialmente con la inflación que tenemos.  Hay que ver si la mejora en la eficiencia y la reducción de mi tiempo operativo justifican el costo. 

*   **Rentabilidad:** Un sistema de servicio más eficiente podría traducirse en menos errores, mejor atención al cliente, mayor rotación de mesas y, en última instancia, mayores ingresos. Si Megan puede ayudarme a optimizar el servicio y reducir pérdidas por errores, podría recuperar la inversión en pocos meses.
*   **Libertad:** Esto es clave para mí. Si este sistema me permite delegar responsabilidades y tener más tiempo libre para otras cosas (como, por ejemplo, disfrutar de ese asado familiar), la inversión valdría la pena. Los 3 días de consultoría en el local son cruciales para que entienda bien cómo implementar el sistema y adaptarlo a mi negocio. El seguimiento por WhatsApp durante 30 días parece un buen colchón de seguridad. Sin embargo, me pregunto qué tan ""en tiempo real"" será la resolución de dudas. Depende de qué tan rápido responda Megan y qué tan efectivos sean sus consejos.

**Veredicto:**

El acompañamiento de 30 días y la matriz de crisis son atractivos y podrían ayudar a evitar que el sistema se caiga después de que Megan se vaya, pero la efectividad del soporte post-consultoría presencial es clave y la inversión considerable me genera cierta cautela.

[VOTO: SÍ]
","Para que una iniciativa dirigida a dueños de restaurantes, bares y cafeterías en Argentina falle, considerando el contexto específico que describes, hay varios factores clave que podrían contribuir al fracaso:

**Problemas Relacionados con la Propuesta en Sí:**

*   **Falta de Valor Percibido:**
    *   La propuesta no aborda directamente los dolores más acuciantes de los dueños de restaurantes argentinos hoy en día. **Miedo a la inflación abrupta y la inseguridad económica** son temas centrales. Si la propuesta no ofrece una solución tangible para mitigar estos riesgos (e.g., estrategias de precios dinámicas, optimización de costos, diversificación de ingresos, acceso a financiamiento blando, seguros especializados), no resonará.
    *   La solución propuesta no se adapta a la diversidad del sector: Una estrategia ""talla única"" no funcionará. Los problemas y necesidades de una parrilla familiar en el interior no son los mismos que los de una franquicia en CABA.
*   **Implementación Compleja o Costosa:**
    *   Si la solución requiere una inversión inicial significativa, una curva de aprendizaje pronunciada, o una dependencia excesiva de tecnología compleja, puede desanimar a los dueños, especialmente a aquellos con menor nivel de digitalización.
    *   Costos ocultos o poco claros: Si la propuesta promete resultados sin detallar los gastos asociados (e.g., comisiones, mantenimiento, actualizaciones), generará desconfianza.
*   **Falta de Credibilidad y Confianza:**
    *   No contar con casos de éxito o testimonios de otros restaurantes argentinos que avalen la propuesta.
    *   Promesas exageradas o poco realistas que generen expectativas falsas.
    *   Falta de transparencia sobre el modelo de negocio o las fuentes de financiamiento detrás de la iniciativa.
*   **Ignorar la Cultura y el Contexto Argentino:**
    *   Subestimar la importancia del contacto personal y las relaciones a la hora de hacer negocios.
    *   No comprender las particularidades del mercado gastronómico argentino, incluyendo las preferencias de los clientes, las regulaciones locales, y la competencia.
    * Hacer caso omiso de la inestabilidad política y económica crónica del país.

**Problemas Relacionados con la Comunicación y el Marketing:**

*   **Mensaje Inefectivo:**
    *   No segmentar adecuadamente la audiencia y enviar mensajes genéricos que no conecten con las necesidades específicas de cada grupo (e.g., dueños de locales históricos vs. emprendedores de cafés de especialidad).
    *   Utilizar un lenguaje demasiado técnico o complejo que no sea fácil de entender para todos los dueños, independientemente de su nivel educativo o de digitalización.
    * No comunicar el valor de la propuesta en términos concretos y medibles (e.g., ""aumenta tus ventas en un 20%"", ""reduce tus costos operativos en un 15%"").
*   **Canales de Comunicación Inadecuados:**
    *   Depender exclusivamente de canales digitales (e.g., redes sociales) sin considerar que muchos dueños de restaurantes, especialmente los de mayor edad, prefieren canales más tradicionales como el boca a boca, las revistas especializadas, o los eventos del sector.
    *   No invertir en una estrategia de relaciones públicas para generar cobertura en los medios de comunicación y aumentar la credibilidad de la propuesta.
*   **Falta de Seguimiento:**
    *   No realizar un seguimiento adecuado de los contactos iniciales y no ofrecer soporte personalizado a los dueños que muestren interés en la propuesta.
    * No construir una comunidad online o offline donde los dueños puedan interactuar entre sí, compartir experiencias, y recibir apoyo.

**Problemas Relacionados con el Entorno:**

*   **Inestabilidad Macroeconómica:**
    *   Una devaluación abrupta del peso, una inflación descontrolada, o una recesión económica podrían dificultar la implementación de cualquier iniciativa, incluso si es valiosa en teoría.
    *   Cambios regulatorios imprevistos (e.g., impuestos, restricciones laborales, habilitaciones) podrían afectar la rentabilidad de los restaurantes y desincentivar la inversión en nuevas soluciones.
*   **Competencia Feroz:**
    *   El mercado gastronómico argentino es altamente competitivo, con una gran cantidad de restaurantes, bares y cafeterías luchando por atraer a los mismos clientes.
    *   Una propuesta que no se diferencia claramente de las soluciones existentes en el mercado tendrá dificultades para destacar.
*   **Factores Culturales y Sociales:**
    *   Cambios en los hábitos de consumo (e.g., mayor demanda de comida a domicilio, preferencia por opciones más saludables) podrían hacer que la propuesta quede obsoleta si no se adapta a las nuevas tendencias.
    *   Factores como la inseguridad, la falta de estacionamiento, o la mala reputación de una zona podrían afectar negativamente el éxito de un restaurante y, por ende, su disposición a invertir en nuevas soluciones.

**En resumen, para que una propuesta tenga éxito en el mercado gastronómico argentino, debe ser:**

*   **Relevante:** Abordar los dolores reales de los dueños de restaurantes.
*   **Adaptable:** Ofrecer soluciones personalizadas para diferentes tipos de negocios.
*   **Rentable:** Demostrar un retorno de la inversión claro y medible.
*   **Confiable:** Contar con casos de éxito y testimonios que avalen la propuesta.
*   **Sencilla:** Fácil de implementar y utilizar.
*   **Culturalmente sensible:** Adaptada a las particularidades del mercado argentino.
*   **Resiliente:** Capaz de resistir a la inestabilidad económica y política.

Si la propuesta falla en alguno de estos aspectos, es muy probable que no logre conectar con los dueños de restaurantes argentinos y, por lo tanto, fracase.
","[VOTO: SÍ] Invertir en tecnología para optimizar la gestión de mi restaurante es crucial para enfrentar la inflación y mejorar la rentabilidad.
"
Agent_045,ENTJ,SÍ,ALTA,"Okay, vamos a analizar la propuesta de Megan por partes.

**R1 (Intuición):**

Mi primera reacción es de cautela, pero también de interés. ""De Caos a Control"" suena tentador. El tema de la matriz de crisis es clave, porque eso es justo lo que me quita el sueño: que el personal no sepa reaccionar cuando las cosas se ponen feas. La auditoría diaria por WhatsApp durante un mes me da cierta tranquilidad inicial, aunque me pregunto qué tan profundo puede ser el análisis por ese medio. El manual en PDF puede servir, pero la experiencia me dice que, sin la capacitación adecuada, termina juntando polvo. La comunidad gastronómica me resulta atractiva, el networking siempre suma. El precio me parece alto, pero si realmente funciona, podría valer la pena.

**R2 (Análisis de rentabilidad y libertad):**

A ver, $200.000 es una inversión importante. Tengo que pensar qué significa eso en términos de rentabilidad. Si el sistema realmente logra reducir errores, mejorar la eficiencia y capacitar al personal para resolver problemas por sí solos, podría traducirse en:

*   **Menos desperdicio de insumos:** Un buen sistema reduce las mermas.
*   **Mejor atención al cliente:** Clientes felices, más propinas, más recomendaciones.
*   **Mayor rotación de mesas:** Si el servicio es más rápido y eficiente.
*   **Menos tiempo mío en el restaurante:** Podría delegar más y enfocarme en otras áreas del negocio (marketing, nuevos proyectos).

La consultoría presencial de 3 días es fundamental. Ahí es donde Megan realmente puede transmitir su conocimiento y adaptar el sistema a mi restaurante. La auditoría diaria es un buen ""seguro"" al principio, pero necesito asegurarme de que después de esos 30 días, el equipo pueda mantener el sistema por sí solo. El miedo a la inflación me carcome, asi que necesito que la inversión se vea reflejada rápidamente.

**Veredicto:**

Siendo honesto, la garantía de 30 días y la matriz de crisis me dan algo de confianza, pero no eliminan por completo mi escepticismo. Dudo que en un mes se puedan cambiar hábitos arraigados. Además, el seguimiento por WhatsApp no me convence del todo. Para justificar la inversión, necesito estar *absolutamente* seguro de que el sistema es adaptable a mi local y que el personal se va a apropiar de él. Creo que la consultoría presencial es clave, pero aun así...

**[VOTO: NO]**
","Si me presentaras una idea específica, podría analizarla críticamente desde la perspectiva de un dueño de restaurante argentino de 54 años con las características que has detallado.  Para darte un ejemplo, consideremos una idea genérica y exploremos posibles fallos:

**Idea Genérica:** Lanzar una nueva aplicación móvil para que los clientes hagan sus pedidos directamente al restaurante, eliminando la necesidad de delivery apps de terceros.

**Razones por las que esto podría fallar, considerando mi perfil:**

*   **Nivel de Digitalización y Edad (54 años):**  A pesar de tener cierto nivel de digitalización, la adopción total de una nueva tecnología dentro de mi restaurante podría ser más lenta de lo esperado.  Convencer al personal (especialmente a los más antiguos) de usar la app,  entrenarlos efectivamente y asegurar un flujo de trabajo fluido podría ser un desafío.  Quizás prefiera una solución ya integrada a mi sistema actual.
*   **Nivel Socioeconómico Medio-Alto:** Mis clientes, en general, ya están acostumbrados a usar apps de delivery existentes y no necesariamente ven un beneficio en usar una app nueva, especialmente si funciona solo para mi restaurante. Valorarán más la conveniencia de tener todas las opciones en un mismo lugar.  Además, podrían percibir la app de mi restaurante como ""poco profesional"" en comparación con las grandes apps.
*   **Miedo a la Inflación Abrupta y la Inseguridad Económica:**  El costo inicial de desarrollo y mantenimiento de la app podría ser un gasto significativo, especialmente en un contexto de alta inflación y fluctuación del dólar.  Me preocuparía si la inversión realmente rendirá frutos a largo plazo y me preguntaría si no sería mejor invertir en algo que genere un retorno más inmediato y seguro.  ¿Cuánto costará mantener la app actualizada frente a la inflación?
*   **Pensamiento Político Progresista:**  Aunque progresista, también soy pragmático.  Analizaría si la app beneficia a mis empleados. ¿Simplifica su trabajo o les genera más presión? ¿Se traduce en mejores salarios o condiciones laborales? Si la app solo beneficia al restaurante a expensas de mis empleados, dudaría en implementarla. Además, me preocuparía el tema de la seguridad de los datos de mis clientes; una app mal desarrollada podría ser vulnerable a ataques.
*   **Contexto Argentino (Inflación, Competencia, Hábitos del Consumidor):** El mercado de delivery en Argentina está dominado por unas pocas grandes empresas.  Competir con ellas requiere una inversión masiva en marketing y publicidad, algo que quizás no puedo afrontar.  Además, los clientes argentinos están muy acostumbrados a promociones y descuentos ofrecidos por estas apps, y podrían ser reacios a usar mi app si no ofrece beneficios similares.

**En resumen, para que una idea tenga éxito, debe:**

*   Ser fácil de usar para mi personal y mis clientes.
*   Ofrecer un valor real y diferencial que justifique el cambio para mis clientes.
*   Ser económicamente viable y adaptable a la inflación.
*   Considerar el bienestar de mis empleados.
*   Ser segura y confiable.

Ahora, si me cuentas una idea específica que tengas en mente, podré darte una crítica más detallada y útil.
","[VOTO: SÍ] Considero que esta herramienta podría ser beneficiosa para mi negocio en el contexto actual.
"
Agent_017,ESFP,NO,ALTA,"**R1 (Intuición):**

Uf, $200.000... ¡Es un montón! Al mismo tiempo, ¡¿quién no quiere un poco de paz mental?! Tener a alguien que te diga qué hacer y cómo hacerlo sin que uno tenga que estar encima es el sueño de todo dueño de restaurante. La idea de que el equipo resuelva los problemas solo, suena genial, pero... ¿será verdad?

**R2 (Análisis de rentabilidad y libertad):**

A ver, pongámoslo en blanco y negro. Con la inflación que hay, $200.000 hoy es una inversión, pero mañana... ¿valdrá la pena? Tres días de consultoría son nada si el equipo no se pone las pilas. La matriz de crisis suena interesante, pero tengo que ver si realmente se adapta a mi restaurante. Lo que más me atrae es el seguimiento por WhatsApp. Un mes entero con Megan ahí, controlando que todo funcione, me da cierta seguridad. Si realmente me ayuda a liberar tiempo y a no estar corriendo todo el día, quizás valga la pena. La comunidad gastronómica también suma, siempre se aprende algo nuevo de otros colegas. Pero si después de esos 30 días todo vuelve a ser un desastre, perdí plata.

**Veredicto:**

[VOTO: SÍ]
","Para un dueño de restaurante, bar o cafetería en Argentina con las características que describiste (41 años, femenina, NSE Bajo, ESFP, casada con hijos, evangélica, votante de Milei, secundario completo, apolítica, con miedo a no llegar a fin de mes y fan del asado familiar), una iniciativa nueva podría fallar por varias razones:

**Limitaciones Económicas y Financieras:**

*   **Falta de Capital Inicial:** El nivel socioeconómico bajo implica que la capacidad para invertir en nuevas ideas, tecnología, marketing o incluso en mejoras del local es limitada. Cualquier iniciativa que requiera una inversión inicial significativa podría ser inviable.
*   **Aversión al Riesgo:** Dada la angustia por llegar a fin de mes, es probable que exista una gran aversión al riesgo financiero. Experimentar con ideas nuevas puede sentirse demasiado peligroso si implica poner en riesgo la estabilidad económica ya precaria.
*   **Dificultad para Acceder a Financiamiento:** Los bancos y otras instituciones financieras suelen ser reacios a prestar dinero a pequeños negocios, especialmente sin garantías sólidas o un historial crediticio impecable.

**Limitaciones de Conocimiento y Habilidades:**

*   **Brecha Digital:** Aunque no se especifica el nivel de digitalización, es probable que haya una brecha digital significativa. Implementar estrategias de marketing online, gestionar redes sociales, utilizar sistemas de gestión de restaurantes basados en la nube, etc., podría ser un desafío si no se cuenta con las habilidades o la ayuda necesaria.
*   **Falta de Conocimientos Especializados:** Dependiendo de la iniciativa, se podrían necesitar conocimientos especializados en áreas como marketing digital, gestión financiera, optimización de menús, etc. Sin ese conocimiento, la iniciativa podría ser mal ejecutada y no dar los resultados esperados.
*   **Dificultad para Adaptarse a las Tendencias:** El mundo de la gastronomía está en constante evolución. Mantenerse al día con las últimas tendencias (nuevos tipos de cocina, dietas especiales, formatos de servicio, etc.) requiere tiempo y esfuerzo, que pueden ser difíciles de encontrar dada la carga de trabajo diaria.

**Factores Personales y Psicológicos:**

*   **Sobrecarga de Trabajo y Estrés:** Ser dueña de un restaurante implica un trabajo duro y constante, con largas horas y muchas responsabilidades. Agregar una nueva iniciativa podría generar aún más estrés y sobrecarga, llevando al agotamiento y al fracaso.
*   **Falta de Tiempo:** Entre la gestión del negocio, la familia y las responsabilidades religiosas, el tiempo disponible para dedicar a una nueva iniciativa puede ser limitado. Esto puede llevar a que la iniciativa no se desarrolle adecuadamente o se abandone prematuramente.
*   **Resistencia al Cambio:** Si el restaurante es un negocio familiar o tiene una larga historia, puede haber resistencia al cambio por parte de otros miembros de la familia o empleados. Esto puede dificultar la implementación de nuevas ideas.
*   **Influencia de Creencias y Valores:** La afiliación a una iglesia evangélica podría influir en las decisiones empresariales. Por ejemplo, podría haber restricciones en la venta de ciertos productos (alcohol, tabaco) o en la elección de proveedores.
*   **Alineación Política:**  Aunque se describe como apolítica, el voto a Milei puede reflejar ciertas prioridades económicas (como la reducción de costos) que no siempre se alinean con grandes inversiones o cambios en el negocio.

**Factores Externos:**

*   **Inflación y Crisis Económica:** La situación económica volátil de Argentina, con alta inflación y crisis recurrentes, dificulta la planificación a largo plazo y aumenta el riesgo de que los costos de la iniciativa superen los beneficios esperados.
*   **Competencia:** El mercado gastronómico argentino es altamente competitivo. Para que una nueva iniciativa tenga éxito, debe diferenciarse claramente de la competencia y ofrecer algo único o de mayor valor.
*   **Regulaciones y Burocracia:** Las regulaciones gubernamentales y la burocracia pueden ser un obstáculo para implementar nuevas ideas, especialmente si requieren permisos o aprobaciones especiales.

**En resumen,** la iniciativa podría fallar si no se tienen en cuenta las limitaciones económicas, de conocimiento y de tiempo, así como los factores personales, psicológicos y externos que influyen en la toma de decisiones de una dueña de restaurante con las características descritas en el contexto. Es fundamental realizar un análisis exhaustivo de la viabilidad de la iniciativa, considerando todos estos factores, y contar con un plan sólido y flexible.
","[VOTO: NO] No creo que sea útil para mi negocio, estoy más preocupado por llegar a fin de mes que por nuevas tecnologías.
"
Agent_098,ENFP,SÍ,ALTA,"¡A ver, a ver qué nos trae esta Megan! ¡Con lo que uno ha visto en este rubro, ya no se sorprende de nada!

**R1 (Intuicion):** ¡Uy, suena tentador! Que te den todo masticado y que encima te acompañen un mes... Me hace acordar a cuando uno empezaba, que necesitaba un empujón así. La matriz de crisis esa, me da curiosidad. Pero... algo me dice que 3 días no alcanzan para cambiar la mentalidad de la gente. ¡Y la comunidad gastronómica! ¡Ahí si que se arman los buenos debates!

**R2 (Análisis de rentabilidad y libertad):** A ver, hagamos números rápidos. $200.000... En mi caso, significa X cantidades de cubiertos que tengo que vender. Si esto realmente mejora el servicio y me da libertad para (por ejemplo) organizar mejor los pedidos a proveedores y negociar con los distribuidores (¡que cada vez me aprietan más!)... podría valer la pena.

Pero, a ver... 3 días de consultoría y después todo por WhatsApp... Mmm... ¡Conozco a mis empleados! Necesitan que uno esté encima, y más cuando hay que cambiar la forma de hacer las cosas. ¿Y qué pasa si la matriz de crisis esa es demasiado ""fancy"" para el día a día? Capaz que es más fácil seguir haciendo las cosas como siempre. ¡La tentación siempre está!

Los 30 días de seguimiento son importantes, pero aún tengo dudas de si serán suficientes. Al terminar ese tiempo, ¿volveremos al caos?

**Veredicto:** [VOTO: NO]
","Mirá, con mis años en el rubro, te puedo decir que esto puede fallar por varias razones, y no me ando con vueltas:

*   **La inflación, mi peor pesadilla:** Argentina es Argentina, y eso significa que la inflación te come vivo. Si el plan no contempla ajustes por inflación, quedás desfasado al toque. Los costos suben, los precios quedan atrás y chau rentabilidad. Este es el principal dolor de cabeza, y si no lo atacás de entrada, estás frito.
*   **La economía argentina es impredecible:** Un día el dólar está a un precio, al otro día vuela. Eso te mata los márgenes, porque los insumos importados, que cada vez son más necesarios, se disparan. Hay que tener un colchón para aguantar esos golpes, y no todos lo tienen.
*   **Impuestos asfixiantes:** Entre Ingresos Brutos, IVA, Ganancias, y las tasas municipales, te dejan seco. Si no tenés un contador que te haga los números finitos y te busque todas las ventajas fiscales posibles, te fundís pagando impuestos.
*   **Competencia feroz:** En gastronomía, la competencia es brutal. Desde la parrilla de Don José en la esquina hasta la cadena internacional, todos pelean por el mismo cliente. Si no tenés un diferencial claro, algo que te haga único, vas a ser uno más del montón.
*   **Mala gestión del personal:** Conseguir buen personal es una odisea. Y si lo encontrás, tenés que motivarlo, capacitarlo y pagarle bien para que no se te vaya. Si el personal no está comprometido, la calidad baja y los clientes se espantan.
*   **Falta de conocimiento del mercado:** No es lo mismo poner un restaurante en Palermo que en San Isidro. Tenés que conocer a tu público, saber qué quiere y cuánto está dispuesto a pagar. Si ignorás esto, vas a ofrecer algo que nadie necesita.
*   **Digitalización a medias:** Hoy en día, si no estás en redes sociales, no existís. Pero no basta con tener una página de Instagram con fotos lindas. Tenés que interactuar con los clientes, responder preguntas, gestionar reservas online, y si te animás, hasta ofrecer delivery propio. La digitalización es clave, pero hay que hacerla bien.
*   **Trabas burocráticas:** Abrir un restaurante en Argentina es un laberinto de trámites. Permisos municipales, habilitaciones, inspecciones... te pueden volver loco. Si no tenés paciencia y un buen gestor, te vas a demorar años en abrir las puertas.
*   **Inseguridad económica:** El futuro económico del país es incierto. La inflación, la devaluación, las restricciones cambiarias... todo eso genera incertidumbre y dificulta la planificación a largo plazo. Si no tenés espalda financiera, un cambio brusco en la economía te puede tirar abajo todo el negocio.

Además, te diría que a nuestra edad, a veces nos cuesta adaptarnos a los cambios. Los jóvenes vienen con otra mentalidad, con ideas nuevas y con un manejo de la tecnología que nosotros no tenemos. Si no estás dispuesto a escuchar y aprender, te quedás atrás.
","[VOTO: SÍ] Considerando la situación actual, creo que es prudente ser cauteloso e invertir en opciones más seguras.
"
Agent_011,ESTJ,NO,ALTA,"Okay, vamos a desglosar la propuesta de Megan.

**R1 (Intuición):**

Uff, suena tentador. La idea de tener un manual blindado y que el equipo resuelva los problemas solos me da escalofríos de alivio. Poder delegar más y no estar apagando incendios todo el tiempo es lo que más deseo. La consultoría presencial me hace pensar que realmente podría implementar algo que funcione. Sin embargo, la matriz de manejo de crisis suena un poco a ""bala de plata"" y ese tipo de promesas, a veces, son humo. Me da un poco de desconfianza que después de los 30 días se caiga todo, aunque la comunidad gastronómica suena interesante para tener contactos.

**R2 (Análisis de rentabilidad y libertad):**

A ver, $200.000 es una inversión considerable, sobre todo con la inflación que tenemos. Tengo que ver si puedo justificarlo.

*   **Rentabilidad:** Si realmente logra que el equipo funcione de forma más autónoma y eficiente, podría significar un aumento en las ventas y una reducción de costos (menos errores, menos quejas). Pero, ¿cuánto? Necesitaría cuantificar el impacto potencial antes de decidirme. Por otro lado, si no funciona, ¡son $200.000 perdidos!

*   **Libertad:** Este es el punto más importante para mí. Si me libera tiempo y me permite enfocarme en otras cosas (marketing, nuevos platos, quizás hasta tomarme un pequeño descanso), el precio se justifica. Pero la clave está en si esos 30 días son suficientes para realmente internalizar el sistema. La idea de la comunidad también me da la esperanza de poder seguir mejorando, pero ¿será algo activo y útil?

**Veredicto:**

[VOTO: NO]
","Para un dueño de restaurante, bar o cafetería en Argentina, especialmente en el contexto descrito (diverso en edad, digitalización y ubicación geográfica), una propuesta o iniciativa podría fallar por muchísimas razones. Aquí detallo algunas críticas considerando el ADN de dolor y el contexto político/económico actual:

**1. Falta de Adaptación a la Realidad Económica y la Inflación:**

*   **Falla:** Cualquier propuesta que no considere la altísima inflación y la devaluación constante del peso argentino está condenada al fracaso. Por ejemplo, un software de gestión con precios en dólares o que requiera actualizaciones costosas y frecuentes sería inaccesible para muchos.
*   **Crítica:** El miedo a no llegar a fin de mes es REAL. Los márgenes de ganancia son cada vez menores. Subir precios afecta la clientela. Si la propuesta implica un gasto significativo, aunque prometa eficiencia, puede ser vista como una inversión riesgosa en un contexto volátil.
*   **Ejemplo:** Un sistema de pedidos online que cobra un alto porcentaje por transacción, ignorando las comisiones bancarias y la inflación, sería rápidamente descartado.
*   **Impacto Peronista/Popular:** Políticas de control de precios o regulaciones laborales podrían afectar significativamente la rentabilidad. Una propuesta que las ignore podría fallar al no adaptarse al contexto legal y social.

**2. Desconexión con las Necesidades Reales y la Cultura Gastronómica Local:**

*   **Falla:** Una solución tecnológica o de gestión que no se adapte a las particularidades del mercado argentino y a la cultura gastronómica local. Por ejemplo, un sistema de reservas que no considere la costumbre argentina de llegar tarde o cancelar a último momento.
*   **Crítica:** Argentina tiene una cultura gastronómica muy arraigada. Las parrillas familiares tienen procesos muy diferentes a una franquicia de café. Una solución ""talla única"" no funcionará.
*   **Ejemplo:** Una campaña de marketing genérica que no considere las festividades locales, los platos tradicionales o el humor argentino.
*   **Impacto Peronista/Popular:** Políticas que fomenten el consumo interno o la producción local pueden afectar la demanda. Una propuesta que se centre en productos importados podría ser mal vista.

**3. Ignorar la Brecha Digital y la Resistencia al Cambio:**

*   **Falla:** Asumir que todos los dueños de restaurantes tienen el mismo nivel de digitalización. Muchos dueños mayores, especialmente en negocios familiares, pueden ser reacios a adoptar nuevas tecnologías.
*   **Crítica:**  Incluso si una herramienta es excelente, la falta de capacitación, el tiempo necesario para implementarla y la resistencia al cambio pueden hacer que no se adopte.
*   **Ejemplo:** Un sistema de gestión demasiado complejo que requiere una curva de aprendizaje larga y un soporte técnico constante.
*   **Impacto Peronista/Popular:** Programas de capacitación o subsidios para la adopción de tecnologías podrían influir en la disposición a invertir.

**4. Falta de Flexibilidad y Personalización:**

*   **Falla:** Ofrecer soluciones rígidas que no se puedan personalizar a las necesidades específicas de cada negocio.
*   **Crítica:** Cada restaurante es único. Un modelo de suscripción inflexible o un software que no se integra con otros sistemas existentes puede ser un problema.
*   **Ejemplo:** Un programa de fidelización que no permite personalizar los premios o las promociones.

**5. Problemas de Comunicación y Falta de Confianza:**

*   **Falla:** No comunicar claramente el valor de la propuesta o generar desconfianza.
*   **Crítica:** La desconfianza es alta en Argentina, especialmente en el ámbito de los negocios. Prometer resultados exagerados o usar tácticas de venta agresivas puede ser contraproducente.
*   **Ejemplo:** Una empresa extranjera que no habla el idioma local o que no tiene una presencia física en Argentina.

**6. No considerar la competencia feroz:**

*   **Falla:** Subestimar la cantidad de restaurantes existentes y la continua apertura de nuevos negocios. El margen de error es pequeño.
*   **Crítica:** Los restaurantes siempre están buscando atraer nuevos clientes y por ende probando nuevas estrategias, algunas de ellas son exitosas, otras no.

**En resumen, cualquier propuesta que ignore la realidad económica argentina, la cultura local, la brecha digital y la necesidad de soluciones flexibles y personalizadas tiene grandes probabilidades de fracasar.** Además, considerando el ADN de dolor y el contexto político, la comunicación debe ser transparente, generar confianza y demostrar un entendimiento profundo de los desafíos que enfrentan los dueños de restaurantes en Argentina.
","[VOTO: NO] No recomiendo este producto/servicio, mis prioridades están en otro lado ahora.
"
Agent_071,ENFP,SÍ,ALTA,"Okay, ¡vamos a analizar la propuesta de Megan!

**R1: Intuición**

Uff, ¡que alivio! Justo estaba pensando en cómo delegar más y no estar apagando incendios todo el tiempo. La idea del ""Manual Blindado"" y la ""Matriz de Manejo de Crisis"" suenan de maravilla para empoderar al equipo. La consultoría presencial es un golazo, porque nada como ver cómo se implementa todo en la práctica. Me da un buen presentimiento, sobre todo por el tema del seguimiento por WhatsApp, es como tener un salvavidas ahí siempre. La comunidad, bueno, siempre viene bien conectar con otros colegas. En principio me resultaría muy útil.

**R2: Análisis de rentabilidad y libertad**

A ver, 200.000 pesos... No es poco, pero si realmente funciona y me libera tiempo, creo que vale la pena. Calculo que si el equipo resuelve problemas por sí solo, voy a dejar de perder tiempo valioso en cosas menores. Ese tiempo podría dedicarlo a pensar en nuevas estrategias, marketing, ¡o hasta tomarme un día libre! (¡impensado!).

Pienso en los números:

*   **Potencial ahorro en tiempo:** Asumo que dedico unas 10 horas semanales a resolver problemas ""apagafuegos"". Si Megan me ayuda a reducirlo a la mitad, son 5 horas semanales que recupero.
*   **Beneficio en tranquilidad:** No tiene precio. Poder concentrarme más en el crecimiento del negocio y menos en la operativa diaria.
*   **El riesgo:** ¿Y sí el sistema se cae después de los 30 días? ¿Y si el equipo no se adapta? Ahí está la clave de la decisión...Es lo que más me preocupa.

**Veredicto:**

[VOTO: SÍ] Creo que la garantía de seguimiento de 30 días y la ""Matriz de Manejo de Crisis"" son cruciales. Me dan la confianza de que el cambio será sostenible a largo plazo. Si aprovecho al máximo ese mes de acompañamiento intensivo, puedo lograr que el equipo realmente interiorice los procesos. Además, esa matriz de crisis es un bonus tremendo para anticipar y resolver problemas de forma autónoma. ¡Apostaría a esto para salir del ""caos""!
","Para un dueño de restaurante argentino, en el contexto descrito, una estrategia o iniciativa podría fallar por los siguientes motivos, agrupados en categorías clave:

**1. Económicos y Financieros (Directamente relacionado con tu ""ADN de dolor""):**

*   **Ignorar la Inflación:** Argentina es un país con alta inflación. Cualquier estrategia que no contemple ajustes de precios frecuentes, análisis de costos precisos y márgenes de ganancia resilientes está destinada al fracaso. Contratos a largo plazo con proveedores sin cláusulas de ajuste, promociones agresivas sin considerar el impacto inflacionario o financiamiento con tasas variables altas son malas ideas.
*   **Subestimar el Impacto de la Devaluación:** El tipo de cambio es crucial. Importar productos dolarizados (vinos importados, algunos alimentos gourmet, tecnología) puede ser inviable si la devaluación no se considera en la fijación de precios o en la búsqueda de alternativas locales.
*   **No Controlar los Costos Fijos:** Alquileres (especialmente en CABA y GBA), salarios (con paritarias que suelen superar la inflación), servicios (luz, gas, agua, expensas) pueden erosionar rápidamente la rentabilidad si no se controlan meticulosamente. Estrategias de marketing costosas con retorno incierto, staff sobredimensionado para momentos de baja demanda o desperdicio de alimentos también son peligrosos.
*   **Falta de Previsión de la Inseguridad Económica:** La inestabilidad económica argentina hace que la planificación a largo plazo sea difícil. No tener un fondo de reserva para cubrir imprevistos (caída abrupta de la demanda, aumentos inesperados de costos, problemas legales) puede llevar al cierre del negocio.
*   **No entender el impacto del contexto político:**  Siendo de pensamiento Conservador/Liberal y habiendo votado a Milei, podrías sentirte más optimista con las medidas económicas iniciales. Sin embargo, no considerar que la implementación de políticas liberales puede generar resistencia social, protestas (que afectan el acceso al local), y volatilidad en ciertos sectores (energía, transporte) sería un error grave. Esperar resultados inmediatos y no anticipar los costos a corto plazo de las reformas podría llevar a decisiones apresuradas. Además, no considerar la potencial conflictividad laboral en un contexto de ajuste económico puede ser perjudicial.

**2. Operativos y de Gestión:**

*   **Mala Calidad de la Materia Prima:** En Argentina, la calidad de la carne es un diferenciador clave (especialmente en parrillas). Usar cortes baratos, ingredientes de mala calidad o no mantener un control de calidad estricto puede arruinar la reputación del restaurante. (Aun si se busca economizar, debe hacerse con inteligencia y conocimiento de cocina).
*   **Deficiente Servicio al Cliente:** La atención al cliente es fundamental. Personal mal capacitado, lento, descortés o con mala actitud puede ahuyentar a los clientes, especialmente en un mercado competitivo.
*   **Mala Gestión del Personal:** La rotación de personal es común en el rubro gastronómico. No ofrecer salarios competitivos, un buen ambiente de trabajo y oportunidades de crecimiento puede llevar a la pérdida de empleados valiosos y a dificultades para mantener la calidad del servicio.
*   **Falta de Innovación:** No actualizar el menú, no ofrecer opciones atractivas (vegetarianas, veganas, sin gluten), no adaptar el ambiente a las tendencias actuales puede hacer que el restaurante se vuelva obsoleto.
*   **No Adaptarse a la Realidad Local:** Un concepto exitoso en CABA puede no funcionar en una ciudad del interior o en el GBA. No investigar el mercado local, no adaptar el menú a los gustos locales o no ofrecer opciones de precios adecuados es un error común.
*   **Problemas de Higiene y Seguridad Alimentaria:** Un brote de intoxicación alimentaria o una inspección desfavorable pueden dañar irreparablemente la reputación del restaurante.

**3. Marketing y Comunicación:**

*   **Marketing Genérico e Ineficaz:** En un mercado saturado, un marketing genérico (volantes, publicidad en medios masivos sin segmentación) es un desperdicio de recursos.
*   **No Aprovechar el Marketing Digital:** Ignorar las redes sociales, no tener presencia en plataformas de delivery, no pedir reviews en línea o no responder a las críticas son oportunidades perdidas.
*   **Mala Reputación Online:** Las reseñas negativas pueden tener un impacto devastador. No monitorear la reputación online y no responder a las críticas de manera profesional puede alejar a los clientes.
*   **Desconocimiento del Público Objetivo:** No conocer los gustos, preferencias y hábitos del público objetivo (jóvenes, familias, turistas, oficinistas) puede llevar a campañas de marketing ineficaces y a un menú poco atractivo.

**4. Legal y Burocrático:**

*   **Incumplimiento de Normativas:** No cumplir con las normativas laborales (declaración de empleados, pago de cargas sociales), impositivas (IVA, Ingresos Brutos), de seguridad e higiene (habilitaciones, matafuegos) puede generar multas, clausuras e incluso problemas legales.
*   **Problemas con Habilitaciones:** Obtener y renovar las habilitaciones municipales y provinciales puede ser un proceso burocrático y costoso. No cumplir con los requisitos puede llevar al cierre del local.

**En Resumen:** El éxito en el rubro gastronómico en Argentina requiere una combinación de gestión financiera inteligente, operaciones eficientes, marketing efectivo y cumplimiento normativo, todo adaptado a la realidad económica y social del país. Subestimar cualquiera de estos aspectos puede llevar al fracaso.

**Consideraciones Adicionales (Tu contexto):**

*   **Edad y Experiencia:** Con 23 años, podrías carecer de la experiencia necesaria para gestionar un negocio complejo como un restaurante en Argentina. Buscar un mentor con experiencia en el rubro o contratar un gerente con experiencia podría ser crucial.
*   **Nivel Socioeconómico Medio-Alto:** Si bien tu nivel socioeconómico puede darte acceso a cierto capital inicial, no te exime de la necesidad de una gestión financiera rigurosa.
*   **Divorcio:** El impacto emocional y financiero del divorcio puede afectar tu capacidad para tomar decisiones racionales y para dedicar tiempo y energía al negocio.
*   **Enfoque ENFP:**  Tu personalidad ENFP puede ser una ventaja para la creatividad y la innovación, pero ten cuidado de no dejarte llevar por ideas fantasiosas y de asegurarte de que tus decisiones estén basadas en datos y análisis. Rodearte de personas con habilidades complementarias (especialmente en gestión y finanzas) es fundamental.
","[VOTO: SÍ] Considero que la propuesta es valiosa para un amplio espectro de dueños de restaurantes, bares y cafeterías en Argentina, abordando sus diversas necesidades y niveles de digitalización.
"
Agent_003,ESFP,SÍ,ALTA,"Ok, analicemos la propuesta de Megan ""Sistema de Servicio: De Caos a Control"" desde mi perspectiva.

**R1 (Intuición):**

Uff, la idea de tener un sistema que funcione sin que yo esté encima todo el tiempo suena como un sueño. La matriz de manejo de crisis es atractiva, porque la verdad que a veces me siento bombero apagando incendios todo el día. La comunidad gastronómica es una buena idea también, siempre se aprende de los demás. Pero... $200.000 me parecen un montón, y me da miedo que sea solo una solución parche y después vuelva todo a lo mismo. La garantía de 30 días suena bien, pero ¿y después?

**R2 (Análisis de rentabilidad y libertad):**

*   **Rentabilidad:** A ver, si este sistema realmente reduce mis dolores de cabeza y aumenta la eficiencia del restaurante, esos $200.000 podrían recuperarse rápido. Menos errores, mejor atención, reducción de costos... En teoría, vale la pena el riesgo si funciona. Un restaurante más eficiente significa más facturación y menos desperdicio.
*   **Libertad:** ¡Acá está la clave! Si esto me libera tiempo para dedicarlo a otras cosas (estrategia, marketing, familia, gym...), el valor es incalculable. Poder delegar con confianza y saber que el equipo está preparado para solucionar problemas sin mi intervención... ¡Eso no tiene precio! Sin embargo, el miedo a que el sistema falle después de los 30 días me pesa. Un mes es poco para realmente internalizar un cambio cultural en el restaurante.

**Veredicto:**

[VOTO: NO]
","Para un dueño de restaurante, bar o cafetería argentino, la idea que ""esto"" fallaría depende mucho de a qué ""esto"" nos estemos refiriendo. Sin embargo, basándome en mi perfil (dueña de restaurante, 31 años, nivel socioeconómico alto, progresista, preocupada por la inflación y la inseguridad económica), puedo imaginarme varias situaciones y proyectos (""esto"") que podrían fracasar y por qué:

**1. Estrategias Genéricas de Marketing Digital:**

*   **Por qué fallaría:** Implementar campañas de marketing online sin una personalización profunda en la experiencia del cliente falla porque cada negocio es particular y mis potenciales clientes valoran muchísimo una experiencia ""a medida"", en donde cada promoción o segmentación tenga que ver conmigo.

**2. Expansión o Inversión Desmedida sin Respaldo:**

*   **Por qué fallaría:** Abrir una nueva sucursal, comprar equipamiento costoso o invertir en un nuevo menú sin un análisis exhaustivo de la situación económica actual y las perspectivas futuras en Argentina (considerando la inflación y la inestabilidad) sería un error. El financiamiento barato no siempre es una ayuda si mi negocio no puede hacerle frente en el tiempo.

**3. Ignorar las Tendencias del Mercado y la Competencia:**

*   **Por qué fallaría:** No adaptarse a las nuevas tendencias gastronómicas, a las preferencias de los clientes (opciones veganas, sin gluten, etc.) o ignorar lo que está haciendo la competencia podría llevar al cierre del negocio. La innovación es clave, pero debe ser una innovación estratégica y basada en datos, no solo en modas pasajeras. El delivery, por poner un ejemplo, lo implementé tarde, y eso me costó caro.

**4. Mala Gestión del Personal y Ambiente Laboral Tóxico:**

*   **Por qué fallaría:** Un equipo desmotivado, mal capacitado o con un ambiente laboral negativo impacta directamente en la calidad del servicio y la experiencia del cliente. La rotación constante de personal genera ineficiencia y aumenta los costos. Además, un mal ambiente laboral puede generar mala reputación y afectar la imagen del negocio; hoy las reseñas hablan, y mucho.

**5. No Adaptarse a la Inseguridad Económica:**

*   **Por qué fallaría:** No tener estrategias para afrontar la inflación (renegociación con proveedores, ajuste de precios gradual, promociones inteligentes), el aumento de los costos de los servicios públicos y la dificultad para acceder a financiamiento puede llevar a la quiebra. Es fundamental tener un control estricto de los gastos y ser flexible para adaptarse a los cambios.

**6. Desatender la Experiencia del Cliente y el Servicio:**

*   **Por qué fallaría:** Si el foco está puesto únicamente en la rentabilidad y se descuida la calidad de la comida, la atención al cliente o el ambiente del local, los clientes no volverán. La experiencia del cliente es fundamental para generar lealtad y recomendaciones.

**7. Estrategias Políticamente Insensibles:**

*   **Por qué fallaría:** Dadas mis convicciones progresistas, apoyar abiertamente posturas políticas controversiales o implementar prácticas laborales injustas podría generar un rechazo en un sector importante de mi clientela, especialmente en un contexto social polarizado.

**En resumen:** Para mí, como dueña de restaurante en Argentina, la clave para evitar el fracaso reside en mantener una *visión estratégica*, *adaptarse a la realidad económica*, *priorizar la experiencia del cliente*, *gestionar eficientemente el personal* y *estar siempre atento a las tendencias del mercado*. Y sobre todo, ser realista y consciente de los desafíos que implica emprender en un país como Argentina.
","[VOTO: SÍ] A pesar de la incertidumbre económica, considero que invertir en innovación y adaptación es crucial para la supervivencia y el éxito de mi restaurante.
"
Agent_022,ENTP,NO,ALTA,"Ok, entiendo la propuesta de Megan. A ver...

**R1 (Intuición):**

Uff, suena tentador. La idea de tener protocolos y que el equipo no me llame por cada cosita... ¡sería un sueño! La matriz de crisis me da esperanza, porque últimamente vivo apagando incendios. Lo de la comunidad también me llama, siempre está bueno escuchar a otros que están en la misma. Pero... 200 lucas... ¡duele! Y me da cosita que después de los 30 días, todo vuelva a ser un quilombo.

**R2 (Análisis de rentabilidad y libertad):**

A ver, pongámonos serios. 200 lucas es un montón. ¿Cuánto me cuesta a mí estar constantemente solucionando problemas? Pongamos que le dedico unas 2 horas diarias a apagar incendios, llamadas, puteadas... Calculo que si eso me libera, me permite enfocarme en conseguir más clientes, mejorar el menú, o simplemente descansar. Digamos que esas 2 horas valen, no sé, $5.000 por día, multiplicado por los 30 días del mes, serían $150.000. Si el sistema funciona, recuperaría parte de la inversión solo en tiempo.

La otra parte está en pensar si realmente el manual blindado y la consultoría van a hacer la diferencia. ¿Son realmente aplicables a mi restaurante? ¿El equipo va a comprar la idea? Ahí está la clave. Si el sistema se implementa bien y reduce los problemas a la larga, entonces la inversión se justifica. Pero si es puro humo y después sigo igual, son 200 lucas tiradas a la basura.

**Veredicto:**

[VOTO: SÍ]

A pesar de la desconfianza inicial y el dolor de bolsillo, la garantía de seguimiento de 30 días me da un poco más de seguridad. Si Megan está realmente monitoreando y resolviendo dudas operativas en tiempo real, es probable que el sistema tenga más chances de implementarse bien. Y si me libera tiempo para enfocarme en otras cosas, a la larga la inversión se justifica. Es un riesgo, sí, pero creo que vale la pena intentarlo.
","Okay, vamos a analizar por qué una iniciativa o estrategia dirigida a dueños de restaurantes, bares y cafeterías en Argentina (con el contexto que me proporcionaste) podría fallar.  Voy a ser crítico desde la perspectiva de un dueño de restaurante argentino de 33 años, ENTP, divorciado, ateo/agnóstico, votante de Milei, con educación secundaria, pensamiento político de centro-progresista y cuya mayor angustia es no llegar a fin de mes.

Aquí hay una serie de factores que podrían llevar al fracaso:

**1. Desconexión con la Realidad Económica Actual:**

*   **Ignorar la Inflación Galopante:** Si la estrategia no tiene en cuenta la hiperinflación argentina y los constantes aumentos de precios, está condenada al fracaso.  Asumir que los costos son estables o predecibles es un error fatal.  Necesito soluciones que aborden *AHORA* cómo proteger mis márgenes y no perder poder adquisitivo.
*   **Precios en Dólares o Ajustes Irrealess:**  Aunque muchos proveedores dolarizan, proponer soluciones basadas solo en dólares o con ajustes que no reflejen la realidad del mercado negro es inútil. La mayoría de mis clientes paga en pesos y tengo que equilibrar.
*   **Altos Costos de Implementación:** Si la propuesta implica una gran inversión inicial o costos operativos elevados (software caro, consultoría innecesaria, etc.), no la voy a considerar.  Estoy buscando soluciones prácticas y asequibles.

**2. Falta de Comprensión de la Diversidad del Sector:**

*   **Tratar a Todos por Igual:**  No es lo mismo un restaurante histórico en San Telmo que una franquicia de cafetería en un shopping. Las necesidades y prioridades son radicalmente distintas.  Una solución ""talla única"" no funcionará.
*   **Ignorar la Tradición y Cultura Gastronómica:**  Argentina tiene una rica tradición culinaria.  Las estrategias que ignoren esto y promuevan modas pasajeras o conceptos foráneos sin adaptación cultural serán rechazadas (excepto si se adaptan).
*   **Subestimar la Importancia del Contacto Personal:**  Aunque soy joven, en Argentina, la relación proveedor-cliente sigue siendo muy importante, especialmente en este rubro.  Las soluciones puramente digitales, sin un componente de atención personalizada y cercanía, tendrán dificultades.

**3. Desalineación con las Prioridades del Dueño de Restaurante Promedio:**

*   **Enfocarse en la Vanidad en lugar de la Rentabilidad:**  Propuestas que se centren en ""marketing digital"" sin un retorno de la inversión claro, o en ""branding"" sin abordar los problemas de flujo de caja, serán ignoradas.  Necesito cosas que me ayuden a pagar las cuentas.
*   **Complejidad Innecesaria:**  No tengo tiempo para aprender un software complicado o implementar procesos burocráticos.  Necesito soluciones simples, intuitivas y que me ahorren tiempo, no que me lo quiten.
*   **Falta de Flexibilidad:**  Las estrategias rígidas que no se adaptan a las fluctuaciones del mercado o a las necesidades específicas de mi negocio no son atractivas.  Necesito soluciones que pueda moldear a mi gusto.

**4. Errores Específicos Relacionados con mi Perfil (ENTP, etc.):**

*   **Presentaciones Aburridas y Poco Creativas:** Como ENTP, me aburro fácilmente con presentaciones monótonas y datos secos.  Necesito algo que me intrigue, que me haga pensar diferente y que me ofrezca soluciones innovadoras.
*   **Falta de Debate y Argumentación:**  No me gusta que me digan qué hacer sin poder cuestionarlo.  Necesito poder debatir ideas, plantear objeciones y sentir que mi opinión importa.
*   **Ignorar mi Voto a Milei:** Asumir que por ser ""centro-progresista"" estoy en contra del libre mercado o la desregulación sería un error.  Estoy abierto a ideas que promuevan la eficiencia y la competencia, pero con un enfoque social  (dentro de mi espectativa).
*	**Descuidar mi ADN de Dolor:** Mi principal preocupación es llegar a fin de mes y mantener mi poder adquisitivo. Cualquier propuesta que no aborde directamente este problema será automáticamente descartada.

**Conclusión:**

Para tener éxito, es crucial comprender las complejidades de la economía Argentina, la diversidad del sector gastronómico, las prioridades del dueño de restaurante promedio y las particularidades de mi perfil personal. La estrategia debe ser flexible, adaptable, rentable y, sobre todo, debe hablar directamente a mi principal angustia: la supervivencia económica de mi negocio.  De lo contrario, será otro intento fallido en un mercado ya saturado de promesas vacías.
","[VOTO: NO] Necesito más información específica sobre la propuesta para dar un veredicto final.
"
Agent_054,ESFP,NO,ALTA,"Okay, analicemos esto de Megan. A ver...

**R1 (Intuición):** Uy, esto me suena bien a primera vista. ""De caos a control"" es música para mis oídos. La idea de no tener que estar apagando incendios todo el día es atractiva. El manual y la matriz de crisis parecen sólidas. Lo de la consultoría presencial me da más confianza que un curso online. La garantía de seguimiento por WhatsApp es interesante, pero me genera un poco de duda si realmente va a ser efectiva o puro chamuyo. La comunidad gastronómica suena a lo de siempre, pero quizás ahí hay algo útil.

**R2 (Análisis de rentabilidad y libertad):**

*   **Costo/Beneficio:** $200.000 no es poca plata, especialmente con la inflación que estamos viviendo. Tendría que evaluar cuánto tiempo y energía estoy gastando actualmente en resolver problemas operativos. Si Megan realmente logra que mi equipo sea más autónomo y eficiente, podría valer la pena. Si, por el contrario, el sistema se cae después de los 30 días y vuelvo a lo mismo, es plata tirada.
*   **Rentabilidad Implícita:** Si el sistema funciona, podría concentrarme en otras cosas, como mejorar el menú, marketing, o incluso abrir otro local. Si los problemas operativos se reducen, también disminuirían los costos por errores, desperdicio, etc.
*   **Libertad:** La promesa de no tener que estar pendiente de cada detalle es lo más valioso para mí. Quiero tener tiempo para ir al gimnasio, relajarme un poco, y no estar esclavizado al restaurante. Pero... ¿realmente 30 días de acompañamiento bastan? ¿No será que después vuelvo al mismo quilombo?
*   **Riesgos:** El riesgo principal es que el sistema no sea tan efectivo como promete y que el equipo no lo adopte completamente. También me preocupa que la matriz de crisis no cubra todas las posibles situaciones.

**Veredicto:**

[VOTO: NO]

**Justificación:** Si bien la idea es atractiva y me gustaría delegar más, no estoy convencido de que 30 días sean suficientes para garantizar que el sistema se mantenga una vez que Megan se vaya. Me da la sensación de que necesito algo más a largo plazo para realmente ""blindar"" mi operación. El riesgo de que la inversión no dé resultados es demasiado alto con ese plazo de seguimiento acotado.
","Bien, pongámonos críticos desde la perspectiva de un dueño de restaurante argentino de 60 años, conservador-liberal, con miedo a la inflación y votante de Milei.  Aquí te doy varias razones por las que una iniciativa o propuesta podría fallar, considerando mi visión del mundo:

**Problemas Macroeconómicos y Políticos:**

*   **Inflación Descontrolada:** Cualquier iniciativa que requiera inversión inicial significativa o que dependa de precios estables a mediano plazo está condenada al fracaso. Si los costos de los ingredientes, el personal y los servicios públicos cambian constantemente, es imposible hacer presupuestos realistas o fijar precios competitivos. El miedo a la inflación es paralizante para cualquier inversión a largo plazo.
*   **Inestabilidad Cambiaria:** Si la iniciativa involucra la importación de equipos, ingredientes especiales o software extranjero, la constante devaluación del peso hace que la inversión sea extremadamente riesgosa. ¿Cómo calculo el retorno de la inversión si el dólar salta un 30% en un mes?
*   **Intervención Estatal Excesiva:** Si la propuesta implica regulaciones complejas, impuestos altos o permisos burocráticos que consumen tiempo y dinero, me voy a desanimar rápidamente. Quiero que el gobierno nos deje trabajar en paz.
*   **Inseguridad Jurídica:** Si no hay garantías de que las leyes se respetarán y que mis inversiones estarán protegidas, ¿para qué arriesgarme?
*   **Política Económica Errática:** Cualquier iniciativa que crea que el estado va a controlar precios, salarios o el tipo de cambio. Me opongo fervientemente.

**Problemas de Implementación y Operación:**

*   **Falta de Conocimiento del Mercado Local:** Si la propuesta no tiene en cuenta las costumbres, los gustos y las preferencias de los clientes argentinos, especialmente en mi zona, difícilmente tendrá éxito. No todos los inventos extranjeros funcionan acá.
*   **Mala Gestión de Recursos Humanos:** Si no puedo encontrar personal calificado y motivado (y que además sepa trabajar bajo presión), mi negocio se verá afectado. Las leyes laborales actuales a veces dificultan la contratación y la gestión del personal.
*   **Logística Ineficiente:** Si la cadena de suministro es poco confiable o los costos de transporte son demasiado altos, no podré mantener un inventario adecuado ni ofrecer precios competitivos.
*   **Marketing Inadecuado:** Si la propuesta no incluye una estrategia de marketing efectiva que llegue a mi público objetivo y destaque los beneficios de mi restaurante, nadie vendrá.
*   **Falta de Adaptación a las Tendencias Digitales:** Aunque me considero abierto a la tecnología, muchas veces las soluciones digitales son complicadas de implementar o no se adaptan a la realidad de mi negocio. Si la integración con los sistemas de gestión existentes es difícil o el personal no está capacitado,  no funcionará.

**Problemas Filosóficos y Personales (desde mi perspectiva conservadora-liberal):**

*   **""Progresismo"" Forzado:** Si la iniciativa promueve agendas políticas que considero ajenas al ámbito de la gastronomía (ideología de género, ambientalismo radical, etc.), me sentiré incómodo y probablemente me aleje. Yo quiero enfocarme en dar buena comida y servicio.
*   **Excesiva Dependencia de ""Subsidios"" o Ayudas Estatales:**  No creo en la dependencia del Estado. Prefiero la libertad de mercado y la competencia.
*   **Falta de Rentabilidad Clara y Rápida:** Con la inflación que tenemos, necesito ver un retorno de la inversión lo antes posible. Si la propuesta es demasiado teórica o requiere una inversión a largo plazo sin garantías, no me interesa.
*   **Riesgo Excesivo:** Con mi edad y experiencia, prefiero la seguridad y la estabilidad. No estoy dispuesto a arriesgar mi patrimonio en una aventura incierta.
*   **Choque con Mis Valores:** Si la propuesta atenta contra mis valores éticos o morales (por ejemplo, si fomenta la competencia desleal o la evasión fiscal), no la apoyaré.

En resumen, para que una iniciativa tenga éxito conmigo (y con muchos otros dueños de restaurantes argentinos), debe ser realista, práctica, rentable, adaptable a la realidad local y respetuosa de mis valores. Y, sobre todo, debe tener en cuenta el contexto macroeconómico y político de Argentina, que es siempre un factor determinante. Si no se contempla el miedo a la inflación, por ejemplo, todo lo demás es secundario.
","[VOTO: NO] Considero que la situación económica actual es demasiado volátil para comprometerme con una inversión considerable.
"
Agent_049,ESTP,SÍ,ALTA,"¡Dale, vamos a ver qué onda esta Megan!

**R1 (Intuición):** Mmm, suena interesante, ponele. El tema de los check-lists y protocolos me da un poco de paz mental, como que las cosas estarían más ordenadas. Los 3 días de consultoría me vendrían bien para sacarme dudas y ver cómo se implementa todo en la práctica. La comunidad gastronómica me copa, siempre se aprende algo nuevo. Lo que me da un poco de cosita es la guita, ¡son 200 lucas! Y el miedo a que después de los 30 días vuelva el quilombo está ahí latente.

**R2 (Análisis de rentabilidad y libertad):** A ver, pensemos fríamente. 200 lucas... ¿Cuánto me cuesta el quilombo actual? Tiempo perdido apagando incendios, errores del personal, mala atención al cliente, etc. Si esto realmente me soluciona esos problemas y me deja más tiempo libre... podría valer la pena. Pero, ¿y si solo es humo? El seguimiento de WhatsApp es bueno, pero... ¿Realmente va a ser suficiente para que el sistema funcione solo después? La matriz de crisis es clave, si está bien hecha, podría ser la salvación. Pero tengo que ver si es adaptable a mi negocio, si no, es papel mojado.

**Veredicto:**

[VOTO: NO]

Si bien la propuesta es tentadora y el seguimiento inicial suena bien, el miedo a que todo vuelva a ser un caos después de los 30 días es demasiado grande. Además, con la inflación que tenemos, 200 lucas es un riesgo muy alto si no tengo la certeza de que el sistema va a ser autosustentable a largo plazo. Prefiero invertir esa plata en otra cosa o buscar alternativas más económicas con igual o mayor garantía de éxito.
","Para un dueño de restaurante promedio en Argentina, especialmente uno con un perfil como el tuyo (joven, nivel socioeconómico medio-alto, con inclinaciones políticas conservadoras/liberales, y temor a la inflación y la inseguridad económica), muchas iniciativas o propuestas podrían fallar. Aquí te detallo algunas áreas y razones por las que podrían fracasar, enfocándome en la aplicación a tu contexto y a la coyuntura argentina:

**1. Estrategias de Marketing Genéricas o Desconectadas de la Realidad Argentina:**

*   **Campañas demasiado ""cool"" o importadas:** Si la campaña de marketing es una copia de tendencias internacionales sin adaptar al gusto local, a la idiosincrasia argentina y al bolsillo, no resonará. Por ejemplo, una campaña enfocada puramente en la experiencia ""Instagrammable"" sin considerar la calidad de la comida o el precio puede ser un fracaso. Considera el dicho popular ""pan y circo"".
*   **Ignorar la inflación:** Ignorar la inflación en la comunicación de precios es contraproducente. Promociones engañosas o precios poco claros generarán desconfianza. Se debe ser transparente y encontrar formas creativas de ofrecer valor sin sacrificar la rentabilidad.
*   **Marketing digital desactualizado:** No basta con tener una página de Instagram. Si no se invierte en publicidad segmentada, en crear contenido relevante para el público local (ej: recetas adaptadas, historias de productores locales), y en responder activamente a las consultas, la inversión será en vano.

**2. Modelos de Negocio No Adaptados a la Volatilidad Económica:**

*   **Dependencia exclusiva de productos importados:** Un menú que dependa fuertemente de productos importados (ej. vinos caros, quesos exóticos) es vulnerable a las fluctuaciones del dólar y a las restricciones a la importación. Esto impactará directamente en los costos y, por ende, en la rentabilidad.
*   **Costos fijos elevados sin flexibilidad:** Alquileres caros, nómina inflada, equipamiento innecesario... Si los costos fijos son altos y no hay flexibilidad para ajustarlos en tiempos de crisis (ej: renegociar alquileres, optimizar personal), el negocio puede ahogarse rápidamente.
*   **Falta de diversificación:** Depender únicamente de la cena o del almuerzo, o de un único tipo de cliente, puede ser peligroso. Explorar opciones como delivery, catering, eventos especiales, o apuntar a diferentes segmentos (ej: menús ejecutivos, opciones vegetarianas/veganas) puede ayudar a mitigar riesgos.

**3. Experiencia del Cliente Deficiente o Desalineada con las Expectativas:**

*   **Mala atención al cliente:** En Argentina, la atención al cliente es un factor crucial. Un mal servicio, personal poco capacitado o actitud displicente puede arruinar la experiencia, incluso si la comida es buena.
*   **Falta de higiene y seguridad:** Los estándares de higiene y seguridad son fundamentales. Una mala higiene en la cocina o prácticas inseguras pueden generar problemas legales y dañar la reputación del restaurante.
*   **Desalineación entre precio y valor percibido:** Si los precios son altos pero la calidad de la comida, el ambiente o el servicio no lo justifican, los clientes se sentirán estafados y no volverán.

**4. Gestión Ineficiente y Falta de Control Financiero:**

*   **No llevar un control exhaustivo de los costos:** No saber exactamente cuánto cuesta cada plato, desconocer el margen de ganancia real, o no controlar los gastos hormiga puede llevar a pérdidas significativas.
*   **No adaptarse a los cambios en la legislación laboral:** Las leyes laborales argentinas son complejas y cambiantes. No cumplirlas puede acarrear multas y juicios laborales que pueden quebrar el negocio.
*   **No reinvertir en el negocio:** No destinar una parte de las ganancias a mejoras en la infraestructura, capacitación del personal o innovación en el menú, puede llevar al estancamiento y a la pérdida de competitividad.

**5. Ignorar el Contexto Político y Social:**

*   **Desconocer las regulaciones locales:** Las regulaciones municipales, provinciales y nacionales pueden afectar el funcionamiento del restaurante. No estar al tanto de las nuevas leyes o normativas puede generar problemas legales y multas.
*   **No considerar el impacto de las políticas económicas:** Las decisiones del gobierno en materia de inflación, impuestos, tipos de cambio, etc., pueden tener un impacto directo en el negocio. Ignorar estas variables puede llevar a decisiones erróneas.
*   **Mostrar posturas políticas impopulares:** En un país tan politizado como Argentina, expresar opiniones políticas polarizantes puede generar rechazo por parte de algunos clientes y afectar la reputación del restaurante.

**En resumen, para evitar el fracaso, un dueño de restaurante en Argentina debe:**

*   Ser flexible y adaptable a los cambios del mercado.
*   Tener un profundo conocimiento del público local.
*   Mantener un control estricto de los costos.
*   Ofrecer una experiencia de cliente excepcional.
*   Estar atento a las regulaciones y políticas económicas.
*   Ser resiliente y creativo para superar los desafíos.

Considerando tu perfil, puede que tiendas naturalmente a soluciones modernas y digitales, pero recuerda que en Argentina, el factor humano y la adaptación local son fundamentales para el éxito.
","[VOTO: SÍ] Considerando el contexto específico de dueños de restaurantes en Argentina y tu perfil como joven emprendedora con aversión a la inestabilidad económica, te recomendaría invertir en herramientas que optimicen costos y mejoren la seguridad de tu negocio.
"
Agent_074,ISTP,NO,ALTA,"Okay, acá va mi análisis como dueña de restaurante en Argentina, teniendo en cuenta mi situación y prioridades:

**R1 (Intuición):**

Uff, suena tentador, no te voy a mentir. La idea de que el equipo pueda resolver problemas solo sin que me esté llamando a cada rato me alivia un montón. Y la matriz de crisis, ni te cuento. Con la inflación y los problemas que tenemos acá, tener un plan para cada cosa sería un golazo. La comunidad también me llama la atención, siempre es bueno saber qué hacen otros locales, ¡y más si son de acá! Pero... $200.000 es un número importante para mí ahora mismo.

**R2 (Análisis de rentabilidad y libertad):**

A ver, sentémonos a hacer cuentas. Si el sistema funciona como promete, podría ahorrarme tiempo y reducir errores, lo que significa más plata al final del día. Si dejo de estar resolviendo problemas constantes, puedo enfocarme en la estrategia, en mejorar la calidad de la comida, en buscar nuevos proveedores... ¡en cosas que hagan crecer el negocio de verdad!

Pero, ¿cuánto gano yo por día/mes? ¿Cuánto tiempo dedico a apagar incendios que este sistema evitaría? ¿Los $200.000 son una inversión que recupero en cuánto tiempo? ¿Realmente el equipo va a adoptar el sistema o voy a tener que estar encima igual? La garantía de seguimiento de 30 días ayuda, pero ¿después qué? ¿Quedo librada a mi suerte?

Si puedo conseguir un aumento en la productividad y una reducción de costos que justifiquen la inversión en un plazo razonable (pongamos, 6 meses), quizás valga la pena. Y si la comunidad realmente me da contactos y soluciones, aún mejor.

**Veredicto:**

Si bien la propuesta es interesante, la situación económica actual y la incertidumbre sobre la efectividad a largo plazo del sistema me frenan. Necesitaría ver casos de éxito concretos de otros restaurantes en Argentina con características similares al mío para convencerme. Los 30 días de garantía son buenos, pero no eliminan por completo el riesgo.

[VOTO: NO]
","Para un dueño de restaurante, bar o cafetería en Argentina, de acuerdo con el contexto proporcionado, una iniciativa o idea podría fallar por las siguientes razones, considerando sus ""dolores"" y la realidad económica del país:

**Factores Económicos y Financieros:**

*   **Inflación y costos crecientes:** Este es el principal enemigo. Si la idea implica aumentar costos (inversión en tecnología, nuevos ingredientes, personal extra, etc.) sin una estrategia clara para mantener los precios competitivos y la rentabilidad, fracasará. Los dueños de restaurantes ya están lidiando con aumentos constantes en insumos y servicios.
*   **Incapacidad de adaptarse a la fluctuación del dólar:** Muchos productos e insumos tienen precios atados al dólar. Si la idea no considera esta volatilidad y cómo afectará los márgenes de ganancia (especialmente en locales con precios fijos en pesos), será un problema.
*   **Falta de acceso a financiamiento:** Obtener créditos o inversiones en Argentina es complicado y, a menudo, con tasas de interés muy altas. Si la idea depende de una inversión inicial significativa y no se tiene un plan de financiamiento viable, es probable que no despegue.
*   **Disminución del poder adquisitivo de los clientes:** Si la idea se centra en productos o servicios de lujo, podría fracasar debido a que la prioridad de la gente es cubrir necesidades básicas.

**Factores Operativos y de Gestión:**

*   **Falta de conocimiento del mercado local:** Argentina es diversa. Lo que funciona en CABA, puede no funcionar en el interior. Si la idea no está adaptada a los gustos, costumbres y poder adquisitivo de la zona, será un fracaso.
*   **Problemas de logística y distribución:** Especialmente fuera de las grandes ciudades, conseguir ciertos ingredientes, equipamiento o personal calificado puede ser un desafío logístico que haga inviable la idea.
*   **Resistencia al cambio (en locales tradicionales):** Los dueños de locales históricos o familiares pueden ser reacios a adoptar nuevas tecnologías o estrategias si no ven un retorno de inversión claro o si chocan con sus valores tradicionales.
*   **Mala gestión del personal:** En un sector donde la rotación es alta, una mala gestión del personal (salarios bajos, malas condiciones laborales, falta de capacitación) puede resultar en baja calidad del servicio, problemas legales y, en última instancia, el fracaso del negocio.
*   **Problemas con la burocracia y regulaciones:** Los trámites para permisos, habilitaciones, impuestos, etc., pueden ser largos, costosos y frustrantes. Si la idea no considera estos obstáculos burocráticos, puede estancarse.

**Factores Digitales y de Marketing (según el nivel de digitalización del dueño):**

*   **Ignorar el marketing digital:** Hoy en día, la presencia online es crucial. Si la idea no incluye una estrategia sólida de marketing digital (redes sociales, publicidad online, SEO, etc.), se limitará al público local y perderá oportunidades de crecimiento.
*   **Mala experiencia online:** Si se ofrece delivery o reservas online y la experiencia es mala (sitio web lento, procesos complicados, falta de respuesta), los clientes se irán a la competencia.
*   **Falta de adaptación a las nuevas tecnologías:** Si la idea depende de la adopción de nuevas tecnologías (sistemas de gestión, apps, etc.) y el dueño no está dispuesto a invertir tiempo y dinero en aprender a usarlas, será un obstáculo.

**Factores relacionados al Perfil del Dueño:**

*   **Ser ISTP:**
    *   Si bien son lógicos y prácticos, un ISTP podría no ser tan visionario o bueno en la planificación a largo plazo. Esto podría llevar a que no se anticipen problemas o no tengan una estrategia sólida.
    *   Podrían ser demasiado independientes y renuentes a buscar ayuda o delegar, lo que podría limitar su capacidad para escalar la idea.
    *   No son tan afectuosos o empáticos en las relaciones, lo que podría dificultar la gestión del personal si no lo compensan con otras habilidades.
*   **Ser Peronista/Popular:**
    *   Podría tener una visión más enfocada en lo social y menos orientada a la maximización de ganancias puras y duras. Esto podría generar decisiones que no son las más rentables desde un punto de vista puramente económico.

En resumen, cualquier idea que no tenga en cuenta la difícil situación económica argentina, los desafíos operativos, la resistencia al cambio, la necesidad de marketing digital y las particularidades del perfil del dueño, tiene altas probabilidades de fallar.
","[VOTO: NO] No creo que esta propuesta me beneficie directamente en mi situación actual.
"
Agent_040,INTP,NO,ALTA,"Okay, vamos a analizar la propuesta de Megan. Acá va mi reacción en tres pasos:

**R1 (Intuición):**

Mi primera impresión es de *necesidad*, pero también de *cautela*. Necesidad porque, admitámoslo, cualquier dueño de restaurante en Argentina sueña con un sistema que funcione solo y lo libere del caos diario. Cautela porque promesas de este tipo hay miles, y la mayoría quedan en simples checklist sin implementación real. La ""Matriz de Manejo de Crisis"" suena interesante, pero necesito verla en acción. El tema de la comunidad gastronómica también puede ser valioso para el networking y encontrar buenos proveedores... pero también puede ser un grupo más donde la gente se queja sin aportar soluciones reales.

**R2 (Análisis de rentabilidad y libertad):**

*   **Inversión:** $200.000 pesos no es poco, especialmente con la inflación que tenemos. Necesito estar seguro de que este dinero se traducirá en una mejora tangible en la eficiencia del negocio y, por ende, en la rentabilidad.
*   **Manual Blindado y Consultoría:** El manual y los 3 días de consultoría son importantes, pero no decisivos. La clave está en la implementación y en que el equipo realmente internalice los procesos. ¿El manual es adaptable a la realidad de mi local? ¿La consultoría es práctica y no solo teoría?
*   **Garantía de Seguimiento (30 días):** Esto es lo que más me llama la atención. La auditoría via WhatsApp y la resolución de dudas en tiempo real durante un mes es un buen incentivo para la implementación. Si Megan realmente se involucra y ayuda a mi equipo a resolver problemas ""en el barro"", entonces la inversión empieza a tener sentido.
*   **Miedo a la caída del sistema:** Acá está la clave. Mi miedo a la inflación abrupta y la inseguridad económica me hacen muy escéptico a invertir en algo que pueda desmoronarse. La garantía de 30 días intenta mitigar ese miedo, pero ¿es suficiente? ¿Después de esos 30 días, mi equipo realmente tendrá las herramientas y la confianza para gestionar los problemas sin Megan? ¿O volveremos a la situación inicial?

**Veredicto:**

Si bien la garantía de 30 días y la matriz de crisis atacan directamente mi principal ""ADN de dolor"" (miedo a la inflación y la inestabilidad económica que provienen de un sistema que falla), tengo la sensación de que un mes es poco tiempo para construir un sistema verdaderamente sólido. Aunque la idea es atractiva, el riesgo de que el sistema se caiga una vez finalizado el acompañamiento sigue siendo muy alto.

[VOTO: NO]
","Bien, analicemos por qué una estrategia para restaurantes, bares y cafeterías en Argentina podría fallar, considerando mi perfil y el contexto que planteaste:

**Fallos relacionados al contexto argentino (Inflación, Economía, Política):**

*   **Desconexión con la realidad económica:** Asumir que todos los dueños de restaurantes pueden invertir en tecnología de punta o estrategias de marketing costosas. La inflación constante y la fluctuación del dólar hacen que la inversión a largo plazo sea un riesgo para muchos. Mi perfil socioeconómico alto podría cegarme ante esta realidad.
*   **Ignorar el impacto de las políticas:** Los cambios repentinos en las regulaciones laborales, impuestos, o restricciones a la importación de insumos pueden hundir cualquier estrategia, sin importar lo bien planeada que esté. Subestimar el poder de un cambio de gobierno o una nueva ley en el negocio gastronómico es fatal. Mi inclinación conservadora/liberal podría hacerme subestimar la volatilidad política.
*   **Estrategias ""importadas"" sin adaptación:** Copiar modelos de negocio exitosos en otros países sin tener en cuenta las idiosincrasias argentinas (costumbres, gustos, horarios, informalidad) es un error común. Por ejemplo, imponer horarios de ""happy hour"" rígidos cuando la gente cena más tarde.
*   **No considerar la informalidad:** Muchos negocios gastronómicos operan parcialmente en la informalidad para sobrevivir. Asumir que todos pueden o quieren adoptar prácticas 100% formales (facturación electrónica, personal en blanco) puede ser irreal.

**Fallos relacionados al espectro diverso de dueños de restaurantes:**

*   **Pensar que todos son digitalmente savvy:** Subestimar la brecha digital. Asumir que todos los dueños de restaurantes, especialmente los mayores, tienen la capacidad o el interés de usar redes sociales, sistemas de gestión online, o plataformas de delivery.
*   **Mensajes genéricos que no resuenan con nadie:** Dirigir la misma estrategia a un dueño de una parrilla familiar en el interior y a un emprendedor de un café de especialidad en Palermo. Necesidad de segmentación y mensajes personalizados.
*   **Ignorar la tradición y el valor sentimental:** Para muchos restaurantes, especialmente los históricos, el negocio es más que una fuente de ingresos; es un legado familiar, un símbolo de identidad. Estrategias que no respeten esta dimensión pueden fracasar.
*   **Desconocer las particularidades regionales:** Las preferencias culinarias, los ingredientes disponibles, y las costumbres varían mucho entre CABA, GBA y el interior. Una estrategia que funciona en un lugar puede ser un desastre en otro.
*   **Falta de opciones asequibles:** Asumir que todos los dueños pueden pagar grandes agencias de marketing o consultores. La falta de opciones económicas y accesibles puede dejar fuera a muchos.

**Fallos relacionados a mi perfil personal:**

*   **Falta de empatía:** Mi nivel socioeconómico alto y mi educación en una universidad pública prestigiosa podrían crear una barrera con dueños de restaurantes con historias y realidades diferentes. Ser percibido como un ""cheto"" que no entiende sus problemas.
*   **Sesgo INTP:** Mi naturaleza analítica y lógica podría hacerme enfocarme demasiado en los datos y la eficiencia, descuidando la importancia de la conexión emocional con los clientes y el personal.
*   **Divorcio y religión:** Aunque estos aspectos no definen mi trabajo, podrían generar prejuicios o malentendidos con algunos dueños de restaurantes. Necesito ser consciente de mis propios sesgos y evitar imponer mis valores.
*   **Kicillof Votante:** Esto podría generar anticuerpos en personas con una visión económica y política diferente.
*   **Juventud:** Podrían cuestionar mi experiencia por ser joven. Debo demostrar competencia y construir credibilidad de forma sólida.

**En resumen:**

El principal riesgo reside en la **generalización y la desconexión con la realidad económica y cultural argentina.** Una estrategia exitosa debe ser flexible, adaptable, y construida con una profunda comprensión de las necesidades y los desafíos específicos de cada tipo de restaurante, bar o café en este contexto tan particular. Mi desafío personal es vencer mis propios sesgos y conectar genuinamente con los dueños de negocios a los que quiero ayudar.
","[VOTO: NO] Lo rechazo, no logro conectar con el producto ni con las necesidades que dice solucionar.
"
Agent_070,INTJ,SÍ,ALTA,"Okay, analicemos la propuesta de Megan.

**R1: Intuición**

Mi primera impresión es de cautela mezclada con curiosidad. La estructura suena atractiva, especialmente el manual ""blindado"" y la matriz de crisis. Siento que tener un sistema documentado podría liberar mucho mi tiempo. La comunidad gastronómica también me llama la atención, el networking siempre es valioso. Lo que me genera más dudas es la efectividad real de la consultoría en 3 días y el seguimiento por WhatsApp. ¿Será suficiente para realmente implementar un cambio sostenible y evitar que mi equipo me llame por cada pequeño problema? Necesito más detalles sobre cómo se ejecutarían esos 3 días.

**R2: Análisis de rentabilidad y libertad**

*   **Inversión:** $200,000 ARS es una suma importante, aunque no prohibitiva. Necesito evaluar si la implementación del sistema de Megan realmente se traduce en un aumento en la eficiencia, una reducción de errores (y, por lo tanto, costos), y lo más importante para mí, liberar tiempo para enfocarme en la estrategia y crecimiento del negocio en lugar de apagar incendios operativos.
*   **Rentabilidad (indirecta):** Mi tiempo tiene un valor significativo. Si el sistema de Megan me ahorra, digamos, 10 horas por semana dedicadas a problemas operativos, ¿cuánto vale ese tiempo monetariamente? Si puedo dedicar esas horas a marketing, desarrollo de nuevos platos, o simplemente descansar y evitar el burnout, la inversión podría valer la pena.
*   **Libertad:** Este es el factor decisivo. La promesa de un sistema que funcione sin mi constante intervención es MUY atractiva. La matriz de crisis es fundamental aquí. Si el equipo tiene las herramientas para resolver problemas de forma autónoma, podré delegar con más confianza. El seguimiento de 30 días por WhatsApp me da algo de tranquilidad, pero necesito investigar más sobre su profundidad y efectividad. ¿Se enfoca en la transferencia de conocimiento al equipo, o solo en apagar fuegos temporales?
*   **Riesgos:** La inflación es mi mayor miedo. Si la consultoría no genera resultados rápidos, esos $200.000 podrían perder valor rápidamente. También me preocupa que el sistema no se adapte a la idiosincrasia de mi restaurante.

**Veredicto:**

[VOTO: SÍ]

Si bien tengo reservas, el potencial de liberación de tiempo y la promesa de un sistema robusto, sumado al seguimiento inicial de 30 días, inclinan la balanza hacia el ""sí"". Creo que puedo gestionar el riesgo inflacionario buscando resultados rápidos y midiendo el impacto de la consultoría desde la primera semana. Es una apuesta, pero la libertad que podría ganar, justifican el riesgo. Investigo más a fondo los detalles de la consultoría antes de comprometerme por completo.
","Para un dueño de restaurante/bar/cafetería argentino, especialmente con el perfil especificado (31 años, mujer, INTJ, NSE Medio-Alto, evangélica, votante de Milei, conservadora/liberal, miedo a la inflación y la inseguridad económica, fútbol 5), hay varias razones por las que un nuevo producto, servicio o estrategia podría fallar.  A continuación, desarrollo algunos escenarios críticos enfocados en distintas áreas:

**1. Desconexión con la Realidad Económica Argentina:**

*   **Precios Irrealistas:**  Si el producto/servicio está pensado con una estructura de costos en dólares (o indexada al dólar) pero el potencial mercado (clientes) tiene ingresos en pesos, y la inflación continúa erosionando el poder adquisitivo, el fracaso es casi seguro.  Un menú con precios prohibitivos, incluso si la calidad es excepcional, quedará vacío.  Mi miedo a la inflación abrupta me haría extremadamente cautelosa ante cualquier cosa que dependa directamente de la estabilidad cambiaria.
*   **Ignorar la Cultura del Ahorro y las Promociones:**  En Argentina, la gente busca constantemente ofertas y descuentos.  Un producto o servicio que no considera esto (por ejemplo, no ofrecer promociones, no tener programas de lealtad, o negarse a participar en eventos como la ""Noche de las Heladerías"" o similares) podría percibirse como arrogante o fuera de sintonía con las necesidades del consumidor local. Como soy una persona conservadora, creo en la importancia del ahorro.
*   **Costo Oculto o Mala Comunicación:** Falta de transparencia absoluta en los precios (ej: ""precio por persona no incluye bebida"").  La gente desconfía de las sorpresas y prefiere la honestidad, especialmente en momentos de incertidumbre económica.

**2. Falta de Adaptación a la Cultura y Gustos Locales:**

*   **Intento de ""Extranjerización"" Forzada:** Querer imponer una moda o tendencia internacional sin considerar el paladar argentino.  Un restaurante que solo ofrece comida vegana sofisticada sin opciones tradicionales, o un bar con un menú de tragos excesivamente exótico, podría alienar al público local.  Como dueño con raíces argentinas, busco que el lugar tenga una conexión con la identidad local.
*   **Ignorar las Costumbres Sociales:**  El horario de la cena, el ritual del café, la importancia de la sobremesa...  Un producto o servicio que no respete estas costumbres (por ejemplo, cerrar muy temprano o no ofrecer opciones para compartir) podría ser rechazado.
*   **Marketing Insensible a las Tradiciones:** El sector evangélico tiene ciertos principios culturales y morales. Campañas publicitarias que atenten contra ellos puede traer duras consecuencias.

**3. Deficiencias Operativas y de Servicio:**

*   **Mala Calidad del Producto/Servicio:**  Esto es obvio, pero vale la pena recalcarlo.  Ingredientes de baja calidad, mala atención al cliente, un ambiente descuidado... Cualquier falla en la experiencia del cliente puede ser fatal, especialmente en un mercado competitivo.  El boca a boca (y las reseñas online) pueden destruir un negocio rápidamente.
*   **Problemas de Abastecimiento:**  La inestabilidad económica y las restricciones a las importaciones pueden dificultar el acceso a ciertos productos.  Un restaurante que ofrece un plato estrella con ingredientes que son difíciles de conseguir corre el riesgo de decepcionar a sus clientes.
*    **Falta de Personal Capacitado:** Conseguir personal comprometido, capacitado y que ofrezca un buen servicio al cliente es un desafío constante. Baja capacitación en metodologías ágiles.

**4.  Estrategias de Marketing y Comunicación Ineficaces (o Contradictorias):**

*   **Desconexión con el Público Objetivo:**  Un mensaje que no resuena con las necesidades, deseos y valores del público al que se dirige.  Un restaurante de alta cocina que se promociona en redes sociales con un lenguaje informal y poco sofisticado estaría cometiendo un error.
*   **Ignorar la Competencia:**  No analizar qué están haciendo otros restaurantes y bares de la zona.  No diferenciarse de la competencia y ofrecer algo único.
*   **No Apoyarse en la Comunidad Local:** No colaborar con otros negocios locales, no participar en eventos de la comunidad, no tener una presencia activa en redes sociales.  Esto puede dar la impresión de que el negocio no está interesado en integrarse y contribuir al entorno.
*   **Marketing Político Inadecuado:** Dada mi afinidad política declarada y el clima polarizado en Argentina, cualquier campaña que se perciba demasiado politizada (ya sea a favor o en contra del gobierno actual) podría generar una reacción negativa significativa, alejando clientes potenciales.  La neutralidad, o una postura muy cuidadosamente calibrada, sería más prudente.
*   **Excesiva dependencia del mundo digital:** No todas las personas confían en las redes sociales. Promocionar el restaurante solo por este medio podría espantar a personas mayores.

**5. Riesgos Específicos del Contexto Argentino:**

*   **Inseguridad:**  La inseguridad es una preocupación constante.  Un restaurante ubicado en una zona peligrosa o que no toma medidas para proteger a sus clientes y empleados podría perder clientela.
*   **Burocracia y Regulaciones:**  La burocracia argentina es notoriamente compleja y costosa.  No cumplir con las regulaciones (licencias, habilitaciones, impuestos) puede acarrear multas, clausuras e incluso consecuencias legales.
*   **Paros y Manifestaciones:**  Los paros y manifestaciones son frecuentes en Argentina y pueden afectar la capacidad de los restaurantes para operar normalmente.  Bloqueos, cortes de calle, falta de transporte público...  Todo esto puede dificultar el acceso de los clientes y la llegada del personal.

**En resumen, el fracaso provendría de:** Una mezcla de precios inaccesibles, una propuesta que no resuena con el paladar y las costumbres argentinas, mala calidad, problemas operativos, marketing ineficaz, falta de adaptabilidad al contexto económico y social argentino, y una ignorancia de los riesgos políticos y de seguridad específicos del país.  Mi perfil INTJ me haría muy analítica y consciente de estos riesgos, pero la presión del contexto argentino puede hacer que las mejores estrategias fallen si no se toman en cuenta todos estos factores.
","[VOTO: SÍ] Estoy de acuerdo, considerando mi perfil conservador/liberal y temor a la inestabilidad económica, cualquier medida que prometa control de la inflación tendría mi apoyo.
"
Agent_033,ISTP,NO,ALTA,"¡Uff, $200.000! A ver...

*   **R1 (Intuición):** Me suena interesante, eh. Que alguien te acompañe y te dé una mano esos primeros días... pero, ¿servirá de verdad? ¿No será mucha plata para algo que después se me escapa de las manos? Eso de la comunidad suena bien, conocer gente que anda en la misma...

*   **R2 (Análisis de rentabilidad y libertad):** Mirá, la verdad, si el manual y la consultoría me dejan el negocio andando solo, sin que mis hijos tengan que estar encima todo el tiempo... vale la pena pensarlo. A ver, si con esto aumento la eficiencia y me puedo dedicar a lo que me gusta (¡el asado!), y dejo de correr atrás de los empleados... podría llegar a justificar la inversión. Pero, ¿la matriz de crisis esa cómo funciona? ¿De verdad los pibes van a saber resolver sin llamarme por teléfono cada dos minutos? Y esos 30 días, ¿alcanzan?

*   **Veredicto:** [VOTO: NO]
","Si bien no tengo información sobre el intento específico que te refieres como ""esto"", puedo identificar algunas razones por las cuales *en general* un restaurante, bar o cafetería en Argentina podría fallar, especialmente considerando el contexto que me brindaste:

**Factores Económicos Generales (que impactan fuertemente en el ADN de dolor que mencionaste):**

*   **Inflación descontrolada y devaluación:** El principal dolor de cabeza. La imposibilidad de fijar precios, el aumento constante de los costos de los insumos (muchos dolarizados o con precio influenciado por el dólar) y la pérdida de poder adquisitivo de los clientes son un cóctel explosivo. Esto afecta especialmente a restaurantes populares y familiares, que dependen de un público sensible al precio.
*   **Inestabilidad económica:** La incertidumbre constante dificulta la planificación a largo plazo, la inversión y la negociación de precios con proveedores.

**Desafíos Específicos del Negocio (considerando mi edad y nivel socioeconómico):**

*   **Falta de adaptación a las nuevas tecnologías:** A mi edad, me puede costar implementar sistemas de gestión modernos, herramientas de marketing digital, plataformas de delivery, o incluso adaptarme a las nuevas formas de pago. No entender el mundo online me deja fuera de juego frente a la competencia.
*   **Resistencia al cambio en el menú y la propuesta:** Podría ser que esté aferrado a un menú tradicional y no me anime a innovar o adaptarme a las nuevas tendencias gastronómicas (ej: opciones veganas, sin gluten, etc.). Esto limita mi clientela potencial.
*   **Mala gestión financiera:** La falta de control de costos, el desconocimiento de herramientas contables, la ausencia de un flujo de caja bien administrado y la dificultad para acceder a financiamiento pueden llevar a un colapso financiero. Con mi nivel socioeconómico, tengo menos margen de error y menos acceso a créditos.
*   **Dificultad para competir con grandes cadenas y franquicias:**  Las cadenas suelen tener mayor poder de negociación con proveedores, economías de escala y estrategias de marketing más sofisticadas. Si no encuentro un nicho o un diferencial, es difícil competir.

**Factores Operativos y Humanos:**

*   **Mala calidad de los productos o servicios:** Si la comida no es buena, el servicio es lento o el ambiente es desagradable, es muy difícil fidelizar clientes.
*   **Mala gestión del personal:** Problemas con los empleados (altas rotaciones, falta de capacitación, conflictos laborales) pueden afectar la calidad del servicio y la rentabilidad.
*   **Mala ubicación o falta de visibilidad:** Un restaurante ubicado en una zona poco transitada o difícil de acceder puede tener problemas para atraer clientes.

**Consideraciones Políticas y Sociales (dada mi filiación):**

*   **Políticas gubernamentales desfavorables:** Aumentos de impuestos, regulaciones laborales complejas, restricciones a la importación de insumos, etc., pueden afectar negativamente la rentabilidad del negocio.
*   **Cambios en los hábitos de consumo:** La pandemia, por ejemplo, aceleró la adopción del delivery y el consumo en el hogar. Si no me adapto a estos cambios, pierdo oportunidades.

**En resumen**,  si ""esto"" es un intento de abrir o mantener un restaurante, bar o cafetería en Argentina, las chances de fallar son altas si no se tiene en cuenta un análisis exhaustivo de la situación económica, los desafíos específicos del negocio, y la necesidad de adaptarse a las nuevas tecnologías y tendencias del mercado. Considerando mi perfil particular (edad, nivel socioeconómico, etc.), la falta de flexibilidad y la dificultad para adaptarme a los cambios son factores de riesgo adicionales.
","[VOTO: NO] No creo que esto me sirva realmente para mi negocio.
"
Agent_051,INTP,NO,ALTA,"De acuerdo, analicemos la propuesta de Megan.

**R1 (Intuición):** Uh, interesante. La idea de tener un manual y una matriz para evitar que me llamen a cada rato suena como música celestial. La verdad, estoy harta de que me interrumpan el partido de pádel por tonterías. La comunidad y la auditoría de WhatsApp durante un mes, también me dan cierta tranquilidad inicial. Sin embargo, siempre desconfío de las soluciones ""mágicas"", sobre todo cuando no entiendo bien qué tipo de ""crisis"" maneja la matriz.

**R2 (Análisis de rentabilidad y libertad):** A ver, $200.000 no es una fortuna, pero tampoco es moco de pavo. Tres días de consultoría presencial, más el mes de auditoría por WhatsApp... parece un buen uso del tiempo si realmente me libero. Digamos que, si logro delegar más y enfocarme en la estrategia (y en el pádel), podría aumentar las ventas un 10% tranquilamente. Eso pagaría la consultoría en un par de meses. La matriz de crisis es clave, si es efectiva, mi tiempo vale mucho más que esos $200.000. El tema es... ¿realmente lo será? La comunidad es un plus, pero no algo decisivo para mi. Lo importantísimo es el manual blindado y la matriz de crisis. Si son sólidos, pueden ser mi salvación. Si son genéricos o superficiales, es plata tirada.

**Veredicto:**

[VOTO: SÍ]
","Bien, vamos a analizar dónde podría fallar una estrategia dirigida a dueños de restaurantes, bares y cafeterías en Argentina, considerando el contexto específico que me has proporcionado. Dada mi edad, nivel socioeconómico, filiación política y ""ADN de dolor"", mis preocupaciones serán distintas a las de un dueño de restaurante millennial en Palermo.

**Fallos generales (aplicables a muchos dentro del espectro):**

*   **Falta de personalización:** Asumir que todos los dueños de restaurantes tienen las mismas necesidades. Ignorar las diferencias entre un café de especialidad hipster y una parrilla tradicional con 50 años de historia es un error.
*   **Digitalización homogénea:** Creer que todos están al mismo nivel tecnológico. Para alguien como yo, con 68 años, la implementación de una app súper sofisticada puede ser un dolor de cabeza, mientras que un local joven la adoptará rápidamente.
*   **Ignorar la crisis económica:** Presentar soluciones que impliquen grandes inversiones sin abordar la incertidumbre económica actual y la inflación es un suicidio. La prioridad ahora es capear la tormenta, no expandirse a lo loco.
*   **Desconocer la idiosincrasia argentina:** Usar estrategias genéricas de marketing internacional que no resuenan con la cultura y las costumbres locales. El ""chamuyo"" y la cercanía siguen siendo importantes.
*   **No entender la presión regulatoria y fiscal:** Ignorar las dificultades que enfrentan los restaurantes con las regulaciones laborales, los impuestos y las inspecciones.

**Fallos específicos (considerando mi perfil):**

*   **""Soluciones"" que suenen a utopía:** Propuestas idealistas o revolucionarias que prometan cambios drásticos en un corto plazo. Soy escéptica y priorizo la estabilidad y la experiencia.
*   **Énfasis excesivo en lo ""woke"" o lo políticamente correcto:** Mensajes que se centren demasiado en la diversidad, la inclusión o la sostenibilidad, sin abordar los problemas reales de mi negocio (costos, rentabilidad, seguridad). Puedo considerarlo una pérdida de tiempo.
*   **Ignorar mi experiencia:** Presentar soluciones como si yo no supiera nada del negocio. He estado en esto mucho tiempo y he visto muchas modas pasar. Necesito sentir que valoras mi conocimiento y trayectoria.
*   **Desconocer mi visión conservadora/liberal:** Propuestas que impliquen una mayor intervención estatal, controles de precios o regulaciones laborales más estrictas. Esto va directamente en contra de mis creencias y me generará rechazo.
*   **No abordar mi ""ADN de dolor"":**
    *   **Inflación:** Si una solución no me ayuda a proteger mi capital o a mitigar el impacto de la inflación, no me interesa. Necesito herramientas para fijar precios, gestionar costos y evitar la erosión de mis ganancias.
    *   **Inseguridad económica:** Si la propuesta aumenta mi riesgo financiero o me expone a una mayor incertidumbre, la descartaré de inmediato. Busco opciones seguras y probadas.
*   **Canales de comunicación inadecuados:** Intentar contactarme solo a través de redes sociales o canales digitales que no utilizo con frecuencia. Prefiero un llamado telefónico, una carta o un contacto personal.
*   **Asumir que mi único interés es el negocio:** Ignorar mis hobbies y mi vida personal. Un buen approach podría ser invitarme a un torneo de pádel y luego charlar sobre negocios en un ambiente relajado.

**En resumen:** Para que una estrategia funcione, debe ser **personalizada, realista, práctica, culturalmente relevante y abordar mis principales preocupaciones: la inflación y la inseguridad económica.**  Además, es fundamental que se comunique a través de canales adecuados y que valore mi experiencia y mi visión del mundo. No me vendas humo, mostrame resultados concretos y soluciones que realmente tengan un impacto positivo en mi negocio.
","[VOTO: NO] No estoy de acuerdo con Milei porque mi mayor angustia es la inflación y la inseguridad económica.
"
Agent_076,ENFP,NO,ALTA,"¡Ok, vamos a analizar la propuesta de Megan como dueña de restaurante en Argentina!

**R1 (Intuición):**

Mi primera impresión es que la propuesta tiene un gancho interesante, especialmente la ""Matriz de Manejo de Crisis"". ¡Uf, con la que está cayendo en el país, eso suena como un salvavidas! Me gusta la idea de empoderar al equipo para que no dependan de mí para cada cosita. La comunidad gastronómica también suena bien, siempre es útil tener un grupo de colegas con quienes compartir penas y alegrías, y por qué no, algún proveedor secreto. Pero, 200.000 pesos... ¡ay! Da un poco de cosita, siendo conservadora como soy. La consultoría presencial en el local es un punto fuerte, ya que entiendo que verán la realidad de mi negocio. Pero la gran pregunta es: ¿tres días serán suficientes?

**R2 (Análisis de rentabilidad y libertad):**

A ver, vamos a pensarlo fríamente. 200.000 pesos es una inversión importante. ¿Cuánto tiempo estoy gastando ahora resolviendo problemas diarios? Si esta propuesta me libera horas de mi día, aunque sean unas pocas, y evita que tenga que correr al local por cada emergencia, el ahorro en mi tiempo personal es incalculable. Sin mencionar el estrés... ¡que no tiene precio!

Ahora, la rentabilidad... ¿cómo se traduce esto en números? Si la mejora en el servicio se traduce en clientes más contentos y que vuelven, y por ende, más ventas, entonces podría valer la pena. También, si la matriz de crisis ayuda a evitar errores costosos, como desperdicios de mercadería o mala atención al cliente, eso impactaría positivamente en mis ganancias.

La clave está en esos 30 días de seguimiento por WhatsApp. Si Megan realmente se involucra y nos sigue de cerca, resolviendo dudas y asegurándose de que el sistema se implemente correctamente, entonces podría ser una inversión segura. Pero, ¿y si después de esos 30 días el sistema se cae a pedazos? Ese es mi mayor miedo, que sea solo un parche temporal.

**Veredicto:**

[VOTO: SÍ]

**Justificación:**

Si bien la inversión inicial es alta, el paquete completo (manual, consultoría, acompañamiento de 30 días Y la comunidad) es bastante robusto. Me convence especialmente la garantía de seguimiento intensivo, que parece un seguro contra mi mayor temor: que el sistema falle cuando Megan se vaya. Creo que esos 30 días de soporte continuo pueden ser la clave para que el sistema se arraigue en mi restaurante y mi equipo lo adopte de manera efectiva. Si funciona, la libertad que ganaría y el aumento potencial en la rentabilidad superarían la inversión inicial. ¡Además, necesito un respiro con tanta inflación y quilombo!
","Para un dueño de restaurante argentino de 46 años, mujer, ENFP, casada con hijos, católica, votante de Milei, con educación universitaria privada, pensamiento conservador/liberal, miedo a la inflación y la inseguridad económica, y que disfruta del asado familiar, las siguientes iniciativas podrían fallar por las razones expuestas:

**1.  Marketing Digital Exclusivamente Centrado en TikTok e Influencers Gen Z:**

*   **Por qué fallaría:** Aunque TikTok tiene alcance, el público objetivo principal del restaurante (especialmente si es un lugar tradicional o familiar) probablemente no esté tan activo en esa plataforma.  Confiar *exclusivamente* en influencers Gen Z podría no resonar con la base de clientes existente o con un público más maduro que busca experiencias gastronómicas de calidad y confianza.  Además, la tendencia efímera de TikTok podría no construir una lealtad duradera a la marca.  Es importante diversificar las estrategias de marketing digital (SEO, Google Ads, Instagram, etc.)

**2.  Menú Completamente Vegano y de Vanguardia sin Opciones Tradicionales:**

*   **Por qué fallaría:**  Aunque el veganismo está creciendo, la gran mayoría de los argentinos todavía prefieren la carne y los platos tradicionales.  Eliminar la carne de un menú, especialmente en una parrilla o restaurante familiar, alienaría a la base de clientes existente y podría no atraer suficientes clientes veganos para compensar la pérdida. En Argentina, la fuerte arraigo a las tradiciones culinarias, especialmente al asado, hace que un cambio tan radical tenga un alto riesgo de fracaso.  Lo ideal sería incorporar opciones veganas *junto* con los platos tradicionales.

**3.  Implementación de un Sistema de Pagos Exclusivamente con Criptomonedas:**

*   **Por qué fallaría:**  La adopción de criptomonedas en Argentina aún es limitada y fluctuante.  La volatilidad de las criptomonedas y la falta de familiaridad con ellas por parte de la mayoría de los clientes dificultaría las transacciones y generaría desconfianza. Además, la legislación sobre criptomonedas en Argentina es incierta.  Aceptar criptomonedas *como una opción más* estaría bien, pero obligar a los clientes a usarlas sería perjudicial.

**4.  Expansión Rápida a través de Franquicias sin un Sólido Sistema de Soporte:**

*   **Por qué fallaría:**  Un sistema de franquicias exitoso requiere procesos estandarizados, capacitación exhaustiva para los franquiciados y un soporte continuo.  Si la expansión se realiza demasiado rápido sin estos elementos, la calidad del servicio y la comida podría verse comprometida, dañando la reputación de la marca.  Además, la inseguridad económica actual en Argentina hace que la inversión en una franquicia sea arriesgada para muchos emprendedores.

**5.  Ignorar Completamente la Inflación y No Ajustar los Precios:**

*   **Por qué fallaría:** La inflación en Argentina es uno de los mayores problemas. No ajustar los precios del menú a medida que aumentan los costos de los ingredientes y el personal llevaría rápidamente a pérdidas financieras y al cierre del negocio. Aunque aumentar los precios puede ser impopular, es esencial para la supervivencia.  La clave está en encontrar un equilibrio y comunicar claramente los aumentos a los clientes.

**6.  Despedir a Empleados Experimentados para Contratar Personal Más Barato:**

*   **Por qué fallaría:** Aunque reducir costos es importante, despedir a empleados valiosos con experiencia en un restaurante puede afectar negativamente la calidad del servicio y la moral del equipo.  La experiencia y lealtad de los empleados son activos valiosos, especialmente en un sector como la gastronomía.  Encontrar formas de mejorar la eficiencia y reducir costos sin sacrificar la calidad sería una mejor estrategia.

**7.  Dependencia Exclusiva de Delivery Apps y Comisiones Elevadas:**

*   **Por qué fallaría:**  Si bien las apps de delivery pueden aumentar las ventas, depender *exclusivamente* de ellas erosiona los márgenes de ganancia debido a las altas comisiones.  Es importante fomentar las ventas directas (pedidos telefónicos, take-away, etc.) y construir una relación directa con los clientes para reducir la dependencia de las apps.

**8.  Ignorar la Seguridad en el Local y sus Alrededores:**

*   **Por qué fallaría:**  La inseguridad es una preocupación importante en Argentina.  Si el restaurante está ubicado en una zona insegura y no se toman medidas para proteger a los clientes y empleados (iluminación adecuada, cámaras de seguridad, presencia policial, etc.), la gente evitará el lugar, lo que afectará negativamente las ventas.

**En resumen, para que una estrategia falle, debe ignorar las realidades económicas y sociales de Argentina, la idiosincrasia de sus clientes, y la experiencia y valores del dueño de restaurante promedio.**
","[VOTO: NO] No creo que sea el momento adecuado para asumir riesgos innecesarios con la economía inestable.
"
Agent_052,INFP,NO,ALTA,"Okay, vamos a analizar esta propuesta de Megan.

**R1 (Intuición):**

Uy, me suena interesante, pero a la vez me da cosita. Yo soy bastante de ponerle el cuerpo al negocio, estar encima de todo. La idea de que el equipo resuelva solo los problemas suena genial en teoría, pero en la práctica... ¿será tan fácil? La matriz de crisis y los protocolos me dan cierta seguridad, pero... ¿y si surge algo que no está contemplado ahí? Los 3 días de consultoría presencial... espero que Alcance porque con el personal que tengo a veces me cuesta.

**R2 (Análisis de rentabilidad y libertad):**

A ver, $200.000... Es un buen pico de guita, sobre todo con cómo está todo ahora. Habría que ver si realmente esta inversión se traduce en menos dolores de cabeza y más tiempo libre para mí. Porque a veces parece que uno está atado al negocio 24/7. Si esta ""Matriz de Crisis"" realmente funciona y el equipo aprende a resolver problemas sin que yo me meta en todo, entonces sí que valdría la pena. Además, la comunidad gastronómica podría ser útil para encontrar nuevos proveedores o ideas. Pero... ¿cuánto tiempo me va a ahorrar realmente? Si al final sigo teniendo que estar súper encima, entonces no me sirve de nada. De esto depende que no me angustie a fin de mes y ver crecer el negocio a futuro.

**Veredicto:**

[VOTO: NO]
","Considerando tu perfil, aquí te presento algunas razones por las que una iniciativa o estrategia dirigida a dueños de restaurantes podría fallar, siendo lo más crítico posible:

**Falla por Desconexión con tu Realidad:**

*   **Desconocer la Angustia Principal:** Asumir que lo más importante para ti es la expansión, la innovación culinaria, o la gestión de redes sociales, cuando tu principal dolor es el **miedo a no llegar a fin de mes y perder poder adquisitivo**. Las soluciones propuestas deben abordar primero esta preocupación básica.
*   **Ignorar tu Nivel Socioeconómico:** Ofrecer soluciones premium, software carísimos, o consultorías de lujo, cuando tu presupuesto es ajustado. Lo que necesitas son opciones accesibles, prácticas y que generen resultados rápidos con una inversión mínima.
*   **No entender tu Nivel de Digitalización:** Asumir que eres un experto en marketing digital o que dominas las últimas herramientas tecnológicas. Las propuestas deben ser fáciles de entender, implementar y, idealmente, contar con un sólido soporte técnico. Capacitaciones presenciales y en un lenguaje sencillo serían cruciales.
*   **Desconocer el Contexto Político-Económico:** Ignorar la inestabilidad económica argentina, la inflación galopante y las fluctuaciones del dólar. Las estrategias deben ser realistas, adaptables y contemplar escenarios pesimistas. Prometer resultados irreales o ignorar la inflación sería un error fatal.
*   **No considerar tu Historia Personal:** Asumir que tienes tiempo para invertir en proyectos a largo plazo cuando quizás estés lidiando con las consecuencias de tu divorcio y las responsabilidades financieras que conlleva (si corresponde). Las soluciones deben ser de rápida implementación y bajo mantenimiento.

**Falla por Ignorar tus Valores y Creencias:**

*   **Contradecir tus Valores Peronistas/Populares:** Promocionar prácticas que consideres injustas para tus empleados o que beneficien solo a grandes corporaciones. Esto podría generar rechazo inmediato.
*   **Ignorar tu Fe Evangélica:** Ofrecer estrategias que entren en conflicto con tus valores religiosos. Si bien no debería ser el foco central, es importante tener sensibilidad ante ciertos temas (por ejemplo, bebidas alcohólicas, promociones orientadas a un público específico).

**Falla por Mala Comunicación o Falta de Confianza:**

*   **Usar un Lenguaje Inaccesible:** Emplear jerga técnica, anglicismos o un tono condescendiente. Es crucial hablar tu idioma, ser directo y transparente.
*   **No generar Confianza:** Presentar testimonios falsos, prometer resultados milagrosos o no tener referencias sólidas. Necesitas pruebas concretas y casos de éxito que sean relevantes para negocios como el tuyo.
*   **Falta de Empatía:** No demostrar que entiendes los desafíos específicos de un restaurante argentino, especialmente en el contexto actual. Necesitas sentir que realmente se ponen en tu lugar.

**Ejemplos Concretos:**

*   **En lugar de:** ""Implementa nuestra suite de software de gestión de restaurantes basada en Inteligencia Artificial con un costo mensual de $500 USD.""
*   **Debería ser:** ""Te ofrecemos una plantilla de Excel sencilla y gratuita para controlar tus gastos diarios y saber exactamente cuánto estás ganando. También, acceso a un grupo de WhatsApp donde otros dueños comparten consejos y estrategias para ahorrar costos.""
*   **En lugar de:** ""Crea anuncios impactantes en Facebook e Instagram para atraer nuevos clientes.""
*   **Debería ser:** ""Te enseñamos cómo usar WhatsApp Business para enviar ofertas a tus clientes habituales y fidelizarlos, de forma gratuita y sin necesidad de ser un experto en marketing.""

En resumen, cualquier propuesta dirigida a ti, como dueña de restaurante en Argentina, debe ser **accesible, práctica, realista, empática y sensible a tu contexto personal, económico, político y religioso.** Si falla en alguno de estos puntos, estará destinada al fracaso.
","[VOTO: NO] No considero que esta sea una buena opción para mí, dada mi situación económica y mis prioridades actuales.
"
Agent_035,ENFP,SÍ,ALTA,"**R1 (Intuición):**

Uf, suena interesante pero medio caro. Que alguien venga a decirme cómo manejar mi restaurante… No sé, me siento ambivalente. Por un lado, la idea de tener un sistema que funcione solo y no estar apagando incendios todo el tiempo me tienta muchísimo. Pero... ¿$200.000? ¿Y si después no funciona y tiré la plata? La comunidad gastronómica me atrae, eso sí, para hacer contactos.

**R2 (Análisis de rentabilidad y libertad):**

A ver, $200.000 es una inversión importante, sobre todo con la inflación que tenemos. Tendría que ver cuánto tiempo me ahorro realmente y si puedo aumentar las ventas gracias a esto. Si Megan logra que el personal resuelva los problemas solos y no me llame a cada rato, ahí ya gano tiempo valioso. La ""Matriz de Manejo de Crisis"" suena prometedora. Pero 3 días de consultoría presencial… Depende mucho de si realmente entiende cómo funciona mi restaurante. Y la auditoría por WhatsApp por 30 días es un plus, me da un poco más de seguridad de que el sistema se va a mantener. Necesito saber si después de esos 30 días realmente puedo confiar en que el equipo siga aplicando lo aprendido. Analizando fríamente: ¿Cuánto me cuesta un día de mi tiempo resolviendo problemas operativos versus el valor que obtendría al delegar de forma efectiva? Si la promesa es real, podría ver un ROI en unos meses, pero si el sistema se cae, perdería mucho dinero.

**Veredicto:**

[VOTO: NO]

Si bien valoro la garantía de seguimiento y la comunidad, siento que el riesgo sigue siendo alto. La clave está en la implementación y en que el equipo realmente se apropie del sistema. La capacitación presencial de 3 días me parece insuficiente para garantizar un cambio real y sostenible a largo plazo. Prefiero invertir esa suma en capacitación interna continua para el personal y optimizar procesos por mi cuenta.
","Para que una iniciativa o proyecto destinado a dueños de restaurantes, bares y cafeterías en Argentina falle, considerando la diversidad del público objetivo y el contexto económico y social, pueden existir varias razones.  Aquí, un análisis crítico de los posibles puntos débiles:

**1. Falta de Segmentación y Personalización:**

*   **Problema:** Asumir que todos los dueños de restaurantes tienen las mismas necesidades y nivel de digitalización es un error común. Una estrategia ""talla única"" ignorará las realidades específicas de cada segmento (parrillas familiares vs. cafés de especialidad, locales históricos vs. franquicias, etc.).
*   **Falla:** La comunicación masiva y genérica no resonará con nadie en particular. Por ejemplo, una capacitación avanzada en marketing digital será inútil para un dueño de parrilla tradicional con escasa experiencia en tecnología. Una solución de punto de venta sofisticada puede ser inasequible o innecesaria para una pequeña cafetería.
*   **Consecuencia:** Bajo engagement, desperdicio de recursos y percepción de que la iniciativa no es relevante.

**2. Desconexión con la Realidad Económica Argentina (Inflación y Volatilidad):**

*   **Problema:** Ignorar la inflación, la devaluación y la inseguridad económica es un error fatal. Los dueños de restaurantes están constantemente luchando con el aumento de los costos, la fijación de precios y la gestión del flujo de caja.
*   **Falla:** Ofrecer soluciones que no aborden directamente estos problemas (ej: un software costoso sin considerar la capacidad de pago en pesos, o una estrategia de expansión que no contemple la volatilidad del mercado) será percibido como irreal o incluso ofensivo.
*   **Consecuencia:** Rechazo de la iniciativa y, en el peor de los casos, desconfianza hacia la marca u organización proponente.   Dado mi ADN de dolor, el miedo a la inflación abrupta y la inseguridad económica, este punto impacta directamente.

**3. Falta de Conocimiento del ""ADN"" del Sector Gastronómico Argentino:**

*   **Problema:** El sector gastronómico argentino se caracteriza por su alta participación de pymes familiares, su cultura de atención personalizada y su adaptación a las costumbres locales.
*   **Falla:**  Imponer modelos foráneos sin adaptarlos al contexto argentino (ej: un sistema de automatización que elimine el contacto humano en un restaurante tradicional, o una campaña de marketing que ignore las tradiciones culinarias locales) generará resistencia.
*   **Consecuencia:**  Pérdida de la identidad del restaurante y alienación de los clientes.

**4. Barreras de Entrada Digitales (Brecha Generacional y Habilidades):**

*   **Problema:** Existe una brecha digital entre los dueños de restaurantes más jóvenes y los más experimentados. Implementar soluciones tecnológicas sin brindar el apoyo y la capacitación adecuados dejará a muchos fuera.
*   **Falla:**  Concentrarse únicamente en soluciones digitales (ej: un software de gestión online) sin ofrecer alternativas analógicas o capacitaciones personalizadas. Asumir que todos los dueños tienen acceso a internet de alta velocidad o la capacidad de usar herramientas complejas.
*   **Consecuencia:**  Exclusión de un segmento importante del mercado y frustración de los participantes.

**5. Desconsideración del Entorno Regulatorio y Burocrático:**

*   **Problema:** La legislación laboral, impositiva y comercial en Argentina es compleja y cambia constantemente.
*   **Falla:**  Ofrecer soluciones que no tengan en cuenta estas regulaciones (ej: un modelo de negocio que no cumpla con las leyes laborales, o un plan de expansión que ignore las restricciones municipales) conducirá al fracaso.
*   **Consecuencia:**  Problemas legales, multas y cierre del negocio.

**6. Falta de Canales de Comunicación Adecuados:**

*   **Problema:**  Llegar a un público tan diverso requiere una estrategia de comunicación multicanal.
*   **Falla:**  Depender exclusivamente de canales digitales (redes sociales, email marketing) sin considerar los medios tradicionales (radio local, prensa gráfica) o el boca a boca.
*   **Consecuencia:**  Alcance limitado y falta de impacto.

**7. Ignorar la Competencia y la Saturación del Mercado:**

*   **Problema:** El mercado gastronómico argentino es altamente competitivo.
*   **Falla:**  Lanzar un producto o servicio sin analizar a la competencia y sin ofrecer una propuesta de valor diferenciada. Subestimar la lealtad de los clientes a sus proveedores actuales.
*   **Consecuencia:**  Dificultad para captar clientes y baja rentabilidad.

**En resumen, para tener éxito, cualquier iniciativa dirigida a dueños de restaurantes en Argentina debe ser hiper-personalizada, realista en términos económicos, culturalmente sensible, accesible en términos de habilidades digitales, compatible con el entorno regulatorio y comunicada de manera efectiva a través de múltiples canales.**
","[VOTO: SÍ] Considero que la medida propuesta podría beneficiar mi negocio a pesar de mis temores inflacionarios.
"
Agent_046,ESFP,NO,ALTA,"¡Uff, Megan y su ""Sistema de Caos a Control""! Suena tentador, la verdad. A ver, vamos por partes:

**R1 (Intuición):**

Mi primera reacción es de alivio mezclado con escepticismo. La idea de sacarme de encima tantos problemas operativos y delegar con confianza me atrae muchísimo. Esa matriz de crisis suena como música para mis oídos... ¡adiós a las llamadas constantes en medio del partido de fútbol! Pero, al mismo tiempo, me pregunto si un manual y unos días de entrenamiento pueden realmente cambiar la cultura de mi equipo y prepararlos para todo lo que se presenta en el día a día. ¿No será demasiado bueno para ser verdad?

**R2 (Análisis de rentabilidad y libertad):**

$200.000 pesos es una inversión importante, no lo voy a negar. Pero pensemos en frío: ¿cuánto me cuesta mi tiempo? ¿Cuántas horas semanales paso apagando incendios en lugar de enfocarme en la estrategia y el crecimiento del negocio? Si Megan realmente puede liberar esas horas, el ROI podría ser significativo. Además, la comunidad gastronómica puede ser valiosa para encontrar proveedores y compartir ideas.

Sin embargo, la clave está en la garantía de seguimiento de 30 días. Si Megan realmente se involucra y me ayuda a implementar el sistema de manera efectiva, y si la matriz de crisis es tan sólida como promete, voy a dormir mucho más tranquilo. Si el sistema se cae después de que se vaya, esos $200.000 se esfuman.

**Veredicto:**

[VOTO: SÍ]

Si bien tengo mis reservas, la garantía de seguimiento de 30 días, con la auditoría diaria por WhatsApp, me da la confianza suficiente para invertir. Considero que vale la pena intentarlo para ver si puedo ganar tiempo, reducir el estrés y mejorar la rentabilidad de mi restaurante. ¡Vamos a darle una oportunidad a Megan!
","Dado tu perfil de dueño de restaurante en Argentina, con 64 años, no binario (heterosexual), nivel socioeconómico alto, MBTI ESFP, casado/a con hijos, ateo/agnóstico, votante de Kicillof, educación universitaria privada, pensamiento político de centro-derecha y angustia por la inflación e inseguridad económica, y tu afición al fútbol 5 con amigos, voy a analizar las razones por las que una iniciativa, producto o servicio podría fallar contigo (R2).

Aquí hay algunos aspectos críticos que harían que algo falle contigo:

**1. Ignorar tu Aversión al Riesgo Financiero (Principalmente Inflación e Inseguridad Económica):**

*   **Modelos de Negocio Inestables:** Cualquier cosa que dependa de proyecciones financieras inciertas, como inversiones especulativas, acuerdos con cláusulas ambiguas o costos variables descontrolados (ej: software con precios en dólares que cambian constantemente), te generaría rechazo inmediato.
*   **Propuestas que Exijan Inversiones Iniciales Altas SIN Retorno de la Inversión (ROI) Claro y Rápido:** Como empresario experimentado, buscas resultados concretos. Si la propuesta requiere una inversión significativa sin un camino claro para recuperarla en un plazo razonable, la descartarías. Por ejemplo, una campaña de marketing digital muy ""creativa"" pero sin métricas claras de conversión.
*   **Soluciones que No Mitiguen la Inflación:** Cualquier cosa que te exponga aún más a la inflación (ej: un servicio que indexe sus precios fuertemente) será inaceptable. Buscarías alternativas que te permitan proteger el margen de ganancia.

**2. Desconexión con tu ADN Emprendedor ESFP y tu Experiencia:**

*   **Presentaciones Aburridas y Poco Prácticas:** Como ESFP, valoras la acción y la practicidad. Aborrecerías las reuniones largas y teóricas sin ejemplos concretos de cómo la propuesta solucionaría tus problemas.
*   **Falta de Adaptación a la Cultura Argentina:** Ignorar los códigos culturales y las particularidades del mercado argentino sería un error fatal. Las soluciones ""enlatadas"" de otros países generalmente fallan en Argentina, a menos que se adapten cuidadosamente al contexto local.
*   **Menospreciar tu Experiencia:** Asumir que no sabes nada de tu negocio o que necesitas una solución ""disruptiva"" que contradiga tus años de experiencia te ofendería. Valoras el respeto y la humildad.
*   **Falta de Networking y Relaciones Personales:** En el mundo de los restaurantes, las recomendaciones y las relaciones personales son cruciales. Si la propuesta no viene respaldada por alguien de tu confianza o no te permite conectar con otros colegas, serás escéptico.

**3. Ignorar tus Valores y Creencias:**

*   **Propuestas que Atenten contra tu Identidad Heterosexual o tus Valores Familiares:** Cualquier cosa que se perciba como un ataque a tu familia, a tu identidad o a tus valores tradicionales tendría un rechazo inmediato.
*   **Falta de Respeto a tu Ateísmo/Agnosticismo:** Intentar imponer creencias religiosas o espirituales sería un error grave.
*   **Ideología Política Incompatibles:** Aunque votaste a Kicillof, tu ADN de Centro-Derecha significa que desconfías de propuestas de izquierda radical o intervencionistas que restrinjan la libertad económica.

**4. No Entender tu Estilo de Vida y Prioridades:**

*   **Excesiva Digitalización:** Aunque eres consciente de la importancia de la tecnología, valoras el contacto personal y las soluciones sencillas e intuitivas. Una solución tecnológica muy compleja o que requiera una curva de aprendizaje empinada, te frustraría.
*   **Falta de Tiempo para tu Ocio:** Cualquier cosa que te quite tiempo para el fútbol 5 con tus amigos o para disfrutar de tu familia generará resistencia.

**5. Desatender la Calidad y la Atención al Cliente:**

*   **Productos o Servicios de Baja Calidad:** Dada tu posición económica, valoras la calidad y la durabilidad. Un producto o servicio barato pero deficiente no te interesaría.
*   **Soporte al Cliente Ineficiente:** La falta de soporte técnico o la dificultad para resolver problemas rápidamente te frustraría. Necesitas soluciones rápidas y efectivas.
*   **Propuestas Poco Éticas o Transparentes:** La falta de transparencia, la publicidad engañosa o las prácticas comerciales dudosas te alejarían inmediatamente.

**En resumen, una propuesta fallaría contigo si:**

*   Aumenta tu riesgo financiero en un contexto inflacionario.
*   Ignora tu experiencia y valores.
*   Es demasiado compleja, poco práctica o exige demasiado tiempo.
*   Carece de calidad y soporte al cliente.
*   Atenta contra tu identidad o valores morales.

Para tener éxito contigo, una propuesta debe ser: **estable, sencilla, rentable, práctica, con un impacto positivo tangible y con un enfoque en la construcción de una relación de confianza.** Además, debe respetar tu tiempo y permitirte disfrutar de tu vida personal.
","[VOTO: NO] No apruebo esta iniciativa, ya que mi principal preocupación es la inestabilidad económica y la inflación.
"
Agent_024,INTP,NO,ALTA,"**R1 (Intuición):**

Uy, $200.000 es un montón de plata. La verdad, la vengo remando con lo justo. Me da esperanza lo de la matriz de crisis y que el equipo pueda resolver sin molestarme, porque a veces siento que estoy apagando incendios todo el tiempo. Lo de la comunidad suena bueno, para ver qué onda con los proveedores y aprender de otros. Pero... ¿será que realmente vale la pena? ¿Funcionará después de que Megan se vaya?

**R2 (Análisis de rentabilidad y libertad):**

A ver... si el sistema realmente funciona y me libera tiempo, podría enfocarme en promociones, en mejorar el menú o hasta en buscar otro laburo para complementar ingresos. Si el equipo realmente maneja las crisis, eso me ahorraría estrés y posibles pérdidas por errores. También debería pensar en los costos actuales de tener que resolver todo yo: horas perdidas, errores del personal por falta de capacitación, etc. Pero $200.000... tendria que dejar de invertir en otras cosas importantes.

**Veredicto:**

[VOTO: NO]
","Para un restaurante, bar o cafetería en Argentina, considerando el contexto específico, las razones por las que una iniciativa *podría* fallar son múltiples y complejas, abarcando desde factores macroeconómicos hasta detalles operativos concretos. Aquí detallo un análisis crítico, considerando el espectro de dueños que describiste:

**1. Factores Macroeconómicos Impredecibles e Incontrolables:**

*   **Inflación Desenfrenada y Devaluación Constante:** Este es el enemigo número uno. La imposibilidad de fijar precios, el constante aumento de costos (alimentos, bebidas, alquileres, servicios), y la pérdida del poder adquisitivo de los clientes son una bomba de tiempo. Incluso una gestión eficiente puede verse superada por la volatilidad económica.
*   **Inestabilidad Política y Regulación Cambiante:** El miedo a nuevas restricciones cambiarias, impuestos inesperados, y regulaciones que dificultan la importación de insumos (especialmente para restaurantes con propuestas internacionales o cafés de especialidad) puede paralizar la inversión y la planificación a largo plazo.
*   **Recesión Económica:** Si el país entra en recesión, la gente reduce drásticamente el consumo fuera del hogar, priorizando necesidades básicas. Esto impacta directamente en la facturación y rentabilidad.

**2. Mala Gestión Financiera y Operativa:**

*   **Subestimación de Costos y Márgenes Bajos:** No calcular correctamente los costos reales (incluyendo costos ocultos como mantenimiento, desperdicio, etc.) o trabajar con márgenes de ganancia demasiado ajustados puede llevar a la quiebra.  Especialmente crítico con la inflación.
*   **Mala Administración del Stock:** No controlar el inventario, comprar en exceso, o permitir el desperdicio de alimentos y bebidas genera pérdidas significativas.
*   **Problemas de Flujo de Caja:** No tener suficiente efectivo para cubrir los gastos corrientes (salarios, proveedores, alquiler) puede llevar a la suspensión de pagos y al cierre.
*   **Falta de Inversión en Marketing y Promoción:** En un mercado competitivo, no dar a conocer el negocio, no atraer nuevos clientes, o no fidelizar a los existentes es un error fatal. Esto se agrava si el público objetivo es digitalmente activo.
*   **Mala Atención al Cliente:** Una mala experiencia del cliente (mala calidad de la comida, servicio lento o descortés, ambiente desagradable) se propaga rápidamente, especialmente a través de redes sociales y plataformas de reseñas.
*   **Escasa Capacitación del Personal:** Un personal mal entrenado no puede brindar un buen servicio, preparar los platos correctamente o manejar situaciones difíciles.

**3. Falta de Adaptación al Mercado y las Tendencias:**

*   **No Entender al Cliente Local:** Ofrecer un producto o servicio que no se adapta a los gustos, necesidades o presupuesto del público objetivo es un fracaso asegurado.  No se puede ignorar el contexto argentino actual.
*   **Resistencia a la Digitalización:** Ignorar la importancia de tener presencia online (redes sociales, delivery apps, página web), no ofrecer opciones de pago digitales, o no utilizar herramientas de gestión digital (reservas, pedidos online, etc.) es perder una gran oportunidad.
*   **No Innovar:** No actualizar el menú, no ofrecer nuevas promociones, o no renovar el ambiente del local puede llevar a la pérdida de interés de los clientes.
*   **Falta de Diferenciación:** No ofrecer algo único o especial que lo distinga de la competencia (producto, ambiente, servicio, precio) hace que el negocio sea fácilmente sustituible.

**4. Problemas Específicos Según el Tipo de Negocio:**

*   **Restaurantes Históricos:** No adaptarse a las nuevas tendencias o no invertir en mantenimiento y modernización puede llevar a la decadencia.
*   **Parrillas Familiares:** No mantener la calidad de la carne, no ofrecer opciones vegetarianas/veganas, o no modernizar el ambiente puede alejar a las nuevas generaciones.
*   **Franquicias:** Depender demasiado de la marca y no adaptar la oferta al contexto local, o no cumplir con los estándares de calidad de la franquicia, puede resultar en un fracaso.
*   **Cafés de Especialidad:** No asegurar la calidad del café, no ofrecer opciones atractivas para acompañar, o no crear un ambiente acogedor y atractivo puede dificultar la fidelización de clientes.

**5. Factores Personales del Dueño:**

*   **Falta de Pasión y Dedicación:** Un dueño desmotivado o ausente no puede liderar el negocio de manera efectiva.
*   **Mala Gestión del Tiempo y del Estrés:** El negocio gastronómico es demandante y estresante. Un dueño que no sabe manejar estas presiones puede tomar malas decisiones y afectar el ambiente laboral.
*   **No Saber Delegar:** Un dueño que intenta hacerlo todo solo se quema rápidamente y no permite que el negocio crezca.
*   **Resistencia al Cambio:** Un dueño que se niega a adaptarse a las nuevas tendencias o a escuchar las opiniones de los demás está condenado al fracaso.
*   **Problemas Legales o de Habilitación:** No contar con los permisos necesarios, no cumplir con las normas de seguridad e higiene, o tener problemas laborales puede llevar al cierre del negocio.

**En resumen, el éxito en el rubro gastronómico en Argentina requiere una combinación de buena gestión, adaptación constante, pasión por el negocio, y RESILIENCIA ante la adversidad económica y política.** La falta de cualquiera de estos elementos puede llevar al fracaso.
","[VOTO: NO] No recomiendo este producto dados mis miedos económicos y la incertidumbre actual.
"
Agent_020,ENTJ,SÍ,ALTA,"¡A ver, veamos qué propone esta muchacha!

**R1 (Intuición):**

La idea de tener un manual y una matriz de crisis me suena bien. ¡Qué dolor de cabeza es estar siempre apagando incendios! La consultoría presencial también me parece un punto a favor, pero esos tres días tienen que ser realmente aprovechados. Lo que más me llama la atención es el seguimiento por WhatsApp. Si realmente está disponible para resolver dudas en tiempo real, eso podría ser muy valioso. Me da un poco de desconfianza que sea solo un mes, pero bueno, algo es algo. La comunidad gastronómica me parece un lindo extra, aunque no es lo que más me interesa.

**R2 (Análisis de rentabilidad y libertad):**

A ver, $200.000... no es una ganga, pero tampoco es una locura si realmente me ahorra tiempo y dolores de cabeza. Necesito analizar si la inversión se justifica a corto y mediano plazo. Si realmente la matriz de crisis y el manual blindado funcionan, podría delegar más responsabilidades a mi personal y enfocarme en la estrategia del negocio, que es lo que me gusta. El entrenamiento tiene que ser bueno, sino, es tirar la plata. Con respecto a la rentabilidad, si esto me permite evitar pérdidas por errores del personal y optimizar el servicio, podría traducirse en más ganancias. La libertad que me da es invaluable. Podría dedicarle más tiempo al gimnasio, ¡que me hace mucha falta!

**Veredicto:**

[VOTO: SÍ]
","Para un dueño de restaurante argentino de 74 años, mujer, ENTJ, de nivel socioeconómico alto, casada con hijos, evangélica, votante de Massa, con educación universitaria privada, pensamiento político conservador/liberal, cuyo mayor miedo es la inflación y la inseguridad económica, y que disfruta del gimnasio, varias cosas podrían fallar al implementar nuevas estrategias o tecnologías en su restaurante.  Aquí presento un análisis crítico y exhaustivo:

**1. Adopción de Tecnología y Digitalización:**

*   **Curva de Aprendizaje Empinada:** A los 74 años, aunque abierta al mundo y con alta educación, la curva de aprendizaje para nuevas tecnologías (sistemas de gestión de restaurantes, marketing digital, plataformas de delivery, etc.) puede ser significativamente más pronunciada que para generaciones más jóvenes. Esto puede resultar en frustración y resistencia.
*   **Dependencia de la ""Vieja Escuela"":** Podría tener una inclinación natural a confiar en métodos tradicionales de gestión (hojas de cálculo, relaciones personales con proveedores) que percibe como más seguros y controlables. Convencerla de los beneficios de la automatización requerirá pruebas contundentes de ROI y simplicidad de uso.
*   **Falta de Paciencia:**  Los programas piloto de nuevas tecnologías requieren tiempo y paciencia para depurar errores y ajustar la implementación. Su personalidad ENTJ (líder, estratégica, enfocada en la eficiencia) podría volverse impaciente si no ve resultados inmediatos.
*   **Delegación Ineficiente:** Podría delegar la gestión de la tecnología a personal más joven, pero si no se involucra activamente en el aprendizaje y supervisión, la implementación podría derivar en errores costosos o uso subóptimo de las herramientas.

**2. Estrategias de Marketing Modernas:**

*   **Desconexión con las Tendencias Digitales:** El marketing en redes sociales, influencers, contenido viral, etc., podría sentirse ajeno a su experiencia y valores. La idea de depender de ""influencers"" para atraer clientes podría resultarle frívola o poco confiable.
*   **Resistencia a la Automatización del Marketing:** Las herramientas de email marketing, publicidad programática y chatbots podrían considerarse impersonales o invasivas. Podría preferir métodos más tradicionales de publicidad (anuncios en periódicos locales, relaciones públicas con referentes de su círculo social).
*   **Interpretación Errónea de Datos:** A pesar de su inteligencia, la interpretación de los datos analíticos de marketing (tasas de conversión, costo por adquisición, etc.) podría ser un desafío si no tiene la formación adecuada. Esto podría llevar a decisiones de inversión erróneas.

**3. Sensibilidad al Riesgo y Aversión al Cambio:**

*   **Miedo a la Inversión:**  La inflación y la inestabilidad económica son su mayor temor. Por lo tanto, cualquier inversión significativa en nuevas estrategias o tecnologías podría ser vista con escepticismo y preocupación, especialmente si no hay garantías de retorno.
*   **Apego al Status Quo:** Después de años en el negocio, su restaurante probablemente tenga una clientela leal y un modelo operativo establecido. Cambiar la carta, la decoración o la forma de prestar servicio podría considerarse riesgoso y potencialmente alienante para sus clientes habituales.
*   **Resistencia a la Experimentación:** Su personalidad conservadora/liberal podría hacerla reacia a experimentar con conceptos gastronómicos nuevos o modas pasajeras.  Podría preferir mantener un menú clásico y una atmósfera tradicional que se ajusten a sus propios gustos y valores.

**4. Consideraciones Religiosas y Éticas:**

*   **Restricciones en la Promoción:**  Dependiendo de su interpretación del evangelismo, podría haber límites en la forma en que promociona su restaurante (por ejemplo, evitar publicidad que considere inapropiada o inmoral).
*   **Dilemas Éticos en la Gestión:** Podría enfrentar dilemas éticos al tomar decisiones sobre precios, salarios, trato a los empleados, etc., basadas en sus principios religiosos. Esto podría chocar con algunas prácticas comerciales comunes en el sector.

**5. Desafíos Físicos y de Salud:**

*   **Fatiga y Estrés:** A los 74 años, la gestión diaria de un restaurante puede ser físicamente agotadora y emocionalmente estresante. La implementación de nuevas estrategias podría añadir una carga adicional que afecte su salud y bienestar.
*   **Disminución Sensorial:** Problemas de visión, audición o movilidad podrían dificultar su capacidad para interactuar con clientes, supervisar a los empleados o utilizar ciertas tecnologías.

**6. Dinámicas Familiares:**

*   **Conflictos Generacionales:** Si sus hijos o nietos están involucrados en el negocio, podría haber diferencias de opinión sobre la dirección estratégica del restaurante. Estos conflictos generacionales podrían obstaculizar la implementación de nuevas ideas.
*   **Presión Familiar:** Podría sentir presión para jubilarse y dejar el negocio en manos de la próxima generación, incluso si no se siente lista para hacerlo. Esto podría disminuir su motivación para invertir en el futuro del restaurante.

**En resumen, el éxito de cualquier nueva iniciativa dependerá de una comprensión profunda de sus valores, miedos, creencias y limitaciones. La clave estará en presentar las nuevas ideas de manera que resuenen con su visión del mundo, minimicen el riesgo percibido y le permitan mantenerse en control de su negocio.**
","[VOTO: SÍ] Implementaría una estrategia para mitigar el impacto de la inflación y reforzar la seguridad en mi negocio.
"
Agent_005,INTP,SÍ,ALTA,"¡A ver, Megan! Interesante la propuesta, pero vamos a desmenuzarla bien:

**R1 (Intuición):**

Mi primera reacción es de alivio mezclado con cautela. La idea de tener un equipo que funcione solo, sin que me estén llamando por cada problemita, suena como música celestial. ¡Podría volver a jugar al fútbol 5 sin el teléfono pegado a la mano! Pero... ¿realmente funcionará? ¿No será demasiado teórico todo? La matriz de crisis suena bien en papel, pero en la práctica...la calle es otra cosa.

**R2 (Análisis de Rentabilidad y Libertad):**

$200.000 no es poco dinero, especialmente con la incertidumbre que tenemos ahora. ¿Cómo calculo el retorno de esta inversión? Necesito ver si realmente liberará tiempo, reducirá errores y mejorará la eficiencia.

*   **Libertad:** Si consigo que el equipo resuelva problemas solo, valoro enormemente el tiempo que me ahorraré. Poder delegar y enfocarme en la estrategia del negocio y quizás hasta tomarme unas vacaciones reales... eso no tiene precio.
*   **Rentabilidad:** ¿Cuánto me cuesta actualmente el ""micro-management""? ¿Qué porcentaje de las ganancias se pierde por errores del personal, quejas de clientes o ineficiencias? Si los protocolos de Megan realmente atacan esos problemas, la inversión se justifica rápido.
*   **La Clave: La Garantía de 30 días:** La auditoría diaria por WhatsApp es lo que más me llama la atención. Es como tener un salvavidas durante el primer mes. Si realmente Megan está disponible para resolver dudas y corregir el rumbo, eso reduce significativamente el riesgo. Si la matriz de crisis que ella propone se puede adaptar a la idiosincrasia de Argentina sería un golazo.

**Veredicto:**

**[VOTO: SÍ]**

La garantía de seguimiento de 30 días y la comunidad gastronómica inclinan la balanza. Me da seguridad tener ese acompañamiento inicial. ¡Ojalá funcione! Necesito sacarme este peso de encima.
","Para un dueño de restaurante argentino de 63 años, mujer, de nivel socioeconómico alto, INTP, casada, católica, votante de Milei, con educación universitaria privada, pensamiento conservador/liberal, cuyo mayor dolor es la inflación y la inseguridad económica, varias cosas podrían hacer fallar una propuesta o estrategia:

**Considerando su Perfil Psicológico (INTP):**

*   **Falta de Lógica y Sustento Analítico:** Un INTP necesita entender la lógica detrás de una propuesta. Si la estrategia se basa en evidencia anecdótica, tendencias pasajeras sin datos concretos o promesas vacías, la rechazará inmediatamente. Necesita ver un análisis claro de costo-beneficio y un razonamiento sólido.
*   **Sobrecarga de Emoción:** Aunque es sensible a sus propios dolores, un INTP prioriza la objetividad. Una presentación excesivamente sentimental o que apele a la ""tradición"" sin mostrar cómo resuelve problemas concretos (ej., la inflación) será ineficaz.
*   **Complejidad Innecesaria:** Los INTP valoran la eficiencia y la simplicidad. Si la solución propuesta es intrincada, con demasiadas partes móviles o requiere mucha capacitación poco práctica, la verá como ineficiente y la descartará.
*   **Imposición o Falta de Autonomía:**  Un INTP valora su independencia intelectual. Si la propuesta se presenta como una orden o no le permite tomar sus propias decisiones y adaptarla a su negocio, se sentirá sofocada y se resistirá.

**Considerando su Nivel Socioeconómico y Creencias Políticas:**

*   **Propuestas ""Socialistas"" o Intervencionistas:**  Como votante de Milei y con una mentalidad conservadora/liberal, cualquier idea que suene a control de precios, subsidios excesivos, intervenciones estatales fuertes o regulaciones laborales restrictivas será vista con extrema desconfianza.
*   **Soluciones Irrealistas a la Inflación:** Promesas de eliminar la inflación de la noche a la mañana o estrategias que ignoren la realidad económica argentina (ej., tipo de cambio, deuda) serán consideradas ingenuas.
*   **Ignorar la Inseguridad Económica:** Si la propuesta no aborda directamente el miedo a la inestabilidad, costos crecientes o la dificultad de proyectar a largo plazo, no resonará.
*   **Estrategias Digitales Exclusivamente ""Millennial"":**  Aunque tenga cierto nivel de digitalización, asumir que adopta automáticamente las últimas tendencias de redes sociales o marketing online sería un error. Necesita ver cómo la tecnología mejora *realmente* su rentabilidad y eficiencia, no solo que ""está de moda"".

**Considerando su Edad y Experiencia en el Sector:**

*   **Falta de Respeto por la Tradición Culinaria Argentina:** Si la propuesta implica alienar a sus clientes leales con cambios radicales en el menú o en el ambiente del restaurante, será rechazada.  Los clientes valoran la autenticidad y la calidad consistente.
*   **Menosprecio de su Experiencia:** Darle lecciones condescendientes sobre cómo manejar su restaurante o asumir que no entiende el mercado actual sería un error grave. Ella ya tiene décadas de experiencia.
*   **Ignorar las Dinámicas Familiares:** En muchos restaurantes argentinos, la familia juega un papel importante.  Cualquier estrategia que no considere las opiniones e intereses de los hijos, el marido, etc., probablemente fracasará.

**En Resumen, esta propuesta/estrategia fallaría si:**

*   Se basa en intuiciones en lugar de datos y análisis sólidos.
*   No aborda directamente sus miedos a la inflación y la inseguridad económica.
*   Es demasiado compleja, costosa o requiere una inversión de tiempo excesiva.
*   Implica control gubernamental, regulaciones restrictivas o políticas ""socialistas"".
*   Menosprecia su experiencia, la tradición culinaria argentina o la importancia de la familia en su negocio.
*   No demuestra un retorno de inversión claro y medible.
*   Se presenta de manera condescendiente o impositiva.
","[VOTO: SÍ] Es crucial buscar estrategias para proteger mi negocio de la incertidumbre económica.
"
Agent_057,ENTJ,NO,ALTA,"Bien, vamos a analizar esta propuesta de Megan.

**R1 (Intuición):** Inicialmente, me genera interés. La idea de tener un sistema más ordenado y un equipo que pueda resolver problemas sin recurrir a mí suena muy atractiva. El ""Manual Blindado"" y la ""Matriz de Manejo de Crisis"" parecen herramientas útiles. Sin embargo, ese precio de $200.000 me hace levantar una ceja, especialmente con la situación económica actual. La consultoría presencial de 3 días podría ser valiosa, pero me preocupa que no sea suficiente para cambiar hábitos arraigados en mi personal.

**R2 (Análisis de rentabilidad y libertad):**

*   **Rentabilidad:** $200.000 es una inversión considerable. Necesito analizar si la mejora en la eficiencia y la reducción de errores que promete Megan realmente se traducirán en un aumento de las ganancias. ¿Cuántas horas de trabajo mío podría ahorrarme al mes? ¿Cuánto dinero estoy perdiendo actualmente por ineficiencias en el servicio? Si no puedo cuantificar un retorno de la inversión razonable en un plazo de, digamos, 6-12 meses, la propuesta no es viable.

*   **Libertad:** Este es un punto clave. Mi principal objetivo es reducir el estrés y tener más tiempo libre. Si el sistema de Megan realmente funciona, debería poder delegar más responsabilidades y confiar en mi equipo. La garantía de seguimiento de 30 días es un buen incentivo, pero me preocupa que después de ese período, las cosas vuelvan a la normalidad. ¿Qué tipo de soporte continuo ofrece Megan más allá del primer mes? ¿Hay alguna forma de extender la consultoría o acceder a recursos adicionales si es necesario? La comunidad gastronómica también podría ser beneficiosa para intercambiar ideas y encontrar soluciones a problemas comunes.

**Veredicto:**

Si bien la propuesta de Megan tiene elementos atractivos, el riesgo de que el sistema no se mantenga a largo plazo me preocupa demasiado. La garantía de 30 días no es suficiente para asegurar que mi inversión se traduzca en una mejora sostenible. Los $200.000 representan un riesgo grande dada la falta de solidez a futuro.

**[VOTO: NO]**
","Considerando tu contexto y perfil, esto podría fallar por varias razones:

**1. Falta de Relevancia Personal:**

*   **Edad y Experiencia:** Con 65 años y una trayectoria presumiblemente establecida en el negocio, es posible que desconfíes de soluciones modernas o digitales que no comprendas completamente o percibas como innecesarias para tu modelo de negocio tradicional. ""Si siempre lo hemos hecho así y nos ha funcionado..."" es una frase que podría rondar tu cabeza.
*   **ADN de Dolor:** Tu principal temor es la inestabilidad económica. Si la propuesta de valor no aborda directamente cómo mitigará la inflación, la inseguridad económica o cómo protegerá tu inversión, la rechazarás. Necesitas ver un retorno de la inversión claro y tangible, especialmente en tiempos de incertidumbre.

**2. Desconfianza y Aversión al Riesgo (ENTJ + Nivel Socioeconómico Alto):**

*   **Pensamiento Crítico (ENTJ):**  Sos analítico y estratégico.  Si la lógica detrás de la solución no es impecable, o si detectas posibles fallas o riesgos ocultos, lo descartarás rápidamente. No te convencen las promesas vacías; necesitas datos, evidencia concreta y planes de contingencia.
*   **Nivel Socioeconómico Alto:** Has construido un patrimonio y no estás dispuesto a arriesgarlo por experimentos aleatorios.  La propuesta debe estar alineada con tus valores y principios empresariales, que probablemente estén más enfocados en la estabilidad y la rentabilidad probada que en la innovación per se.

**3. Alineación Política e Ideológica:**

*   **Voto a Kicillof vs. Centro-Derecha:** Aquí hay una tensión. Si bien votaste a Kicillof (quizás por razones tácticas o coyunturales), tu ideología es de centro-derecha.  Podrías ser escéptico ante propuestas que percibas como ""populistas"", ""intervencionistas"" o que choquen con tus valores sobre la libertad económica y la responsabilidad individual.  Cualquier cosa que huela a control de precios disfrazado, regulaciones excesivas o impuestos encubiertos será vista con recelo.
*   **Desconfianza en ""Soluciones Mágicas"":**  Es probable que desconfíes de las soluciones que parezcan demasiado buenas para ser verdad, especialmente si provienen de fuentes que percibes como ideológicamente opuestas.

**4. Falta de Conexión con el Ocio y Valores Personales:**

*   **Asado Familiar:**  Valorás la tradición, la familia y el tiempo personal. Si la solución te exige demasiado tiempo, te aleja de tu familia o interrumpe tus tradiciones, no te interesará.  Preferirás una solución que te permita delegar tareas y disfrutar de tu tiempo libre.
*   **Religión Católica:** Si la solución de alguna manera contradice tus valores morales o religiosos, la rechazarás.

**5. Barreras Tecnológicas y de Adopción:**

*   **Nivel de Digitalización no Especificado:** Si bien no se especifica tu nivel de digitalización con precisión, asumir que sos completamente nativo digital sería un error. Si la solución es demasiado compleja, requiere una curva de aprendizaje empinada o implica una dependencia excesiva de la tecnología, te sentirás abrumado y la descartarás.
*   **Implementación y Soporte:** Incluso si la idea es buena, la implementación y el soporte técnico deficientes pueden ser un detonante para el fracaso. Necesitas sentir que hay un equipo confiable detrás de la solución, dispuesto a ayudarte a superar cualquier obstáculo.

**En resumen, para que funcione, la propuesta debe:**

*   Ser **claramente rentable** y mitigar tus temores económicos (inflación, inseguridad).
*   Estar **alineada con tus valores de centro-derecha** (libertad económica, responsabilidad).
*   Ser **fácil de entender e implementar**, sin requerir una inversión excesiva de tiempo o recursos.
*   **Respetar tus tradiciones y valores familiares.**
*   Ofrecer **soporte técnico confiable** y personal.
*   **Demostrar resultados concretos** con datos y casos de éxito verificables.

Sin abordar estos puntos críticos, es probable que lo descartes por considerarlo inviable, riesgoso o simplemente irrelevante para tu negocio.
","[VOTO: NO] No creo que sea una buena opción considerando la inestabilidad económica actual.
"
Agent_062,INFJ,NO,ALTA,"¡A ver, a ver qué tenemos acá! Una gurú del servicio gastronómico que promete sacarme del barro. Veamos si vale la pena el esfuerzo...

**R1 (Intuición):**

Mi primera reacción es... desconfianza con una pizca de esperanza. A mis años, ya vi pasar muchos ""salvadores"" con soluciones mágicas. Sin embargo, la idea de tener un equipo más autónomo y evitar que me llamen a cada rato suena tentadora. Ese ""Manual Blindado"" y la ""Matriz de Crisis"" podrían ser interesantes, pero... ¿serán realmente efectivos? La consultoría presencial me genera más dudas, ¿tres días serán suficientes para cambiar hábitos arraigados en mi personal?

**R2 (Análisis de rentabilidad y libertad):**

$200.000 pesos es una inversión considerable, especialmente en estos tiempos de inflación galopante. Tendría que evaluar cuánto tiempo le dedico actualmente a resolver problemas operativos menores y cuánto me cuesta eso en términos de tiempo, estrés y posible pérdida de ingresos. Si esta consultoría me liberara significativamente, permitiéndome enfocarme en la estrategia del negocio y en mantener la rentabilidad, podría valer la pena. La ""Comunidad Gastronómica"" suena interesante para intercambiar ideas y contactos, pero no lo considero un factor decisivo. Lo que realmente me pesa es el miedo a que todo vuelva al caos una vez que Megan se vaya. La garantía de 30 días es un buen intento, pero... ¿será suficiente?

**Veredicto:**

A pesar de la tentación de tener un equipo más autónomo, el riesgo de que el sistema se caiga una vez finalizada la consultoría sigue siendo demasiado alto. Después de todo, 30 días no es suficiente para cambiar hábitos arraigados. La garantía de seguimiento es buena, pero no elimina completamente mi miedo a la dependencia.

[VOTO: NO]
","Para un dueño de restaurante argentino de 72 años, con un perfil INFJ, conservador/liberal, preocupado por la inflación y la inseguridad económica, las siguientes son las principales razones por las que algo podría fallar en su negocio, desde una perspectiva crítica:

**1. Falta de Adaptación a las Nuevas Tecnologías y Tendencias:**

*   **Crítica:** A su edad, y aunque tenga una buena educación, es probable que le cueste adoptar nuevas tecnologías (pedidos online, marketing digital, gestión de inventario automatizada, sistemas de pago modernos).  Esto lo deja en desventaja competitiva frente a negocios más jóvenes y ágiles.  La resistencia al cambio puede ser un factor limitante importante.
*   **¿Por qué fallaría?:** No invertir en digitalización significa perder clientes jóvenes, ser menos eficiente en la gestión, tener menos visibilidad en redes sociales y, en última instancia, *perder rentabilidad*. Pensar que ""siempre se hizo así"" es una receta para el desastre.

**2. Estancamiento en la Oferta Gastronómica:**

*   **Crítica:** Si lleva mucho tiempo en el negocio, podría estar ofreciendo el mismo menú durante años, sin actualizarlo o innovar.  Esto aburre a los clientes habituales y no atrae a nuevos.
*   **¿Por qué fallaría?:** El mercado gastronómico es dinámico.  Las tendencias cambian rápidamente. No ofrecer opciones vegetarianas/veganas, platos más saludables, o experimentar con nuevos sabores podría alejar a un segmento importante del mercado.

**3. Problemas de Gestión y Control de Costos:**

*   **Crítica:** Si no tiene un sistema de gestión eficiente, podría estar perdiendo dinero sin darse cuenta.  El control de costos (inventario, personal, proveedores) es crucial, especialmente en un contexto inflacionario como el argentino.
*   **¿Por qué fallaría?:**  No controlar el stock lleva a desperdicios.  No negociar buenos precios con los proveedores afecta el margen de ganancia.  No tener un software de gestión hace que sea más difícil identificar problemas y tomar decisiones informadas. La inflación, su principal miedo, puede destruir su negocio si los costos se le van de las manos.

**4. Dificultades para Delegar y Confiar en el Personal:**

*   **Crítica:** A su edad, es comprensible que quiera seguir involucrado en todos los aspectos del negocio.  Sin embargo, la microgestión puede ser contraproducente. No capacitar y confiar en el personal puede generar ineficiencia, desmotivación y alta rotación.
*   **¿Por qué fallaría?:**  Si usted es la única persona que puede tomar decisiones, el negocio se vuelve dependiente de su presencia.  Además, el personal se siente menos valorado y es más probable que busque otras oportunidades laborales. Un dueño ausente o controlador perjudica la cohesión del equipo.

**5. Riesgo de Conflictos Generacionales (Si Involucró a su Familia):**

*   **Crítica:** Si hay hijos o nietos involucrados en el negocio, pueden surgir diferencias de opinión sobre la dirección que debe tomar la empresa. Esto puede generar tensiones familiares y afectar el ambiente laboral.
*   **¿Por qué fallaría?:**  Falta de comunicación clara, ambiciones encontradas y diferentes visiones sobre el futuro del negocio pueden llevar a peleas, decisiones equivocadas y, en el peor de los casos, a la disolución del negocio.

**6.  Falta de Adaptación a la Crisis Económica Argentina:**

*   **Crítica:** Su aversión al riesgo, dada su edad y perfil conservador, puede impedirle tomar las medidas necesarias para protegerse de la inflación y la inestabilidad económica.
*   **¿Por qué fallaría?:** No tener una estrategia para ajustar los precios, diversificar proveedores, buscar financiamiento o reducir costos puede llevar a la quiebra.  Además, el temor a la inseguridad económica puede paralizarlo e impedirle innovar y crecer.

**En resumen, el principal riesgo es la obsolescencia. Si no se adapta a los cambios tecnológicos, a las nuevas tendencias gastronómicas y a la difícil situación económica argentina, su negocio podría fracasar.**
","[VOTO: NO] No creo que sea una buena idea implementar ese cambio en mi restaurante.
"
Agent_043,INTP,NO,ALTA,"Okay, analicemos la propuesta de Megan.

**R1: Intuición**

Uf, suena tentador. La idea de tener un manual ""blindado"" y una matriz de crisis me alivia bastante la ansiedad que me genera pensar que mi equipo no sabe cómo reaccionar ante imprevistos. La consultoría presencial también me parece valiosa, porque me aseguraría de que todos están en la misma sintonía con el sistema. La comunidad gastronómica suena interesante, aunque mi experiencia personal es que a veces esas comunidades son más ruido que nueces. Lo que realmente me genera expectativa son los 30 días de auditoría por WhatsApp. Ahí es donde veo el verdadero valor, porque me da la chance de ver si el sistema realmente anda y de hacer ajustes en tiempo real.

**R2: Análisis de rentabilidad y libertad**

$200.000... bueno, podría ser peor. Si el sistema realmente funciona, y mi equipo puede resolver problemas sin tenerme que llamar cada cinco minutos, entonces vale la pena. En este momento, siento que dedico demasiado tiempo a apagar incendios y no a pensar estratégicamente en el futuro del restaurante. Si la matriz de crisis y los protocolos realmente les dan la autonomía que necesito, entonces recuperaría ese tiempo y podría enfocarme en el crecimiento del negocio y en disfrutar de mis ratos libres con los videojuegos. Piensen que a mi edad, el tiempo libre vale oro… y mas aún después de tener que lidiar con los desastres económicos de los últimos años.

Ahora, el tema es: ¿será cierto que este sistema evita que el restaurante se caiga a pedazos después de que Megan se vaya? Los 30 días de auditoría serían una buena prueba de fuego. Si durante ese tiempo veo que el equipo efectivamente está aplicando los protocolos y resolviendo problemas de forma autónoma, entonces la inversión estaría justificada. Pero si después de esos 30 días todo vuelve a ser el mismo caos de siempre, entonces serían $200.000 tirados a la basura.

**Veredicto**

[VOTO: SÍ]
","Considerando tu perfil y el contexto general, un producto o servicio podría fallar por las siguientes razones:

**Específicamente para vos (Dueña de Restaurante, 62 años, INTP, Alto NSE, Evangélica, Centro-Derecha, miedo a la inflación y inseguridad económica, gaming):**

*   **Falta de retorno de inversión claro y rápido:** Dada tu aversión a la inflación y la inseguridad económica, cualquier producto o servicio que requiera una inversión significativa sin una promesa de retorno tangible y rápido será rechazado. Necesitas ver cómo ese gasto se traducirá en mayores ganancias o ahorros sustanciales en un corto plazo. Las promesas vagas de ""construcción de marca a largo plazo"" o ""engagement"" sin resultados medibles sonarán vacías.
*   **Complejidad tecnológica innecesaria:** Como INTP, apreciás la lógica y la eficiencia, pero la tecnología debe ser una herramienta, no un obstáculo. Si un producto es demasiado complejo de implementar o requiere un entrenamiento que te quite tiempo valioso de la gestión de tu restaurante, lo descartarás rápidamente. La usabilidad y la curva de aprendizaje son cruciales.
*   **Desconexión con tus valores:** Si un producto o servicio entra en conflicto con tus valores evangélicos o tu ideología de centro-derecha, lo rechazarás de plano. Esto podría incluir campañas de marketing con contenido que consideres inapropiado, o prácticas empresariales que no se alineen con tus principios.
*   **Ignorar tu experiencia:** Como dueña de restaurante con años de experiencia, no te convencerá fácilmente un vendedor que intente explicarte cómo funciona tu negocio sin comprenderlo realmente. Detestarías que te traten como si fueras una novata en el rubro. Necesitas soluciones que respeten y aprovechen tu conocimiento del mercado local.
*   **Focalizado en un público más joven y sin considerar la experiencia de usuario para adultos mayores:** muchas veces las soluciones tecnológicas priorizan a generaciones más jóvenes y se olvidan de que personas adultas tienen otro acercamiento al mundo digital.

**En el contexto general de dueños de restaurantes en Argentina:**

*   **No entender la realidad económica argentina:** Un producto o servicio que ignore la volatilidad del peso, la inflación constante, las regulaciones gubernamentales complejas y la cultura del ""atajo"" en los negocios argentinos está destinado al fracaso. Las soluciones deben ser adaptables a la realidad local y ofrecer alternativas para mitigar los riesgos económicos.
*   **Falta de atención al servicio al cliente:** Argentina es un país donde el contacto personal y la atención al cliente son muy valorados. Un servicio automatizado o impersonal, por más eficiente que sea, puede ser percibido como frío y distante, especialmente por los dueños de restaurantes más tradicionales.
*   **Desconocimiento de las particularidades regionales:** Argentina es un país diverso con diferentes culturas gastronómicas y preferencias de los consumidores en cada región. Un producto o servicio que funcione bien en CABA podría no tener éxito en Salta o Mendoza. La adaptación a las particularidades locales es fundamental.
*   **No considerar la brecha digital:** Si bien la digitalización avanza, existe una brecha importante entre los dueños de restaurantes más jóvenes y los más veteranos. Un producto o servicio que dependa exclusivamente de la tecnología puede dejar fuera a un segmento significativo del mercado.
*   **Competencia con soluciones informales:** En Argentina, existe una economía informal considerable, y muchos dueños de restaurantes recurren a proveedores informales o soluciones ""caseras"" más baratas. Un producto o servicio formal debe ofrecer un valor añadido que justifique el costo adicional.

En resumen, para tener éxito con vos y con el mercado de dueños de restaurantes en Argentina, un producto o servicio debe ser:

*   **Rentable y de rápido retorno.**
*   **Fácil de usar y adaptable.**
*   **Alineado con tus valores y principios.**
*   **Respetuoso de tu experiencia.**
*   **Adaptado a la realidad económica y cultural argentina.**
*   **Ofrecer un servicio al cliente personalizado.**
*   **Considerar la brecha digital y la competencia informal.**

Si falla en alguno de estos aspectos clave, la probabilidad de fracaso es alta.
","[VOTO: NO] No estoy convencida de que sea la mejor opción para mi negocio en este momento.
"
Agent_073,ENTJ,SÍ,ALTA,"**R1 (Intuición):**

Uff, suena tentador, pero me da cosita. ""De caos a control"" es justo lo que necesito. La idea de que el equipo resuelva solo... ¡un sueño! Pero 200 lucas es un montón. La garantía de 30 días y la auditoría por WhatsApp me tranquilizan un poco, pero... ¿será suficiente? No quiero tirar la plata. La comunidad me parece un golazo, conocer otros dueños con los mismos problemas es invaluable.

**R2 (Análisis de rentabilidad y libertad):**

A ver, pongámoslo en números. Si el sistema funciona como promete, ¿cuánto me ahorro en dolores de cabeza y tiempo? ¿Cuántas horas le dedico ahora a apagar incendios? Si me libera realmente, podría enfocarme en marketing, en mejorar el menú, ¡en hacer crecer el negocio! Imagino que este sistema podria liberar unas 12 horas semanales, entonces en esas 12 horas deberia generar al menos unos $50.000 extras semanales entre la optimizacion y el marketing impulsado por mi.
Por otro lado, ¿y si no funciona? 200 lucas es una inversión importante, especialmente ahora. Habría que ver si la consultoría es realmente práctica y si los protocolos que ofrece Megan son aplicables a mi restaurante. En el caso que funcione durante el acompañamiento, tengo miedo que al soltarme se caiga todo.

**Veredicto:**

[VOTO: NO]
","Okay, analicemos por qué una estrategia o idea podría fallar, teniendo en cuenta mi perfil y el contexto de los dueños de restaurantes argentinos:

**Puntos débiles desde mi perspectiva (Dueño de Restaurante AR, 22 años, ENTJ, Casado/a con hijos, Evangélico, Secundario, Centro-Progresista, Miedo a no llegar a fin de mes, fútbol 5):**

*   **Credibilidad por edad y experiencia:**  Con 22 años, aunque sea un ENTJ (líder nato, estratégico), me falta experiencia *real* en el rubro gastronómico.  Muchos dueños (especialmente los dueños de establecimientos históricos o los más grandes) podrían ser escépticos ante mis consejos o propuestas, viéndome como un ""pibe"" que no entiende las complejidades del negocio. La frase ""vos no sabés lo que es esto"" podría ser una constante.
*   **Falta de conocimiento profundo de cada sub-segmento:**  El mercado de restaurantes es DIVERSIFICADO. Una estrategia genérica, sin entender las particularidades de una parrilla familiar en el interior en comparación con una franquicia de cafetería en CABA, está destinada al fracaso.
*   **Sesgos personales:**  Mi pensamiento Centro-Progresista podría chocar con dueños más conservadores o liberales.  Si mis propuestas reflejan ONLY mis inclinaciones políticas, voy a alienar a un sector importante del mercado.  También, mi nivel educativo Secundario podría hacer que me vean como menos capaz o preparado que otros consultores con estudios universitarios avanzados.
*   **Desconexión con la realidad económica:** Mi ""miedo a no llegar a fin de mes"" me hace demasiado sensible a cualquier estrategia que implique inversión o riesgo financiero. Podría ser demasiado conservador en mis recomendaciones, o no entender las necesidades de aquellos dueños que tienen más espalda financiera.
*   **Dificultad para conectar con la diversidad religiosa y cultural:** Si bien soy evangélico, una estrategia que se centre solo en ese grupo religioso o ignore la diversidad de creencias de los dueños podría ofender o alienar a muchos.

**Factores de fracaso generales relacionados al contexto de los dueños de restaurantes argentinos:**

*   **La economía argentina:** La inestabilidad económica, la inflación, los cambios constantes en las regulaciones y el tipo de cambio SIEMPRE son un factor de riesgo enorme. Cualquier estrategia que no tenga en cuenta estos elementos está condenada.
*   **Resistencia al cambio y al mundo digital:** Una parte importante de los dueños (especialmente los de mayor edad y los del interior) pueden ser reacios a adoptar nuevas tecnologías o estrategias de marketing digital.  Una propuesta digital ""agresiva"" podría ser ignorada o rechazada.
*   **Cultura del ""siempre se hizo así"":**  Muchos restaurantes tradicionales tienen una forma de hacer las cosas muy arraigada.  Convencerlos de cambiar procesos, menús o la forma de atender a los clientes puede ser muy difícil.
*   **Competencia feroz:** El mercado gastronómico es altamente competitivo.  Una estrategia que no ofrezca una diferenciación real y tangible corre el riesgo de diluirse entre la multitud.
*   **Problemas de costos y rentabilidad:**  Los costos de los alimentos, el alquiler, los salarios y los impuestos son altos.  Una estrategia que no tenga en cuenta la eficiencia y la rentabilidad, y proponga planes en el 'mundo ideal', será vista como irreal.
*   **La dificultad para encontrar y retener personal calificado:**  La rotación de personal es alta en el sector gastronómico.  Una estrategia que no aborde este problema podría fracasar.
*   **Falta de foco en la experiencia del cliente:** En un mercado donde hay tanta oferta, la experiencia del cliente es fundamental. Una estrategia que no ponga al cliente en el centro corre el riesgo de perder clientes.
*   **Falta de análisis de datos:** Pocos restaurantes recopilan y analizan datos. Un plan que necesita de datos sólidos para tener éxito, y estos no existen, fracasará sin remedio.

**En resumen:**

Para que una estrategia tenga éxito, necesito demostrar **credibilidad**, mostrar un **entendimiento profundo** de los diferentes tipos de restaurantes, superar mis **sesgos personales**, ser realista con la situación **económica**, respetar la **cultura y la historia** de cada establecimiento, ofrecer **soluciones concretas y rentables**, y poner al **cliente en el centro** de todo. Si no atiendo a todos estos puntos, el fracaso está casi garantizado.
","[VOTO: SÍ] Considero que es una buena idea dado el contexto económico desafiante que enfrentamos los dueños de restaurantes en Argentina.
"
Agent_090,ENFP,SÍ,ALTA,"¡Dale, vamos a ver qué tal pinta esta propuesta de Megan! Acá va mi análisis:

**R1 (Intuición):**

Uf, la idea de tener todo ese control y que el equipo resuelva solo suena como música para mis oídos. Que no me llamen a cada rato por boludeces, ¡sería un sueño! Me da confianza que ofrezca una matriz de manejo de crisis, porque siempre surgen imprevistos. La comunidad gastronómica también me llama la atención, siempre es bueno tener contactos en el rubro. Pero... 200 lucas de entrada es un montón, y me preocupa que a los 30 días, cuando Megan se vaya, todo vuelva a ser un quilombo.

**R2 (Análisis de rentabilidad y libertad):**

*   **Rentabilidad:** Si el sistema realmente logra que el equipo labure con autonomía y evita errores costosos, podría justificar la inversión. Habría que calcular cuánto me cuesta mensualmente que yo tenga que andar apagando incendios constantemente. Si la consultoría y el manual realmente optimizan procesos, quizás recupere la inversión en unos meses.
*   **Libertad:** Este es el punto clave para mí. Si el sistema funciona como promete, podría delegar mucho más y empezar a disfrutar un poco más del pádel y menos del restaurante. Teniendo en cuenta mi miedo a no llegar a fin de mes, el hecho de que el restaurante funcione de forma más eficiente, me da más tranquilidad. Pero, ¿realmente 30 días de seguimiento alcanzarán para que el equipo internalice todo? Esa es la gran pregunta. Necesitaría referencias de otros restaurantes que hayan implementado su sistema y ver si realmente funciona a largo plazo.

**Veredicto:**

Teniendo en cuenta mi miedo a que el sistema se caiga después del mes de acompañamiento, y la falta de evidencias concretas sobre la efectividad a largo plazo, digo:

[VOTO: NO]
","Okay, analicemos por qué la propuesta que tienes en mente podría fallar, considerando el contexto que me diste:

**Problemas Potenciales Basados en el Contexto Proporcionado:**

1.  **Diversidad del Público Objetivo:**
    *   **Localización:** Las necesidades y desafíos de un restaurante en CABA (con alta competencia y costos) son muy diferentes a los de uno en una ciudad del interior con menor densidad poblacional. Una solución única puede no funcionar.
    *   **Antigüedad y Tradición vs. Modernidad:**  Un dueño de una parrilla familiar con 40 años de historia puede ser resistente a la digitalización o a cambios en la gestión que sí aceptarían con gusto los dueños de una franquicia moderna.
    *   **Nivel de Digitalización:** Asumir que todos los dueños de restaurantes tienen el mismo nivel de conocimiento técnico es un error. Algunos quizás ni siquiera usen activamente redes sociales para su negocio.
    *   **Edad:** Las expectativas y la apertura a nuevas ideas pueden variar significativamente entre un dueño de 30 años y uno de 70.

2.  **Tu Propio Perfil vs. el Público:**
    *   **Edad y Experiencia:** Con 24 años, aunque tengas conocimiento técnico, puede ser difícil ganarte la credibilidad y confianza de dueños con décadas en el rubro.  Podrían verte como ""demasiado joven"" para entender sus problemas reales.
    *   **Brecha Generacional Digital:** Aunque seas nativa digital, no asumas que entiendes automáticamente las necesidades de digitalización específicas de un restaurante tradicional argentino.  Puede que estén más preocupados por cómo integrar un sistema de pedidos online que por el último *hack* de TikTok.
    *   **ADN de Dolor (Miedo a no llegar a fin de mes):** Si tu propuesta no aborda directamente este miedo, es posible que no capte la atención. Los dueños están buscando soluciones que mejoren sus ingresos, reduzcan costos o faciliten la gestión para evitar pérdidas.

3.  **Pensamiento Político y Social (Potencialmente Espinoso):**
    *   **Voto a Milei, ADN Peronista:** Esta combinación, aunque posible, podría generar desconfianza en algunos segmentos. Algunos dueños Peronistas podrían ser escépticos ante una persona que votó a Milei, asumiendo que no entiendes sus valores. Sería importante ser neutral y concentrarte en el valor que aportas a sus negocios.
    *   **Ateo/Agnóstico:** En algunos círculos más tradicionales, esto podría ser un factor menor, pero podría generar recelo en algunos pocos.

4.  **El Contexto Argentino Actual:**
    *   **Inestabilidad Económica:**  Cualquier propuesta que involucre inversión (tiempo, dinero) debe ser muy clara en cuanto al retorno y en cómo mitiga los riesgos asociados a la inflación y la devaluación.
    *   **Cultura Gastronómica:**  La cultura gastronómica argentina es muy particular.  Cualquier solución debe adaptarse a las costumbres locales, formatos de servicio y preferencias de los clientes argentinos.

**Ejemplos Concretos de Fallos:**

*   **Ofrecer una app para ""optimizar la experiencia del cliente"" a una parrilla tradicional:**  Si la parrilla ya tiene un flujo de clientes constante y se basa en la atención personalizada, una app podría ser vista como impersonal y una pérdida de tiempo/dinero. Quizás estén más interesados en un sistema de gestión de inventario para controlar los costos de la carne.
*   **Promocionar una campaña de marketing digital muy costosa:** Si el dueño está luchando para pagar los sueldos, una campaña de anuncios de Facebook sofisticada no será una prioridad. En cambio, quizás le interese más un taller práctico sobre cómo usar Instagram para atraer clientes locales sin gastar mucho dinero.

**Para mitigar estos riesgos, te sugiero:**

*   **Investigación Profunda:**  Habla con *muchos* dueños de restaurantes de diferentes tipos, edades y ubicaciones.  Entiende sus problemas reales, no solo lo que ""crees"" que necesitan.
*   **Soluciones Personalizadas:**  Evita las soluciones ""talla única"". Ofrece opciones y adapta tu propuesta a las necesidades específicas de cada cliente.
*   **Resultados Comprobables:** Enfócate en mostrar resultados tangibles. Mide el impacto de tus soluciones en términos de ingresos, costos, eficiencia, etc.
*   **Construye Credibilidad:**  Busca mentores o socios con experiencia en el sector gastronómico.  Comparte casos de éxito y testimonios de clientes satisfechos.
*   **Sé Humilde:**  Reconoce que no lo sabes todo.  Escucha activamente a tus clientes y aprende de sus experiencias.

Espero que este análisis te sea útil.  Recuerda que la clave del éxito está en entender profundamente a tu público y ofrecer soluciones que realmente resuelvan sus problemas. ¡Mucha suerte!
","[VOTO: SÍ] Considero que los beneficios podrían superar los riesgos, especialmente si ayudan a aliviar mi mayor angustia: el miedo a no llegar a fin de mes.
"
Agent_067,ESFP,NO,ALTA,"¡A ver, analicemos esto de Megan!

**R1 (Intuición):**

Uff... la verdad, me suena tentador. El tema de la matriz de crisis y que el equipo se desenvuelva solo es justo lo que necesito. Me da un respiro pensar que no me van a estar llamando por cada cosa. Pero... ¿será verdad que funciona? Tantos prometen maravillas y después... Ahí es donde entra el miedo a tirar la plata. La comunidad gastronómica suena bien para compartir contactos, eso siempre suma.

**R2 (Análisis de rentabilidad y libertad):**

$200.000... es una inversión importante, sin duda. Tendría que ver si esos 3 días de consultoría realmente transforman al equipo. Pongamos que, si con esto logro delegar mejor y evitar que se caigan las ventas por errores, quizás puedo aumentar la facturación un 10% al mes. En mi caso, eso serían... (calculando mentalmente)... como $150.000 más. Con los 30 días de seguimiento por WhatsApp, quizás realmente logramos afianzar el sistema. Lo que más valoro es la libertad que me daría. Poder confiar en el equipo y no estar pegada al restaurante las 24 horas es invaluable. Eso vale mucho más que plata. Si me da esa libertad, la inversión estaría justificada. Si esos 30 días realmente dan frutos, podría recuperar la inversión en menos de dos meses.

**Veredicto:**

[VOTO: SÍ]
","Para un dueño de restaurante argentino promedio, y específicamente considerando tu perfil (49 años, mujer LGBTQ+, NSE Medio, casada con hijos, católica, votante de Milei, educación pública, apolítica, miedo a no llegar a fin de mes y gamer), una serie de razones podrían llevar al fracaso de un nuevo proyecto o iniciativa en su restaurante. Aquí te presento un análisis crítico:

**Considerando el Contexto Argentino Actual:**

*   **Inflación y Devaluación:** Este es el principal dolor de cabeza. Cualquier proyección financiera se vuelve obsoleta rápidamente. Los costos de los insumos se disparan, y fijar precios competitivos sin perder rentabilidad es un desafío constante.
*   **Inestabilidad Política y Económica:** Las políticas económicas cambiantes generan incertidumbre. Las regulaciones laborales, impuestos y controles de precios pueden afectar negativamente la rentabilidad. Tu voto a Milei reflejaría quizás una búsqueda de cambio, pero la implementación de esas políticas también puede generar resistencias y consecuencias inesperadas.
*   **Alta Competencia:** El sector gastronómico en Argentina, particularmente en CABA y GBA, está saturado. Diferenciarse y atraer clientes requiere una propuesta de valor sólida y una inversión significativa en marketing.
*   **Dificultad para Acceder a Financiamiento:** Las tasas de interés son elevadas y los requisitos para acceder a créditos suelen ser restrictivos, lo que limita la capacidad de inversión en mejoras, expansión o innovación.

**Considerando tu Perfil:**

*   **Falta de Experiencia en el Área Específica:** Si el nuevo proyecto se aleja del core business de tu restaurante (por ejemplo, si una parrilla familiar intenta incursionar en cocina de autor sin el personal capacitado), la falta de experiencia puede ser fatal.
*   **Resistencia al Cambio:** Dada tu edad, podrías mostrar cierta resistencia a adoptar nuevas tecnologías o tendencias gastronómicas. No reconocer que la adaptación a los nuevos consumidores es esencial para la supervivencia.
*   **Delegación Ineficiente:** Como dueña, es fundamental delegar tareas y confiar en tu equipo. Si intentas controlarlo todo, te agotarás y descuidarás áreas críticas.
*   **Marketing Inadecuado:** Subestimar la importancia del marketing digital (redes sociales, publicidad online, email marketing) o no dirigirse al público adecuado puede generar pocas visitas y bajas ventas. Siendo gamer, quizás no estes aprovechando ese mundo para promocionar tu restaurante.
*   **Mala Gestión del Personal:** Un ambiente laboral tóxico, salarios bajos o falta de capacitación pueden llevar a una alta rotación de personal, lo que afecta la calidad del servicio y la eficiencia operativa.
*   **Apoliticismo:** Si bien tu posición apolítica puede ser una forma de evitar conflictos, en un contexto tan politizado como el argentino, ignorar las tendencias sociales y políticas puede hacerte perder oportunidades o cometer errores de comunicación.
*   **Miedo a No Llegar a Fin de Mes:** Este miedo, en lugar de impulsarte, podría paralizarte. Podrías evitar tomar riesgos calculados o invertir en áreas clave por temor a perder dinero.
*   **Falta de Adaptación a la Diversidad:** Ser parte de la comunidad LGBTQ+ te da una perspectiva valiosa, pero es crucial que tu restaurante sea inclusivo y acogedor para todos los públicos, respetando la diversidad cultural, religiosa y social.

**Ejemplos Concretos:**

*   **Lanzar un nuevo menú con ingredientes importados:** La fluctuación del dólar podría hacer que los costos se disparen y el precio del menú sea prohibitivo para la mayoría de los clientes.
*   **Abrir una sucursal sin un estudio de mercado adecuado:** Podrías elegir una ubicación con poca demanda o con una competencia feroz, lo que generaría pérdidas significativas.
*   **Invertir en una campaña de marketing genérica sin segmentar al público:** Desperdiciarías recursos y no alcanzarías a los clientes potenciales.

En resumen, el éxito en el rubro gastronómico argentino requiere una combinación de visión estratégica, gestión eficiente, adaptabilidad, conocimiento del mercado y una mentalidad abierta al cambio. Ignorar estos factores, especialmente en el contexto actual, puede conducir al fracaso del nuevo proyecto.
","[VOTO: NO] No creo que sea una buena idea implementar esa medida para mi restaurante.
"
Agent_095,ESFP,SÍ,ALTA,"**R1 (Intuición):**

""Uhhh, mirá vos, justo lo que necesito... ¡Caos total acá! Lo del manual suena bien, pero ¿tres días de entrenamiento? No sé si alcanza. Lo de la comunidad me copa, siempre viene bien escuchar a otros. Lo que más me llama es el WhatsApp por un mes... ¡Eso sí que me daría tranquilidad!""

**R2 (Análisis de rentabilidad y libertad):**

""A ver, $200.000... Es un número. Si esto realmente me saca de encima el quilombo de tener que estar resolviendo todo el tiempo, lo vale. Pienso en las horas que le meto, el estrés que me como... Si puedo delegar más y dedicarme a pensar en el negocio, en mejorar la carta, en buscar mejores proveedores... ahí sí que se justifica. Pero... ¿Y si después del mes volvemos a lo mismo? Ahí es donde tengo la duda. Igual, si la matriz de crisis es buena y el equipo aprende a usarla, podría ser una inversión a largo plazo para liberar mi tiempo.""

**Veredicto:**

[VOTO: SÍ]
","Para un dueño de restaurante argentino de 56 años, no binario (heterosexual), de nivel socioeconómico medio, MBTI ESFP, casado/a con hijos, evangélico, votante de Kicillof, con secundario completo, peronista/popular, cuya mayor angustia es el miedo a no llegar a fin de mes y perder poder adquisitivo, y aficionado al gaming, *algunas iniciativas/estrategias podrían fallar por las siguientes razones:*

**Fallos relacionados con la Digitalización/Modernización:**

*   **Implementación de tecnología compleja sin capacitación:** Un sistema POS sofisticado, un software de gestión de inventario intrincado, o una app de delivery con demasiadas opciones podrían ser abrumadoras y generar resistencia. La curva de aprendizaje debe ser suave y con soporte constante.
*   **Marketing digital sin segmentación o estrategia clara:** Una campaña genérica en redes sociales, sin definir el público objetivo local o sin enfocarse en la propuesta de valor del restaurante, sería un desperdicio de recursos. El contenido debe ser relevante para su clientela y el gasto publicitario, medido.
*   **Ignorar el ""boca a boca"" digital:** No monitorear reseñas online (Google, TripAdvisor, etc.) e ignorar comentarios negativos podría dañar la reputación, ya que la opinión online tiene mucho peso en su comunidad. Es clave responder a las críticas de forma constructiva.
*   **Dependencia exclusiva de plataformas de delivery:** Ceder un porcentaje significativo de las ganancias a plataformas como Rappi o PedidosYa sin desarrollar canales de venta directa (página web propia, contacto telefónico, etc.) podría reducir la rentabilidad y la dependencia.

**Fallos relacionados con la Gestión del Negocio:**

*   **Ignorar la inflación y los costos:** No ajustar los precios con la suficiente frecuencia o no controlar rigurosamente los costos de los insumos podría llevar a pérdidas. La gestión financiera debe ser meticulosa y prever escenarios inflacionarios.
*   **Falta de control de stock:** No implementar un sistema eficiente de gestión de inventario podría resultar en desperdicio de alimentos, obsolescencia de productos y pérdida de dinero.
*   **No adaptarse a los cambios en los gustos del cliente:** Resistirse a incorporar tendencias culinarias o a modificar el menú para satisfacer las demandas de nuevos clientes podría llevar a la pérdida de clientela. La flexibilidad y la escucha activa son importantes.
*   **Recortes salariales o condiciones laborales deficientes:** No valorar al personal, ofrecer salarios bajos o no brindar un ambiente de trabajo positivo podría generar alta rotación, afectar la calidad del servicio y dañar la imagen del restaurante. El bienestar del equipo es fundamental.
*   **Ignorar la competencia local:** No analizar a la competencia (precios, calidad, promociones, ambiente) podría llevar a ofrecer una propuesta de valor poco diferenciada. Conocer el entorno competitivo es crucial.

**Fallos relacionados con lo Político/Social:**

*   **Ignorar las regulaciones laborales y fiscales:** No cumplir con las leyes laborales o evadir impuestos podría acarrear multas, juicios y el cierre del negocio. El cumplimiento normativo es obligatorio.
*   **Posturas políticas polarizantes:** Expresar opiniones políticas extremas o controvertidas podría alienar a parte de la clientela, considerando la división social en Argentina. La neutralidad o el enfoque en valores comunes pueden ser más seguros.
*   **Desconectar con la cultura local:** No entender o respetar las tradiciones y costumbres de la comunidad podría generar rechazo. Integrar elementos culturales locales en la propuesta del restaurante puede generar lealtad.
*   **No apoyar a la comunidad:** No involucrarse en iniciativas comunitarias o no apoyar a organizaciones locales podría generar una imagen de indiferencia. El compromiso social puede fortalecer la marca.

**Fallos relacionados con su Perfil Personal (ESFP, etc.):**

*   **Impulsividad:** Tomar decisiones apresuradas sin evaluar adecuadamente los riesgos podría llevar a inversiones erróneas o estrategias fallidas.
*   **Falta de planificación a largo plazo:** Concentrarse demasiado en el presente y descuidar la planificación estratégica a largo plazo podría hacer que el restaurante sea vulnerable a cambios en el mercado.
*   **Dificultad para manejar tareas administrativas:** Delegar tareas administrativas importantes a personal no capacitado o descuidar la gestión financiera podría llevar a desorden y pérdidas.

**Consideraciones adicionales:**

*   **Dificultad para delegar:** Dado que es un dueño ""de la vieja escuela"", podría tener dificultades para delegar tareas y confiar en sus empleados, lo que limita el crecimiento del negocio.
*   **Aversión al riesgo:** Podría ser reacio a invertir en nuevas tecnologías o estrategias, incluso si son prometedoras, por temor a perder dinero.
*   **Brecha generacional:** Podría tener dificultades para conectar con clientes más jóvenes o entender sus preferencias.

En resumen, cualquier estrategia que no tenga en cuenta su contexto personal (edad, nivel socioeconómico, creencias, afiliación política, MBTI), las particularidades del mercado argentino (inflación, competencia, regulaciones), y  la necesidad de adaptarse a la digitalización, corre el riesgo de fracasar. Es fundamental un enfoque holístico, flexible y centrado en la realidad local.
","[VOTO: SÍ] Creo que es una buena idea para mi negocio, ya que me ayudaría a atraer más clientes y mantener el poder adquisitivo.
"
Agent_081,ENFP,NO,ALTA,"¡Uf, Megan suena como una salvadora! A ver, vamos a analizar esto bien.

**R1 (Intuición):**

¡Qué bueno sería dejar de estar apagando incendios todo el tiempo! La idea de que mi equipo pueda resolver problemas solos sin tenerme que llamar a mí a cada rato me suena a gloria. Me imagino pudiendo disfrutar un poquito más del fútbol 5 sin estar pensando en si la cocina se quedó sin gas o si un cliente se quejó. La comunidad también me da curiosidad, capaz que ahí encuentro algún proveedor más barato.

**R2 (Análisis de rentabilidad y libertad):**

$200.000… ¡Es un montón de plata! Tengo que ver si realmente puedo sacarle jugo. A ver, si Megan me dice que con esto voy a reducir el desperdicio de comida, optimizar los turnos del personal y evitar que los clientes se me vayan... capaz que en unos meses lo recupero. Los tres días de consultoría presencial son importantes, ahí es donde tengo que sacarle todo el jugo y asegurarme de que mi equipo entienda todo. Lo que me preocupa es si después de que Megan se vaya, todo vuelve a ser un caos. La auditoría por WhatsApp durante un mes es un buen incentivo para que todos se pongan las pilas, pero no sé si es suficiente. Tengo que estar segura de que el sistema es fácil de implementar y mantener. Y si consigo los proveedores clave a través de la comunidad, amortizaría la inversión muy rápido.

**Veredicto:**

[VOTO: SÍ]

La verdad, estoy un poco jugada. $200.000 es un riesgo grande, pero el miedo a seguir estancada y a perder más plata por no tener un sistema funcionando bien es peor. La garantía de seguimiento por WhatsApp durante un mes me da una red de seguridad y me hace sentir que no estoy sola en esto. Si Megan realmente cumple con lo que promete, y si mi personal se compromete, creo que podemos lograr un cambio importante. Le voy a dar una oportunidad. ¡Ojalá no me arrepienta!
","Para un dueño de restaurante argentino de 35 años, mujer, nivel socioeconómico bajo, ENFP, casada con hijos, católica, votante de Kicillof, educación pública, pensamiento peronista/popular, cuya mayor angustia es no llegar a fin de mes y perder poder adquisitivo, y que disfruta del fútbol 5 con amigos, hay varias razones por las que una iniciativa o idea podría fallar:

**Factores Económicos y Políticos:**

*   **Inflación Descontrolada:** Argentina sufre de una alta inflación. Cualquier iniciativa que no considere este factor, ya sea en precios, costos de insumos, o sueldos, está destinada a fallar. Sus márgenes son ajustados y cualquier aumento inesperado puede ser devastador.
*   **Inestabilidad Cambiaria:** La fluctuación del valor del peso frente al dólar afecta el costo de los productos importados (si los usa), y puede generar incertidumbre en la fijación de precios. Si la iniciativa depende de financiamiento o inversiones externas, la inestabilidad dificulta todo.
*   **Políticas Gubernamentales Inconsistentes:** Cambios repentinos en regulaciones, impuestos, o controles de precios pueden perjudicar la rentabilidad del negocio. La inseguridad jurídica desalienta la inversión y la planificación a largo plazo.
*   **Caída del Poder Adquisitivo:** Si el poder adquisitivo de sus clientes disminuye, la gente recortará gastos discrecionales como salir a comer. Si la iniciativa no considera la sensibilidad al precio del cliente promedio, fracasará.
*   **Impuestos Elevados y Burocracia:** La alta carga impositiva y los trámites burocráticos pueden ahogar a un restaurante, especialmente uno pequeño. Una iniciativa que no simplifique procesos y reduzca la carga administrativa tiene pocas chances.

**Factores de Mercado y Operacionales:**

*   **Falta de Conocimiento del Mercado Local:** El gusto y las preferencias varían según la zona. Una iniciativa que no se adapte al paladar y las costumbres locales tiene altas chances de fracasar.
*   **Mala Gestión de Costos:** No controlar los costos de alimentos, personal, alquiler, y servicios públicos es fatal. Una iniciativa que no tenga un control presupuestario estricto y no busque optimizar costos, está condenada al fracaso.
*   **Mala Calidad o Inconsistencia:** La calidad de la comida y el servicio deben ser consistentemente buenos. La falta de profesionalismo y la informalidad, comunes en algunos restaurantes, son una receta para el desastre.
*   **Marketing Inefectivo:** Si no se promociona el restaurante de manera adecuada y no se llega al público objetivo, la iniciativa no tendrá el impacto deseado. Depender solamente del boca a boca no es suficiente.
*   **Mala Experiencia del Cliente:** Un mal servicio, un ambiente descuidado, o una mala relación calidad-precio pueden ahuyentar a los clientes. Hoy en día, las reseñas online son cruciales.
*   **Falta de Diferenciación:** Si el restaurante no ofrece algo único o diferente a la competencia, será difícil atraer y retener clientes.
*   **Ignorar la Digitalización:** En un mundo cada vez más digital, ignorar la presencia online (redes sociales, delivery apps, página web)  limita el alcance del restaurante y dificulta el crecimiento.

**Factores Personales (Considerando su Perfil):**

*   **Falta de Tiempo para Dedicar a la Iniciativa:** Si la iniciativa demanda mucho tiempo y esfuerzo, y no tiene una red de apoyo familiar o un equipo confiable, le será difícil llevarla adelante, especialmente con hijos pequeños.
*   **Aversión al Riesgo:** Dada su preocupación por llegar a fin de mes, podría ser reacia a tomar riesgos que comprometan la estabilidad económica familiar.
*   **Falta de Capital:** La falta de acceso a financiamiento accesible puede limitar el alcance de la iniciativa o incluso impedir que se lleve a cabo.  Los préstamos con altas tasas de interés son una trampa peligrosa.
*   **Dificultad para Delegar:** Como ENFP, puede ser creativa y entusiasta, pero quizás le cueste delegar tareas y confiar en otros, lo que puede llevar al agotamiento.
*   **Desconexión con las Nuevas Tecnologías:** Si no se siente cómoda con las nuevas tecnologías (ej., sistemas de gestión, marketing digital), dependerá de otros, lo que podría aumentar los costos y reducir la eficiencia.

**En resumen:** La iniciativa podría fracasar si no se tiene en cuenta la **realidad económica y política argentina**, se ignora el **mercado local**, se gestionan mal los **costos**, no se ofrece una **buena experiencia al cliente**, no se **diferencia de la competencia**, se **ignora la digitalización** y no se consideran sus **limitaciones personales** (tiempo, capital, aversión al riesgo, dificultad para delegar). Una visión optimista y entusiasta (ENFP) sin una planificación pragmática y realista, es una receta para el desastre en el contexto argentino.
","[VOTO: NO] No puedo dar un veredicto final sin conocer la propuesta específica.
"
Agent_012,ENTJ,NO,ALTA,"Bien, veamos esta propuesta de Megan. A mi edad y con la experiencia que tengo, uno ya las huele venir de lejos. Pero bueno, hay que darle una oportunidad a la juventud.

**R1 (Intuición):**

Mi primera impresión es de cautela. $200.000 ARS no es poca cosa. El ""Manual Blindado"" suena interesante, pero los manuales, al final del día, terminan juntando polvo. La consultoría presencial podría ser valiosa, dependiendo de la calidad de Megan, claro. Lo que me llama la atención es la garantía de 30 días por WhatsApp.  Suena a mucho laburo para Megan, y en el fondo me pregunto si no es más marketing que sustancia.  La comunidad gastronómica, bueno, puede ser un plus, pero ya tengo mis contactos y proveedores de confianza.  En resumen, mi intuición me dice que hay que hurgar un poco más para ver si vale la pena el gasto.

**R2 (Análisis de rentabilidad y libertad):**

*   **Costo:** $200.000 ARS en un contexto inflacionario es un tema. Hay que calcular si ese dinero no rinde más invertido en mercadería, mejoras en el local o incluso publicidad digital.
*   **Rentabilidad:** ¿Cuántas horas semanales me ahorro al delegar la gestión? ¿Cuánta merma evito con un mejor control? ¿Cuánto aumentan las ventas con un servicio más eficiente? Si Megan realmente logra resultados tangibles, la inversión podría justificarse en unos meses.
*   **Libertad:** Este es el punto clave para mí. Quiero estar menos atado al restaurante. Si este sistema me permite delegar responsabilidades y tener más tiempo libre para, no sé, jugar un buen partido de Age of Empires, entonces sí vale la pena. Pero tengo que asegurarme de que el sistema sea lo suficientemente robusto como para funcionar sin la supervisión constante de Megan. La inflación es mi gran miedo, y necesito que mi negocio funcione eficientemente para no perder valor rápidamente. La inseguridad económica siempre está latente, así que debo ser cuidadoso.

**Veredicto:**

Si bien la propuesta tiene elementos interesantes, creo que la garantía de 30 días es insuficiente para eliminar mi miedo a que el sistema se caiga una vez que Megan se retire.  Necesitaría ver casos de éxito concretos, referencias de otros restaurantes, y una explicación más detallada de cómo el ""Manual Blindado"" y la ""Matriz de Manejo de Crisis"" se adaptan a la realidad de mi negocio.

**[VOTO: NO]**
","Si tuviera que analizar por qué una iniciativa o estrategia podría fallar en el contexto de mi restaurante, considerando mi perfil y el entorno actual argentino, estos serían mis puntos críticos:

*   **Desconexión con la realidad inflacionaria:** Si la iniciativa no contempla la volatilidad de los precios y la necesidad de ajustar constantemente los costos, márgenes y precios de venta, está destinada al fracaso. Un error común es fijar precios a largo plazo sin considerar la inflación.
*   **Ignorar la seguridad económica:** Cualquier inversión o plan que no tenga en cuenta la incertidumbre económica actual y la posible retracción del consumo sería arriesgada. Necesito ver un análisis de riesgo exhaustivo y planes de contingencia.
*   **Falta de análisis del mercado local:** Lo que funciona en CABA o GBA no necesariamente funciona en el interior. La idiosincrasia local, los hábitos de consumo y la competencia son cruciales. Una campaña publicitaria genérica o un menú estandarizado podrían ser un error.
*   **Subestimar la importancia del valor:** Con la inflación, los clientes buscan valor. Si la propuesta no justifica el precio en términos de calidad, experiencia o diferenciación, no tendrá éxito.
*   **Resistencia al cambio:** Como persona de 70 años, puedo tener cierta resistencia a adoptar nuevas tecnologías o estrategias. Si la iniciativa requiere un gran cambio en la forma en que opero, necesito estar convencido de sus beneficios y contar con un soporte adecuado.
*   **Mala gestión del personal:** El personal es clave en cualquier restaurante. Si la iniciativa no involucra al personal, no los capacita adecuadamente o no les brinda incentivos, puede haber resistencia o falta de compromiso.
*   **No entender al consumidor actual:** Las preferencias de los consumidores están cambiando rápidamente. Si la propuesta no tiene en cuenta las tendencias actuales (alimentación saludable, opciones veganas, sostenibilidad, etc.), puede quedar obsoleta.
*   **Descuidar la calidad:** En tiempos de crisis, es tentador reducir costos bajando la calidad de los ingredientes o el servicio. Sin embargo, esto a la larga puede dañar la reputación del restaurante.
*   **Ignorar la competencia:** Es fundamental analizar a la competencia y diferenciarse. Si la propuesta no ofrece nada nuevo o mejor, no atraerá clientes.
*   **Falta de un plan de marketing efectivo:** Una buena idea necesita ser comunicada correctamente. Si no se invierte en marketing y publicidad, la propuesta puede pasar desapercibida.
*   **Desconfianza en el gobierno:** Dada mi postura política, puedo ser escéptico ante cualquier iniciativa que dependa del apoyo o la regulación gubernamental.
*   **No considerar mi ADN de dolor:** Si la propuesta me genera ansiedad en cuanto a la inflación o la inseguridad económica, es probable que la rechace.

En resumen, para que una iniciativa funcione, debe ser realista, adaptarse al contexto argentino actual, ofrecer valor a los clientes, involucrar al personal, considerar las tendencias del mercado y contar con un plan de marketing efectivo. Y, sobre todo, debe minimizar mis riesgos y mi angustia ante la incertidumbre económica.
","Considerando el contexto, [VOTO: NO] creo que sea una buena idea, dada la incertidumbre económica y la inflación.
"
Agent_091,ENTJ,SÍ,ALTA,"**R1 (Intuición):**

Uff, $200.000 es una buena plata. De entrada, me suena a que me están vendiendo la fórmula mágica para que mis empleados laburen solos y yo me pueda tomar vacaciones. La verdad, eso suena demasiado bueno para ser verdad, pero al mismo tiempo, ¡qué ganas de que funcione! La matriz de crisis me llama la atención, porque siempre termino apagando incendios yo. Pero... 3 días de entrenamiento y un mes de WhatsApp… ¿alcanzará? No sé, me da desconfianza que después me dejen solo y todo vuelva a ser un quilombo.

**R2 (Análisis de rentabilidad y libertad):**

A ver, si esto realmente funciona y mis empleados dejan de llamarme por cada boludez, podría enfocarme en otras cosas: revisar los costos, inventar nuevos platos, buscar mejores proveedores... O hasta quizás, ¡sacarme un día más libre! Pongamos que me ahorro 5 horas semanales de purreteo (que seguramente sean más). A $1000 la hora que, con suerte, puedo facturar si estoy ahí... son $20.000 al mes. En 10 meses recupero la inversión, si todo sale bien. Y si además la comunidad de dueños sirve para conseguir mejores precios en insumos, podría sumar otra ganancia. Pero… ¿y si los empleados no se enganchan? ¿Y si la consultora no entiende la dinámica de mi restaurante? ¿Y si los protocolos son demasiado teóricos y no se adaptan a la realidad? Ahí la inversión se va a la basura.

**Veredicto:**

[VOTO: NO]

Si bien la promesa es tentadora y necesito liberar tiempo para enfocarme en otras áreas de mi negocio, $200.000 es un monto importante. No me convence que solo 3 días de entrenamiento presencial y un mes de seguimiento, aunque sea por WhatsApp, sean suficientes para cambiar la cultura de mi restaurante y lograr que mis empleados resuelvan problemas de forma autónoma. El riesgo de que el sistema se caiga después de que Megan se retire sigue siendo demasiado alto para justificar la inversión. Prefiero seguir poniendo el cuerpo y buscar soluciones más económicas, aunque me lleve más tiempo.
","Para un dueño de restaurante argentino de 33 años, con un perfil de *Dueño de Restaurante AR* (casado, con hijos, católico, votante de Milei, educación pública, peronista, ENTJ, miedo a no llegar a fin de mes y asados familiares), una iniciativa o producto podría fallar por las siguientes razones:

**1. Desconexión con la Realidad Económica y Política:**

*   **Políticas Económicas Contrarias a su Ideología:** Si la iniciativa o producto está directamente relacionado con políticas económicas promovidas por el gobierno de Milei que el dueño percibe como perjudiciales para la clase trabajadora o los pequeños negocios (como la apertura indiscriminada a importaciones, desregulación laboral total o privatizaciones), es muy probable que lo rechace por principios. Su identidad peronista y su miedo a perder poder adquisitivo lo harán desconfiar de cualquier cosa que parezca favorecer a grandes empresas o capitales extranjeros a expensas de los locales.
*   **Ignorar la Inflación y la Devaluación:** Cualquier precio o estrategia que no tenga en cuenta la altísima inflación y la devaluación constante del peso argentino está destinada al fracaso. Planes de suscripción fijos en dólares, márgenes de ganancia demasiado altos (percibidos como ""especulativos"") o promociones poco realistas generarán rechazo inmediato.
*   **Falta de Flexibilidad de Pago:** Si no se ofrecen opciones de pago flexibles y adaptadas a la realidad argentina (cuotas, planes personalizados, descuentos por pago en efectivo, etc.), el dueño tendrá dificultades para acceder al producto o servicio.

**2. Deficiencias en la Comunicación y el Marketing:**

*   **Lenguaje y Tono Inadecuados:** Una comunicación demasiado formal, distante o que utilice jerga extranjera (especialmente ""anglicismos"" innecesarios) resultará alienante. El dueño se sentirá incomprendido y desconfiará de la propuesta. Es crucial hablar en un lenguaje directo, cercano y que refleje la realidad cultural argentina.
*   **Falta de Énfasis en el Beneficio Concreto:** La presentación de la propuesta debe enfocarse en cómo resolver sus problemas específicos y obtener resultados tangibles a corto plazo. Información genérica sobre ""maximizar la eficiencia"" o ""optimizar los recursos"" no será suficiente. Es necesario cuantificar el impacto potencial en sus ingresos, sus costos y su calidad de vida.
*   **Desconexión Cultural:** Si la campaña de marketing ignora los valores y las costumbres argentinas (como la importancia de la familia, la amistad y las tradiciones), no logrará generar empatía ni confianza.

**3. Problemas de Confianza y Credibilidad:**

*   **Falta de Referencias Locales:** Si la iniciativa o producto es nuevo en el mercado argentino, la falta de testimonios y casos de éxito de otros dueños de restaurantes similares generará dudas sobre su efectividad.
*   **Promesas Exageradas o Irrealizables:** Un discurso demasiado optimista o que prometa resultados milagrosos será percibido como falso y engañoso. Es importante ser honesto y transparente sobre las limitaciones y los riesgos involucrados.
*   **Dificultad para Establecer una Relación Personal:** Dada su edad y su nivel socioeconómico, es probable que el dueño valore la relación personal y la atención individualizada. Si la propuesta se basa en un modelo puramente digital o automatizado que no permite el contacto directo con un representante, podría sentirse ignorado y desconfiado.

**4. Desalineación con sus Prioridades y Valores:**

*   **Ignorar sus Preocupaciones Personales:** Como padre y católico, el dueño puede tener ciertas reservas sobre productos o servicios que considera que atentan contra sus valores morales o familiares.
*   **Falta de Respeto por sus Creencias Políticas:** Aunque haya votado a Milei, su identidad peronista sigue siendo un factor importante. Cualquier propuesta que parezca denigrar o ridiculizar el peronismo, o que se asocie con figuras políticas que considera ""enemigas"", será rechazada de plano.
*   **Poco Énfasis en la Tradición y la Calidad:**  Muchos restaurantes argentinos, especialmente los de corte más tradicional, valoran la calidad de los ingredientes y la autenticidad de las recetas. Si la propuesta se basa en productos prefabricados, automatización excesiva o comida ""de moda"" que no tiene raíces en la cultura local, es probable que no le interese.

**Ejemplo Concreto:**

Una plataforma de gestión de restaurantes basada en inteligencia artificial que promete reducir costos en un 30% podría fallar si:

*   Está únicamente en inglés.
*   No ofrece integración con sistemas de facturación argentinos.
*   Tiene una cuota mensual fija en dólares.
*   Su soporte técnico es remoto y sin personal en Argentina.
*   Su publicidad muestra un CEO con un discurso neoliberal sobre la ""modernización"" del sector gastronómico.

En resumen, para tener éxito con un dueño de restaurante argentino con este perfil, es crucial entender su realidad económica, respetar sus valores culturales y políticos, comunicarse de manera clara y honesta, y ofrecer una solución que resuelva sus problemas concretos de manera asequible y confiable.
","[VOTO: SÍ] Implementar estrategias para atraer más clientes y reducir costos es fundamental para superar el miedo a no llegar a fin de mes y mejorar la rentabilidad del negocio.
"
Agent_065,INFJ,NO,ALTA,"¡Uf, qué propuesta interesante de Megan! A ver, vamos por partes:

**R1 (Intuición):**

Mi primera impresión es de alivio mezclado con escepticismo. La idea de un manual y protocolos claros me encanta, evitaría esas llamaditas constantes por problemas que, en el fondo, el equipo podría solucionar. La consultoría presencial suena bien, pero... tres días se me hacen pocos. Y la comunidad, bueno, eso siempre suma, escuchar a otros que están en la misma. Pero la garantía de seguimiento es lo que me tira, ¡un mes entero! Eso me da un respiro, un tiempo para que el sistema se asiente. Es como tener un salvavidas por un tiempito.

**R2 (Análisis de rentabilidad y libertad):**

A ver, $200.000... ¡es un montón de plata! Con eso pago una parte importante del sueldo de un empleado. Pero si el sistema realmente funciona y reduce las pérdidas por errores y la necesidad de estar constantemente encima, a la larga podría ser rentable. Piénselo así: menos estrés significa más tiempo para enfocarme en la carta, en promociones, en cosas que realmente hagan crecer el negocio, en vez de apagar incendios todo el día. Y lo más importante: podría dedicarme a disfrutar un poco más de los asados familiares, ¡que tanta falta me hacen! Pero, ¿será verdad que puedo delegar de verdad? ¿O terminamos todos volviéndome loco al mes y medio cuando Megan ya no esté? Esa es la gran pregunta. ¿Y si con plata puedo conseguir a alquien qeu haga eso pero de manera permanente?

**Veredicto:**

[VOTO: SÍ]

El miedo a no llegar a fin de mes es mi mayor angustia, y gran parte de ese miedo reside en la ineficiencia y en los problemas que me consumen tiempo y dinero. La garantía de 30 días, aunque sea un período limitado, me da un colchón, un tiempo para afianzar el sistema y ver si realmente puedo lograr que el equipo funcione de manera más autónoma. Ese mes de seguimiento y la posibilidad de resolver dudas en tiempo real son lo que me convencen de que vale la pena el riesgo. Si Megan cumple con lo que promete, puedo recuperar la inversión en poco tiempo y, aún más valioso, recuperar parte de mi calidad de vida.
","Para un dueño/a de restaurante, bar o cafetería argentino/a de 41 años, género femenino, nivel socioeconómico bajo, MBTI INFJ, casado/a con hijos, ateo/agnóstico, votante de Massa, con educación terciaria técnica, pensamiento político Peronista/Popular y cuyo ADN de dolor es el miedo a no llegar a fin de mes y perder el poder adquisitivo del sueldo, y que disfruta de los asados familiares, *esto* (sin saber a qué se refiere ""esto"") podría fallar por las siguientes razones, basándonos en su perfil y el contexto argentino actual:

**Basado en su Perfil:**

*   **Nivel Socioeconómico Bajo y ""Miedo a no llegar a fin de mes"":** Cualquier propuesta o solución que requiera una inversión significativa, que no ofrezca resultados inmediatos, o que aumente la complejidad operativa podría ser rechazada de plano. Su prioridad es la subsistencia y la estabilidad financiera.
*   **Pensamiento Político Peronista/Popular:** Desconfianza hacia soluciones que parezcan venir de ""la élite"" o que contradigan los principios de justicia social e igualdad que suele defender el peronismo. La comunicación debe resonar con sus valores.
*   **MBTI INFJ:** Aunque son creativos y buscan soluciones significativas, los INFJ pueden ser resistentes al cambio si no se sienten genuinamente comprendidos o si perciben la propuesta como manipuladora o sin ética. Explicaciones simplistas o estrategias agresivas de marketing podrían ser contraproducentes.
*   **Educación Terciaria Técnica:** Si bien posee conocimientos técnicos, puede que no esté al tanto de las últimas tendencias en marketing digital, gestión empresarial o herramientas tecnológicas avanzadas. La propuesta debe ser clara, práctica y fácil de implementar.
*   **Disfrute del Asado Familiar:** Este punto revela un valor importante: la conexión familiar y la tradición. Cualquier propuesta que amenace ese tiempo o que requiera un sacrificio familiar significativo probablemente será rechazada.
*   **Votante de Massa:** Implica una cierta inclinación a la estabilidad económica, aunque la performance del exministro haya sido controvertida. Cualquier solución que no prometa una mejora palpable en la situación económica del negocio será mirada con recelo.

**Basado en el Contexto Argentino Actual:**

*   **Inflación y Devaluación:** La inestabilidad económica constante genera incertidumbre y dificulta la planificación a largo plazo. La falta de acceso al crédito y la volatilidad de los precios son obstáculos importantes.
*   **Alta Carga Impositiva:** El peso de los impuestos en Argentina es considerable, lo que reduce la rentabilidad de los negocios y dificulta la inversión en mejoras.
*   **Burocracia:** Los trámites administrativos y la complejidad regulatoria pueden ser frustrantes y consumir tiempo valioso, impidiendo enfocarse en el crecimiento del negocio.
*   **Competencia:** El sector gastronómico es altamente competitivo en Argentina, con una gran variedad de opciones y una clientela cada vez más exigente.
*   **Digitalización:** Aunque la digitalización avanza, muchos pequeños negocios, como los de este perfil, aún no han adoptado plenamente las herramientas digitales para la gestión y el marketing. Las asimetrías de acceso a la tecnología profundizan las desigualdades.

**Consideraciones Específicas para el Sector Gastronómico:**

*   **Costos de los Insumos:** El aumento constante de los precios de los alimentos y bebidas impacta directamente en la rentabilidad del negocio.
*   **Mano de Obra:** La rotación de personal y la dificultad para encontrar empleados calificados son problemas comunes en el sector.
*   **Regulaciones Sanitarias:** El cumplimiento de las normativas sanitarias y de seguridad alimentaria requiere inversión y una gestión cuidadosa.

**En resumen, para que ""esto"" funcione es crucial:**

*   **Entender profundamente sus necesidades y limitaciones:** No asumir que tiene los mismos recursos o conocimientos que un empresario de mayor nivel socioeconómico.
*   **Ofrecer soluciones prácticas, asequibles y con resultados visibles a corto plazo:** Eliminar la incertidumbre y demostrar el valor de la propuesta de manera tangible.
*   **Comunicar de manera clara, empática y respetuosa:** Utilizar un lenguaje sencillo, evitar tecnicismos y conectar con sus valores.
*   **Considerar el contexto económico y político argentino:** Adaptar la propuesta a la realidad local y tener en cuenta los desafíos específicos del sector gastronómico.
*   **Generar confianza y transparencia:** Demostrar que la propuesta es beneficiosa para su negocio y para la comunidad, no solo para quien la ofrece.

Sin saber qué es ""esto"", estas son las principales razones por las que *podría* fallar, basado en una comprensión profunda de su perfil y el contexto argentino.
","[VOTO: NO] Basado en mi contexto, no creo que tenga los recursos para invertir en esta propuesta en este momento.
"
Agent_039,ENTJ,SÍ,ALTA,"Okay, vamos a analizar esto con cuidado, como buen dueño de restaurante que ha visto de todo.

**R1 (Intuición):**

Mi primera reacción es de cautela. La promesa de pasar del caos al control suena atractiva, especialmente con el tema de la matriz de crisis. La idea de que el equipo resuelva problemas solo, sin depender de mí, me daría un respiro. Sin embargo, me preocupa que la ""magia"" se esfume cuando termine el acompañamiento. He visto muchos consultores prometer el oro y el moro, pero al final el sistema se cae a pedazos cuando se van. La comunidad gastronómica me parece un buen plus, pero necesito más que eso para justificar la inversión.

**R2 (Análisis de rentabilidad y libertad):**

$200.000 es una inversión importante, especialmente con la inflación que tenemos. Necesito calcular cuánto tiempo extra me ahorraría este sistema y cuánto impacto tendría en mis ganancias. Si el equipo puede manejar mejor los problemas, se reducirían las quejas de los clientes, se optimizarían los procesos y quizás podría delegar más tareas. Esto, a su vez, me daría más libertad para enfocarme en la estrategia y el crecimiento del negocio, o incluso para jugar al fútbol 5 con mis amigos sin estar pensando en el restaurante.

El problema es cuantificar ese ahorro y el aumento potencial en las ganancias. ¿Realmente el manual blindado y los protocolos son tan efectivos como prometen? ¿La consultoría presencial logrará cambiar la mentalidad del equipo? ¿La matriz de crisis es realmente práctica y fácil de implementar?

Los 30 días de auditoría por WhatsApp son un buen incentivo, pero necesito saber si Megan realmente entiende la idiosincrasia de un restaurante argentino. ¿Conoce las particularidades de mis proveedores, mi clientela y los desafíos específicos que enfrento?

**Veredicto:**

[VOTO: NO]

Si bien la oferta es tentadora y la garantía de 30 días atenúa el riesgo, creo que el riesgo sigue siendo alto. No estoy convencido de que el sistema realmente se mantenga en el tiempo una vez que Megan se vaya. Necesitaría ver casos de éxito concretos en restaurantes similares al mío para sentirme más cómodo con la inversión. Además, con $200.000, podría invertir en otras áreas del negocio que considero más prioritarias, como mejorar la infraestructura o contratar personal más capacitado. Prefiero seguir lidiando con el ""caos controlado"" que ya conozco.
","Para un dueño de restaurante argentino de 57 años, con las características que mencionaste (ENTJ, divorciado, católico, votante de Milei, educación privada bilingüe, pensamiento político progresista, miedo a la inflación y la inseguridad económica, y fan del fútbol 5), una iniciativa o producto podría fallar por diversas razones. Aquí te detallo algunas, siendo lo más crítico posible:

**Enfoque Tecnológico Inadecuado:**

*   **Digitalización forzada:** Asumir que todos los dueños de restaurantes, incluso con educación bilingüe, están a la vanguardia de la tecnología. Podría haber resistencia a adoptar nuevas tecnologías (sistemas de gestión, marketing digital avanzado, etc.) si no se demuestra un ROI claro y se adaptan a su nivel de comodidad. Explicación insuficiente y falta de soporte técnico personalizado serían fatales.
*   **Soluciones genéricas:** Ofrecer soluciones tecnológicas que no estén adaptadas a la realidad argentina (inflación, impuestos complejos, leyes laborales específicas) o a las particularidades de su tipo de restaurante (parrilla familiar vs. cafetería de especialidad).
*   **Dependencia excesiva de la tecnología:** Eliminar el toque humano y la experiencia personalizada que muchos clientes valoran. La automatización total podría alienar a los clientes más tradicionales, especialmente en un contexto argentino donde la conexión personal es importante.

**Marketing y Comunicación Inefectivos:**

*   **Mensajes genéricos e impersonales:** No segmentar la comunicación según el tipo de restaurante o la audiencia. Un mensaje que apele a un dueño de una cadena de franquicias será diferente del que resuene con un propietario de un restaurante familiar.
*   **Ignorar el contexto socioeconómico:** Desconocer la sensibilidad a la inflación y la inestabilidad económica. Promociones ostentosas o estrategias de precios poco realistas serían contraproducentes.
*   **Descuidar la reputación online:** No gestionar adecuadamente las reseñas online y las redes sociales. Una mala crítica sin respuesta o una presencia online descuidada puede ahuyentar a los clientes.
*   **Insensibilidad política:** Si el mensaje toma un tinte partidista muy marcado, podría alienar a clientes o proveedores con diferentes ideologías. Siendo que votó a Milei pero es ""progresista"", podría sentirse incómodo con mensajes muy polarizados.
*   **Falta de un mensaje con valor agregado:** enfocar la comunicación en características en lugar de beneficios. Por ejemplo, hablar de las funcionalidades de un software en lugar de cómo ese software le ahorrará tiempo, dinero y lo hará más eficiente.

**Aspectos Financieros y de Negocio:**

*   **Modelos de precios inflexibles:** Ofrecer planes de suscripción o modelos de precios que no se adapten a la volatilidad económica argentina o a las fluctuaciones en el volumen de negocio.
*   **Falta de opciones de financiación:** No considerar la necesidad de opciones de financiación flexibles o planes de pago a medida.
*   **Ignorar la competencia local:** No analizar exhaustivamente la competencia y ofrecer una propuesta de valor poco diferenciada.
*   **Problemas de escalabilidad:** Plantear soluciones que no sean escalables o que no puedan adaptarse al crecimiento del negocio.
*   **No entender las preocupaciones económicas:** Dada su ""angustia por la inflación abrupta y la inseguridad económica"", cualquier propuesta que no aborde directamente cómo su negocio puede sobrellevar esos problemas, fallará.

**Aspectos Culturales y Personales:**

*   **Ignorar la tradición gastronómica:** No valorar la importancia de la cocina tradicional argentina y la cultura local.
*   **Falta de empatía:** No entender las presiones y los desafíos específicos de los dueños de restaurantes en Argentina (altos costos, burocracia, competencia, etc.).
*   **Infravalorar la experiencia:** No reconocer el valor de su trayectoria y experiencia en el sector. Pretender ""enseñarle"" cómo manejar su restaurante sería un error.
*   **No ofrecer un trato personalizado:** No construir una relación de confianza y un trato cercano. La formalidad excesiva o la falta de atención a sus necesidades específicas podrían ser contraproducentes.
*   **Choque generacional:** Subestimar su capacidad de adaptación al cambio o asumir que no está interesado en nuevas ideas.
*   **Desconocer su red de contactos:** No aprovechar su red de contactos y su influencia en la comunidad gastronómica. Los dueños de restaurantes suelen depender mucho de recomendaciones y referencias.
*   **No considerar el fútbol:** Subestimar la importancia del fútbol en su vida social. Ignorar eventos deportivos importantes o programar actividades que interfieran con sus partidos de fútbol 5 sería un error estratégico.
* **Profundizar en religion:** Su fervor religioso podría ser un arma de doble filo. Asumir que estará de acuerdo con alguna propuesta que entre en conflicto con sus convicciones religiosas puede ser contraproducente.

En resumen, la clave para el éxito reside en la **empatía, la adaptabilidad y la comprensión profunda del contexto argentino y las necesidades específicas de cada dueño de restaurante**. Un enfoque demasiado genérico, tecnológicamente impositivo o insensible a la realidad socioeconómica estaría condenado al fracaso. Es necesario un enfoque humanizado, que valore la experiencia, respete la tradición y ofrezca soluciones prácticas y asequibles que aborden sus mayores preocupaciones.
","[VOTO: SÍ] A pesar de mis inquietudes económicas, considero que la propuesta es viable para mi negocio.
"
Agent_036,ESFP,SÍ,ALTA,"¡Uff, Megan, caíste como anillo al dedo acá!

* **R1 (Intuición):** ¡Me suena salvación! Esa sensación de tener que estar encima de todo me está matando. La idea de que el equipo resuelva solo, ¡es música para mis oídos! Y ni hablar de la comunidad, siempre se aprende algo de los colegas.

* **R2 (Análisis de rentabilidad y libertad):** A ver, $200.000... Es una inversión importante. Tres días de consultoría son buenos, pero lo que me cierra es el mes entero de seguimiento. Si realmente me aseguran que después de eso el sistema corre solo, podría valer la pena. Poniéndolo en perspectiva, si esto me libera tiempo para conseguir mejores proveedores, armar promociones o simplemente descansar, la plata se recupera rápido. Si dejo de micro-gestionar, puedo enfocarme en hacer crecer el negocio posta.

* **Veredicto:** [VOTO: SÍ]
","Para un restaurante, bar o cafetería en Argentina, considerando el contexto específico que proporcionaste, las siguientes son algunas razones por las que un negocio podría fallar:

**Factores Macroeconómicos y Políticos (Dada tu Angustia Principal):**

*   **Inflación Descontrolada:** El principal dolor que expresaste es el ""miedo a no llegar a fin de mes y perder el poder adquisitivo del sueldo."" La inflación constante y la devaluación del peso son cruciales. Esto impacta:
    *   **Costos Impredecibles:** Precios de los alimentos y bebidas fluctúan diario, haciendo imposible fijar precios de menú consistentes y generar ganancias.
    *   **Pérdida de Poder Adquisitivo de los Clientes:** Si la gente no tiene dinero, no sale a comer o beber fuera. La demanda disminuye drásticamente.
    *   **Salarios y Empleados:** Dificultad para mantener salarios competitivos que permitan a tus empleados sobrevivir, generando rotación y falta de personal capacitado.
*   **Inestabilidad Política y Cambios Regulatorios:** Políticas económicas inconsistentes, impuestos elevados y regulaciones laborales complejas (sindicatos fuertes) dificultan la planificación a largo plazo y aumentan los costos operativos. Tu voto a Kicillof implica que quizás toleres ciertas políticas para el sector, pero la inestabilidad general impacta.
*   **Aumento de Impuestos:** Las constantes subidas de impuestos Nacionales, provinciales y municipales, sumado a la presión impositiva que hay en Argentina lleva a que el negocio pierda rentabilidad.

**Factores de Gestión y Operacionales:**

*   **Mala Gestión Financiera:**
    *   **Falta de Control de Costos:** No monitorear y controlar cuidadosamente los costos de alimentos, bebidas, personal, alquiler, servicios públicos, etc., lleva a pérdidas rápidas.
    *   **Mala Administración del Flujo de Caja:** No tener suficiente efectivo disponible para cubrir gastos operativos (nomina, proveedores, etc.) puede llevar al cierre.
    *   **Deudas Inmanejables:** Endeudarse demasiado o con tasas de interés muy altas es un problema común.
*   **Mala Calidad del Producto o Servicio:**
    *   **Calidad Inconsistente:** Mala calidad de los ingredientes, preparación deficiente o servicio al cliente deficiente lleva a la pérdida de clientes. Incluso si los precios son bajos, la gente no regresa.
    *   **Falta de Innovación:** No actualizar el menú, el ambiente o la experiencia del cliente puede llevar a que el negocio se vuelva obsoleto.
*   **Marketing Inefectivo o Ausente:**
    *   **Falta de Presencia Online:** No tener una presencia fuerte en redes sociales, un sitio web y no utilizar plataformas de delivery (Rappi, PedidosYa) limita el alcance y la visibilidad.
    *   **Mal Uso de las RRSS:** Contratar a una persona que cree contenido poco atractivo que no sume valor al negocio.
    *   **Publicidad Ineficiente:** Gastar dinero en publicidad sin un plan estratégico y sin medir los resultados.
*   **Problemas de Personal:**
    *   **Alta Rotación:** Pagos bajos y malas condiciones laborales conllevan a alta rotación de personal, aumentando los costos de capacitación y afectando la calidad del servicio.
    *   **Falta de Capacitación:** No capacitar al personal en habilidades de servicio al cliente, higiene alimentaria y preparación de alimentos puede resultar en problemas de calidad y satisfacción del cliente.
    *   **Mal Ambiente Laboral:** Conflictos internos entre el personal afectan la moral y la productividad.
*   **Ubicación:**
    *   **Mala Ubicación:** Elegir una ubicación con poco tráfico, poca visibilidad o competencia excesiva puede dificultar la atracción de clientes.
    *   **Alquileres Elevados:** Alquileres demasiado altos en relación con los ingresos del negocio ponen una presión financiera significativa.

**Factores Específicos del Contexto Argentino:**

*   **Competencia Fuerte:** El mercado gastronómico argentino es altamente competitivo con muchos restaurantes, bares y cafeterías, especialmente en CABA y GBA.
*   **Mentalidad Atea/Agnóstica (En un sentido amplio):** (Relacionado a tu perfil) Un enfoque puramente transaccional y utilitarista del negocio, sin un sentido de comunidad o conexión con los clientes, puede hacerlo frío e impersonal, especialmente en lugares con una historia y una cultura. Esto puede ser una debilidad frente a competidores que ofrecen una experiencia más emotiva.
*   **Preferencias de Clientela Peronista/Popular (Relacionado a tu perfil):** Si tu oferta no se alinea con los gustos y las expectativas de este segmento, podrías tener dificultades para atraer y retener clientes.

**En resumen:** Sobrevivir en el mercado gastronómico argentino requiere una gestión financiera excepcionalmente cuidadosa, un control de costos riguroso, una oferta de valor atractiva, un marketing efectivo, personal capacitado y una adaptación constante a las condiciones económicas y políticas cambiantes. Ignorar cualquiera de estos factores aumenta significativamente el riesgo de fracaso.
","[VOTO: SÍ] A pesar de mis dificultades económicas, creo que vale la pena invertir en mejorar mi negocio para atraer más clientes.
"
Agent_080,ENTJ,NO,ALTA,"¡Uff, 200 lucas! A ver...

**R1 (Intuición):** Me suena interesante la idea de tener un manual y que alguien me dé una mano para poner orden. Siempre cuesta delegar y que las cosas salgan como uno quiere, pero el restaurante me está consumiendo la vida... A ver, a ver... esos 3 días en el local me vendrían bien para que los muchachos se aviven. La matriz esa de crisis... me da curiosidad.

**R2 (Análisis de rentabilidad y libertad):** 200 mil pesos... Eso es casi un mes de alquiler del local. ¿Podría generar ese dinero extra con el manual y la consultoría en el primer mes? El tema es si realmente me libera tiempo. Si la gente aprende a resolver los problemas y no me llaman a cada rato, quizás valga la pena. El mes de seguimiento por WhatsApp es bueno, pero... ¿después qué? ¿Me van a seguir cobrando? Tendría que ver si puedo recuperar la inversión. Y la comunidad esa quizás tenga contactos interesantes de proveedores.

**Veredicto:** Si la garantía es posta y en ese mes veo cambios reales en la productividad y en mi tiempo libre... [VOTO: SÍ] Quizás me ayude a delegar de verdad. Pero tengo que tener la seguridad de que voy a ver resultados en el primer mes.
","Bien, desde mi perspectiva de dueño de restaurante argentino de 72 años, peronista y con miedo a no llegar a fin de mes, te digo por qué esto podría fallar:

*   **La economía argentina:** Este es el elefante en la habitación. Con la inflación que tenemos, los precios de los insumos cambian cada semana. Cualquier plan que no tenga en cuenta esta volatilidad, está destinado al fracaso. ¿Cómo voy a invertir en algo nuevo si no sé cuánto me va a costar mañana?
*   **La edad y la digitalización:** Vos me venís a hablar de nuevas tecnologías, pero yo soy de otra generación. Me cuesta entender estas cosas y no tengo tiempo para aprender. Necesito algo simple y que realmente me solucione un problema concreto. Si me decís que tengo que usar una aplicación complicada, me voy a frustrar y no la voy a usar. Muchos como yo prefieren seguir con la libreta y la calculadora.
*   **El descreimiento general:** Ya me han prometido muchas cosas y ninguna se cumplió. Los gobiernos, los políticos, las empresas... todos dicen que nos van a ayudar, pero al final siempre terminamos igual o peor. Necesito ver resultados concretos antes de confiar en algo nuevo.
*   **La falta de personal capacitado:** Encontrar personal confiable y capacitado es un dolor de cabeza constante. Si esto requiere que mi personal aprenda algo nuevo, va a ser un problema. La rotación es alta y no tengo tiempo para estar capacitando gente todo el tiempo.
*   **La desconfianza en lo ""nuevo"":** En Argentina, a veces lo tradicional funciona mejor. La gente viene a mi restaurante buscando la comida que conocen y el ambiente familiar. Si esto cambia la esencia de mi negocio, la gente no va a volver. Hay que tener cuidado con querer modernizar demasiado.
*   **El enfoque ""para todos"":** Los dueños de restaurantes somos muy diversos, con realidades distintas. No es lo mismo un restaurante en Recoleta que una parrilla en el interior. Un enfoque único no va a funcionar para todos. Necesito algo que se adapte a mis necesidades específicas.
*   **La burocracia:** Cualquier trámite o proceso que involucre papeleo adicional, es una barrera. Ya tengo suficiente con los impuestos y las regulaciones. No quiero más complicaciones.
*   **El costo:** Si esto es muy caro, simplemente no lo voy a poder pagar. Ya estoy luchando para llegar a fin de mes. Necesito algo accesible y que me demuestre que realmente me va a generar un retorno de la inversión.

En resumen, para que algo funcione conmigo y con muchos otros dueños de restaurantes como yo, tiene que ser simple, económico, confiable, adaptable a mi realidad y con resultados comprobables. Y sobre todo, tiene que entender que estamos en Argentina, donde la incertidumbre es la única constante.
","[VOTO: NO] No creo que una herramienta digital pueda solucionar mis problemas más urgentes como llegar a fin de mes.
"
Agent_072,ENFP,SÍ,ALTA,"¡Uf, Megan... suena interesante, che! A ver, vamos por partes con esta propuesta.

**R1 (Intuición):**

Mi primera impresión es… ¡atractiva! La idea de tener un manual, protocolos y una ""Matriz de Manejo de Crisis"" me da algo de paz mental. ¡Odio que me llamen por cada problemita! La consultoría presencial me parece valiosa porque ver a Megan en acción, capacitando al personal, es mucho mejor que leer un manual. Y la comunidad gastronómica también me entusiasma; siempre es bueno tener colegas con quienes compartir penas y alegrías. La auditoría por WhatsApp suena útil, pero a la vez pienso... ¿realmente tendré tiempo y paciencia para estar pendiente del WhatsApp todo el día?

**R2 (Análisis de rentabilidad y libertad):**

A ver... $200.000 pesos... ¡pica un poco! Tengo que ver si esto realmente me va a generar más rentabilidad o al menos me va a liberar tiempo para las cosas que realmente importan.

*   **Rentabilidad:** Si la ""Matriz de Manejo de Crisis"" realmente evita errores costosos y reduce el desperdicio, podría valer la pena. Si el equipo resuelve problemas más rápido y eficientemente, se traduce en mesas que rotan más rápido y clientes más contentos.
*   **Libertad:** Esta es la clave para mí. Si realmente no tengo que estar resolviendo cada pequeño incendio, podría dedicarme a mejorar el menú, buscar mejores proveedores, ¡o incluso tomarme un fin de semana largo!

El acompañamiento de 30 días es crucial. ¿Realmente alcanza para que los cambios se internalicen y el sistema funcione solo? Tengo mis dudas... La experiencia me dice que los cambios en la gastronomía llevan más tiempo.

**Veredicto:**

Si bien la propuesta tiene cosas que me atraen mucho -especialmente la matriz de manejo de crisis- me da miedo que el sistema, una vez que Megan se vaya, vuelva a caer en el caos. Treinta días no son nada en nuestro rubro y la experiencia me dice que mi equipo necesitará mucho más tiempo y acompañamiento para cambiar hábitos.

**[VOTO: NO]**
","Okay, entendiendo el contexto y el perfil que me has dado, voy a analizar por qué algo podría fallar, enfocándome en los puntos débiles que veo en este dueño de restaurante argentino de 63 años con las características especificadas.

**Considerando el perfil, estas son algunas razones por las que algo podría fallar:**

*   **Brecha Digital:** Si bien mencionas un espectro de digitalización, un dueño de 63 años, con educación pública y nivel socioeconómico medio, podría tener una curva de aprendizaje más lenta para adoptar nuevas tecnologías o estrategias digitales. Esto podría limitar su capacidad para implementar soluciones modernas de marketing, gestión de inventario, o relacionamiento con clientes online. (Por ejemplo, no entender bien como funciona Rappi o PedidosYa y perder ventas por eso).
*   **Aversión al Riesgo:** A su edad, y con la experiencia de la inestabilidad económica argentina, es probable que sea más reacio a tomar riesgos, especialmente financieros. Podría dudar en invertir en mejoras, nuevas estrategias, o expansión, incluso si son necesarias para la supervivencia del negocio.
*   **Resistencia al Cambio:** Después de años gestionando el restaurante de una manera específica, podría ser difícil adaptarse a las nuevas tendencias del mercado, las preferencias cambiantes de los clientes, o las regulaciones gubernamentales. La resistencia al cambio podría hacer que ignore oportunidades o no reaccione a tiempo ante amenazas.
*   **Falta de Conocimiento Específico:** Dependiendo de su experiencia previa, podría carecer de habilidades o conocimientos específicos necesarios para abordar ciertos desafíos. Por ejemplo, podría no estar al tanto de las últimas tendencias culinarias, las mejores prácticas de gestión de personal, o las estrategias de marketing digital más efectivas.
*   **Dificultad con el Personal:** Gestionar un equipo de empleados más jóvenes, con diferentes expectativas y habilidades tecnológicas, podría ser un desafío. Podría haber fricciones generacionales o dificultades para motivar y retener al personal.
*   **Vulnerabilidad a la Crisis Económica:** Su mayor angustia es el miedo a no llegar a fin de mes. Cualquier crisis económica, aumento de costos, o caída en la demanda podría generar una gran ansiedad y llevarlo a tomar decisiones impulsivas o a paralizarse.
*   **Agotamiento/Burnout:** Llevar un restaurante es un trabajo demandante. A su edad, podría estar sintiendo el peso del trabajo y la falta de energía para afrontar los desafíos diarios. El agotamiento podría afectar su capacidad para tomar decisiones racionales y liderar al equipo.
*   **Dificultades de Delegación:** Un dueño que ha estado manejando el negocio durante mucho tiempo podría tener dificultades para delegar tareas o confiar en otros para tomar decisiones. Esto podría sobrecargarlo de trabajo y limitar el crecimiento del restaurante.
*   **Enfoque Operativo vs. Estratégico:** Podría estar demasiado enfocado en las operaciones diarias del restaurante (cocina, servicio, etc.) y descuidar aspectos estratégicos como el marketing, la gestión financiera, o la planificación a largo plazo.
*   **Pensamiento político:** Al haber votado a Kicillof, esto podría generar ciertas fricciones si el target del restaurante tiene un pensamiento totalmente opuesto. Deberá tener cuidado de mantener un discurso neutro en el local, para evitar perder clientes.

**En resumen:**

La clave para que algo funcione para este dueño de restaurante es ser consciente de estas posibles debilidades y compensarlas. Esto podría implicar buscar ayuda externa (consultores, mentores, personal especializado), invertir en capacitación, estar dispuesto a aprender y adaptarse, y enfocarse en construir un equipo sólido que complemente sus propias habilidades.  También, importante, estar abierto a escuchar a sus empleados y a las necesidades de sus clientes.
","[VOTO: SÍ] Implementaría un sistema de gestión de inventario digital para optimizar costos y reducir el desperdicio de alimentos.
"
Agent_061,INTJ,SÍ,ALTA,"¡A ver, veamos esta propuesta de Megan! Suena interesante, pero con la situación del país, hay que ser muy cauteloso con cada peso que se invierte.

**R1 (Intuición):**

Mi intuición me dice que hay potencial, pero también que hay que ver si realmente se adapta a mi restaurante. Me gusta la idea de tener un manual y protocolos, ¡organización es clave! La consultoría presencial es un plus, pero esos tres días tienen que ser realmente productivos para que valgan la pena. Lo que más llama mi atención es el seguimiento por WhatsApp, eso me da un poco más de tranquilidad. La comunidad gastronómica también suena bien, siempre es bueno tener colegas con quien intercambiar ideas y proveedores.

**R2 (Análisis de rentabilidad y libertad):**

Ok, 200.000 pesos. A ver, si esto me permite tener un sistema que funcione solo y que no tenga que estar yo resolviendo cada problemita... ¡eso vale oro! Significa menos estrés y más tiempo libre. El manual y la matriz de crisis podrían ayudar a mi equipo a tomar decisiones por sí solos, evitando que me llamen a cada rato. Pero, ¿realmente lo harán? ¿Y si la Matriz de Crisis es muy genérica y no aplica a mis situaciones específicas? La consultoría presencial tiene que dar resultados rápidos. Si en esos tres días no veo un cambio concreto en la dinámica del equipo, estamos en problemas. El seguimiento por WhatsApp es crucial. Si Megan realmente responde rápido y me guía bien en el primer mes, podría justificar la inversión. Pero si me deja a la deriva, será una decepción costosa. De todas formas, el Manual Blindado y la comunidad serían recursos valiosos a futuro.

**Veredicto:**

[VOTO: SÍ]

Si bien tengo mis reservas, el seguimiento de 30 días y el acceso a una comunidad gastronómica me dan la confianza suficiente para creer que puedo sacar provecho de esta propuesta y lograr el sistema ordenado que necesito en mi restaurante. La Matriz de Crisis y la consultoría presencial son un plus que podría valer la pena.
","Bien, analicemos por qué una iniciativa *podría* fallar en el sector gastronómico argentino, considerando el contexto que me proporcionaste. Seré crítico, pero constructivo:

**Considerando el ADN de Dolor y el Contexto Macroeconómico:**

*   **No abordar la inflación y la incertidumbre económica:** Si la iniciativa no ofrece soluciones concretas y realistas para mitigar el impacto de la inflación (aumento constante de precios de insumos, salarios, alquileres, etc.) y la devaluación del peso, fracasará. La frase ""miedo a no llegar a fin de mes y perder el poder adquisitivo del sueldo"" es CLAVE. Los dueños están buscando soluciones tangibles para la supervivencia financiera de sus negocios.
*   **Ignorar la complejidad del sistema impositivo argentino:** El sistema impositivo es notoriamente complejo. Si la iniciativa no ofrece ayuda para navegarlo (simplificación, acceso a beneficios, optimización fiscal), será vista como inútil.
*   **No adaptarse a la volatilidad del mercado:** El mercado argentino es inestable. Las políticas cambian rápidamente, los hábitos de consumo varían. Si la iniciativa no tiene la flexibilidad para adaptarse a estos cambios, quedará obsoleta rápidamente.

**Considerando el Perfil del Dueño de Restaurante Promedio (según tu descripción):**

*   **Falta de Digitalización:** Asumir que todos los dueños están al mismo nivel en cuanto a tecnología es un error. Muchos pueden resistirse a implementar estrategias digitales complejas (marketing online avanzado, sistemas de gestión sofisticados) por falta de conocimiento, tiempo o presupuesto. Una solución demasiado “techie” fracasaría.
*   **Resistencia al cambio (especialmente en negocios tradicionales):** Los locales históricos y las parrillas familiares a menudo se aferran a tradiciones y formas de hacer las cosas. Una iniciativa que imponga cambios drásticos sin considerar su cultura y valores será rechazada.
*   **Falta de tiempo y recursos:** Los dueños de restaurantes, especialmente los de negocios pequeños y medianos, suelen estar sobrecargados de trabajo y con recursos limitados. Una iniciativa que demande mucho tiempo, dinero o esfuerzo, sin mostrar resultados claros y rápidos, será abandonada.
*   **No entender las necesidades específicas de cada tipo de negocio:** Una solución ""talla única"" no funcionará. Un café de especialidad tiene necesidades muy diferentes a las de una parrilla familiar. La iniciativa debe ser personalizable y adaptable.
*   **Ignorar la diversidad generacional:** Un dueño de 30 años tiene prioridades y perspectivas diferentes a uno de 70. La iniciativa debe ser relevante para ambos grupos.
*   **Asumir un enfoque ""apolítico"" como ignorancia de la realidad:** Aunque te definas como apolítico, el contexto político influye directamente en los negocios. Ignorar las políticas gubernamentales, las regulaciones laborales, los sindicatos, etc., es un error estratégico.
*   **Falta de comunicación efectiva:** No lograr comunicar el valor de la iniciativa de manera clara, concisa y atractiva. Usar un lenguaje técnico o jergas incomprensibles.

**Considerando Mis Propios Sesgos (basado en mi ""perfil""):**

*   **Sobreestimar la importancia de la innovación:** Como alguien con un perfil INTJ, puedo tender a buscar soluciones innovadoras y complejas, que pueden no ser prácticas o relevantes para la mayoría de los dueños de restaurantes.
*   **Subestimar la importancia de las relaciones personales:** Los negocios en Argentina a menudo se basan en la confianza y las relaciones personales. Una iniciativa que ignore este aspecto tendrá dificultades para ganar tracción.
*   **Focalizarme en la teoría en lugar de la práctica:** Puedo caer en la trampa de diseñar una iniciativa perfecta en teoría, pero difícil de implementar en la práctica.
*   **Ignorar la complejidad emocional de la situación:** El ""miedo a no llegar a fin de mes"" es una emoción poderosa. Si la iniciativa no aborda este miedo y genera confianza, fracasará.
*   **Creer que por mi experiencia personal (Femenino, LGBTQ+, etc), puedo hablar por todos.** Cada realidad en el sector es distinta.

**En resumen, una iniciativa fallará si:**

*   No ofrece soluciones concretas y realistas para la crisis económica.
*   Es demasiado compleja, costosa o demanda mucho tiempo.
*   No se adapta a las necesidades específicas de cada tipo de negocio.
*   Ignora la resistencia al cambio, la falta de digitalización y la diversidad generacional.
*   No se comunica de manera efectiva y no genera confianza.
*   Es demasiado teórica y no tiene en cuenta la realidad del día a día.

La clave para el éxito es la **empatía**, la **flexibilidad** y la **capacidad de adaptación** al contexto argentino. Hay que escuchar atentamente las necesidades de los dueños de restaurantes, ofrecer soluciones prácticas y asequibles, y construir relaciones de confianza.
","[VOTO: SÍ] Recomendaría esta herramienta a dueños de restaurantes argentinos, ya que puede ayudarles a gestionar mejor sus negocios y adaptarse a los desafíos económicos actuales.
"
Agent_094,INTP,SÍ,ALTA,"**R1 (Intuición):**

*   Mmm, suena interesante. El tema de la matriz de manejo de crisis me llama la atención, me ahorraría unos cuantos dolores de cabeza esos llamados del personal por cosas que deberían poder resolver solos. La comunidad gastronómica también me parece útil, siempre viene bien tener contactos y referencias. Pero 200 lucas... ¡uff! La consultoría presencial me da más confianza que un simple manual, pero tengo miedo de que después de los 30 días todo vuelva a ser un caos.

**R2 (Análisis de rentabilidad y libertad):**

*   Ok, vamos a los números. Si este sistema realmente funciona y me ahorra tiempo de estar apagando incendios y me permite enfocarme en otras cosas como marketing o mejorar el menú, quizás valga la pena. ¿Cuánto tiempo pierdo ahora resolviendo problemas que el personal podría solucionar? ¿Cuánto me cuesta ese tiempo en términos de oportunidades perdidas?
*   ¿Y la libertad? Uf, ni hablar. Poder confiar en mi equipo y no tener que estar pendiente del restaurante las 24 horas, ese es el verdadero valor acá. Si Megan logra eso, quizás 200 lucas no sea tanto. Pero tengo que estar segura de que la garantía de 30 días realmente funciona. ¿La auditoría diaria por WhatsApp es suficiente? ¿O es más marketing que otra cosa?

**Veredicto:**

[VOTO: NO]
","Para un dueño de restaurante argentino, la implementación de una nueva estrategia o tecnología podría fallar por varias razones, considerando el contexto específico que defines:

**Factores generales (aplicables a la mayoría):**

*   **Falta de presupuesto:** La situación económica en Argentina, con alta inflación y devaluación, es el principal obstáculo. Implementar cualquier cambio requiere inversión, y el miedo a ""no llegar a fin de mes"" es paralizante.
*   **Resistencia al cambio:** En negocios establecidos, especialmente los familiares o históricos, la gente se resiste a probar cosas nuevas. Creen que ""siempre lo hicimos así"" y eso funciona.
*   **Falta de capacitación:**  Introducir software, sistemas, o incluso nuevas técnicas culinarias requiere capacitar al personal. Esto cuesta tiempo y dinero, y muchos dueños prefieren evitarlo.
*   **Mala planificación:**  No tener un plan claro, con objetivos, métricas y un cronograma, lleva al fracaso. Muchos emprendedores son impulsivos y no piensan estratégicamente.
*   **Marketing deficiente:**  Si la gente no sabe que hay algo nuevo en el restaurante, no vendrá. Muchos dueños no invierten en marketing o lo hacen de forma amateur.
*   **Problemas de personal:** La rotación de personal en gastronomía es alta. Capacitar gente que se irá pronto es frustrante, y mantener un equipo motivado es difícil.
*   **Burocracia y regulaciones:** Abrir, mantener y operar un negocio gastronómico en Argentina implica lidiar con trámites, impuestos y controles que consumen tiempo y recursos.

**Factores relacionados a la diversidad de dueños:**

*   **Locales históricos/familiares:**
    *   **Tradición vs. Innovación:**  La carta, la decoración, el servicio... todo puede estar arraigado en la tradición. Modernizar podría alejar a los clientes leales.
    *   **Generación:** Un dueño mayor (60-70 años) podría no entender o estar dispuesto a adoptar tecnología o tendencias actuales.
*   **Franquicias:**
    *   **Restricciones de la Franquicia:** La casa central puede no estar de acuerdo con la implementación de la estrategia.
    *   **Altos costos:** La implementación puede implicar altos costos que no recuperen la inversión.
*   **Cafés de especialidad:**
    *   **Elitism:** Puede que la implementación de la nueva estrategia sea rechazada por sus clientes, ya que lo pueden considerar ""elitista"".

**Factores relacionados a la audiencia específica (dueña, 28 años, INTP):**

*   **Duda interna (INTP):**  Su tipo de personalidad la lleva a analizar todo exhaustivamente. Podría dudar de sus propias ideas y sentirse insegura para llevarlas a cabo.  El miedo al fracaso puede ser un gran obstáculo.
*   **Falta de experiencia:**  A pesar de ser joven y probablemente con buenas ideas, le puede faltar experiencia en gestión y liderazgo para implementar cambios a gran escala.
*   **Dependencia de la opinión de otros:**  Podría sobre-analizar las opiniones de empleados, clientes o incluso familiares, y terminar diluyendo su visión.
*   **Dificultad para delegar:**  Los INTP a veces se sienten más cómodos haciendo las cosas por sí mismos, lo que puede llevar al agotamiento y a una implementación lenta.

**En resumen, el fracaso es probable si:**

*   No se tiene en cuenta el contexto económico argentino, con su particular volatilidad.
*   No se adapta la estrategia a las características específicas del restaurante (tipo, clientela, historia).
*   No se involucra y capacita al personal.
*   No se comunica de manera efectiva los cambios a los clientes.
*   La dueña se deja paralizar por el análisis y la falta de confianza en sí misma.

Para evitar esto, es crucial un análisis exhaustivo del negocio, del mercado y una planificación realista, considerando los recursos disponibles y la cultura del lugar.
","[VOTO: SÍ] Implementaría una estrategia de marketing digital sencilla y enfocada en promociones locales para atraer más clientes y mantener el negocio a flote.
"
Agent_064,ENTP,NO,ALTA,"¡A ver, esto suena interesante, pero vamos a desmenuzarlo!

**R1 (Intuición):**

Uff, la idea de tener un ""Manual Blindado"" y una ""Matriz de Manejo de Crisis"" me da un respiro inmediato. Me imagino a mi equipo resolviendo cosas sin tener que interrumpirme a cada rato. ¡Suena a paz mental! La consultoría presencial es un plus, porque a veces las cosas no se entienden bien hasta que alguien te las muestra en la práctica. La comunidad gastronómica también me llama la atención. Compartir experiencias con otros dueños es invaluable. Pero... (siempre hay un ""pero"")... ¿será que de verdad funciona? ¿No será que después de los 30 días estoy igual o peor?

**R2 (Análisis de rentabilidad y libertad):**

OK, $200.000 es una inversión considerable. Tengo que ponerlo en perspectiva:

*   **Rentabilidad:** Si el sistema realmente reduce las interrupciones y mi equipo empieza a ser más autónomo, eso se traduce en tiempo para enfocarme en marketing, nuevos platos o simplemente en no estar tan quemada. Eso, definitivamente, vale plata. Además, si la matriz de crisis evita cagadas mayores (que las hay), el ahorro potencial es significativo.
*   **Libertad:** Acá es donde entra mi mayor miedo: la inflación y la incertidumbre económica. Si el sistema funciona y me permite delegar más, puedo dedicarle tiempo a pensar en cómo proteger el negocio, diversificar o lo que sea. Si no funciona, son $200.000 menos y la sensación de haber perdido tiempo valioso. Los 30 días de seguimiento son clave acá. Si veo resultados tangibles en ese periodo, me sentiré más segura de que la inversión vale la pena.

**Veredicto:**

[VOTO: SÍ]
","Para un dueño de restaurante en Argentina, la pregunta ""¿Por qué esto fallaría?"" puede generar varias respuestas dependiendo del ""esto"" al que se refiera, pero dado el contexto y tu ADN de dolor, podemos hipotetizar sobre posibles escenarios donde la falla estaría vinculada a esos miedos centrales:

**Si ""esto"" se refiere a una nueva inversión en el restaurante (ej: remodelación, nuevo menú, expansión):**

*   **Miedo a la inflación abrupta y la inseguridad económica:**
    *   **Costos descontrolados:** La inflación podría disparar los costos de los materiales de construcción, los ingredientes, el personal, haciendo que la inversión inicial sea mucho mayor de lo planeado, y erosionando las ganancias potenciales. Es difícil predecir los costos a largo plazo, lo que genera inseguridad.
    *   **Incapacidad de trasladar los costos al cliente:** Si la inflación es muy alta, el restaurante podría tener dificultades para aumentar los precios al mismo ritmo, perdiendo rentabilidad. Además, la recesión económica podría impactar el poder adquisitivo de los clientes, haciéndolos más sensibles a los precios.
    *   **Inestabilidad del mercado:** Cambios abruptos en las políticas económicas (devaluaciones, impuestos) podrían desestabilizar el mercado, afectando la demanda y la rentabilidad del restaurante.
    *   **Dificultad para conseguir financiamiento:** En un contexto de alta inflación e incertidumbre, puede ser difícil acceder a créditos bancarios a tasas razonables.

**Si ""esto"" se refiere a una nueva estrategia de marketing o digitalización:**

*   **Inseguridad sobre el retorno de la inversión:** ¿Realmente va a atraer más clientes o aumentar las ventas? ¿Justifica el gasto en publicidad digital, community manager, etc.? Los resultados no siempre son inmediatos ni previsibles.
*   **Falta de tiempo y recursos para implementar:** La digitalización requiere tiempo para aprender nuevas herramientas, capacitar al personal, y crear contenido atractivo. Como dueño, es posible que te sientas abrumado.
*   **Dependencia de la tecnología:** ¿Qué pasa si falla internet, un sistema de pago digital deja de funcionar, o las redes sociales cambian sus algoritmos? La dependencia de la tecnología puede ser riesgosa.

**Si ""esto"" se refiere a la estabilidad general del negocio:**

*   **Competencia desleal e informalidad:** La economía informal y la competencia desleal (ej: venta de comida en la calle sin permisos) pueden erosionar las ganancias del restaurante.
*   **Aumento de la inseguridad:** El aumento de la delincuencia podría afectar la seguridad de los clientes y el personal, generando una mala imagen para el restaurante.

**Consideraciones adicionales, teniendo en cuenta tu perfil y creencias:**

*   **Falta de apoyo gubernamental:** Si tenés una visión conservadora/liberal en lo político, podrías sentir frustración por la falta de políticas públicas que apoyen a los emprendedores y a la inversión privada.
*   **Cambios en las costumbres sociales:** Las tendencias sociales (ej: veganismo, comida saludable, delivery) podrían obligar al restaurante a adaptarse rápidamente, lo que podría ser costoso y complejo.

En resumen, la pregunta ""¿Por qué esto fallaría?"" activaría tus miedos centrales relacionados con la inestabilidad económica, la inflación, la inseguridad, y la falta de control sobre el entorno. Para mitigar estos riesgos, es fundamental hacer una planificación cuidadosa, buscar asesoramiento profesional, diversificar las estrategias, y mantenerse informado sobre las tendencias del mercado.
","[VOTO: NO] No creo que sea el momento de tomar riesgos con la economía.
"
Agent_093,INFP,NO,ALTA,"¡Uf, $200.000! Hay que pensarlo bien.

**R1 (Intuición):** Al principio me da desconfianza. Suena lindo lo de ""Caos a Control"", pero esos gurúes siempre te venden la pomada y después te dejan solo. La garantía de 30 días parece interesante, pero ¿y después? Uno sabe cómo son los empleados, si no los estás encima, vuelven a las andadas. La comunidad gastronómica me da un poco más de confianza, siempre es bueno escuchar a otros que la están pasando igual que uno.

**R2 (Análisis de rentabilidad y libertad):** A ver, 3 días de consultoría presencial suena bien, pero tengo que cerrar el local o distraer a los empleados. Eso ya es una pérdida de plata. El manual y la matriz de crisis, si son realmente útiles, podrían ahorrarme tiempo y dolores de cabeza. Pero de nuevo, depende mucho de si los empleados lo usan. Si realmente evita que me llamen a cada rato por problemas boludos, quizás valga la pena. ¿200.000 pesos? Tendría que sacar bien las cuentas de cuánto tiempo pierdo resolviendo problemas al mes ahora y cuánto podría ahorrarme. Si Megan me asegura que después de esos 30 días el sistema realmente funciona solo, podría ser una inversión para tener más tiempo para mí. Igual, con la inflación que hay, esa plata podría comprar mercadería y asegurarme stock.

**Veredicto:** [VOTO: NO]
","Bien, analicemos por qué esto fallaría, siendo realista y considerando mi experiencia y mi contexto:

**1. Falta de Relevancia y Desconexión con la Realidad:**

*   **Desconocimiento de mis Prioridades Inmediatas:** Si la propuesta no aborda directamente mi ""ADN de Dolor"" (miedo a no llegar a fin de mes y perder poder adquisitivo), simplemente la ignoraré. Estoy demasiado ocupado apagando incendios como para prestar atención a algo que no me resuelva un problema real y urgente.
*   **Complejidad Excesiva o Jerga Técnica:** Como tengo un nivel educativo Terciario Técnico y no soy un experto en marketing digital ni en gestión empresarial moderna, si la propuesta es demasiado compleja o usa jerga técnica que no entiendo, me sentiré abrumado y la descartaré. Necesito soluciones simples, claras y prácticas.
*   **Generalización Excesiva:** Si la propuesta no tiene en cuenta las particularidades de mi tipo de restaurante (posiblemente tradicional y familiar), mi ubicación (un barrio específico con sus propios desafíos), y mi nivel de digitalización (probablemente bajo), la consideraré irrelevante. Necesito soluciones a medida, no genéricas.

**2. Falta de Confianza y Credibilidad:**

*   **Promesas Irreales o Demasiado Buenas para Ser Verdad:** Soy un hombre curtido por la vida y la crisis argentina. Si la propuesta promete resultados milagrosos o ganancias fáciles, instintivamente sospecharé. Necesito pruebas, testimonios reales y un enfoque realista.
*   **Falta de Respaldo o Referencias:** Si no puedo verificar la legitimidad de la propuesta o la experiencia de quien la ofrece, no me arriesgaré. Necesito saber que estoy tratando con alguien confiable, con experiencia en el sector y con resultados comprobables.
*   **Desconfianza Inherente a lo Digital:** Dado mi nivel de digitalización, es posible que tenga una cierta desconfianza hacia las soluciones tecnológicas o las propuestas que se basan exclusivamente en internet. Necesito un enfoque que combine lo digital con lo tradicional, y que me permita mantener el control.

**3. Barreras Económicas y de Tiempo:**

*   **Costos Iniciales Elevados:** Si la propuesta requiere una inversión inicial significativa que no puedo afrontar, o que me genera incertidumbre, la descartaré automáticamente. Necesito soluciones asequibles y con un retorno de la inversión claro.
*   **Requisitos de Tiempo Excesivos:** Estoy atado al día a día de mi restaurante. Si la propuesta requiere una dedicación de tiempo que no puedo permitirme, o que me aleja de la gestión operativa del negocio, la rechazaré. Necesito soluciones que se integren fácilmente en mi rutina y que me permitan delegar ciertas tareas.

**4. Factores Personales y Culturales:**

*   **Resistencia al Cambio:** Como persona mayor, es posible que tenga una cierta resistencia al cambio y a las nuevas tecnologías. Necesito que me convenzan de que la propuesta realmente vale la pena y que me facilitará la vida, no que me la complique.
*   **Preferencia por lo Familiar y lo Tradicional:** Valoro la experiencia personal, el trato directo y las relaciones a largo plazo. Si la propuesta es impersonal, fría o demasiado enfocada en la eficiencia, me sentiré incómodo. Necesito que la propuesta se adapte a mi estilo y a mis valores.
*   **Ideología Política:** Aunque mi pensamiento político es de centro-progresista, voté a Bullrich. Si la propuesta, aunque veladamente, roza cuestiones ideológicas con las que no coincido, simplemente la descartaré.

En resumen, para que una propuesta tenga éxito conmigo, debe ser:

*   **Relevante:** Abordar mis necesidades urgentes y específicas.
*   **Creíble:** Respaldada por pruebas, referencias y un enfoque realista.
*   **Asequible:** Económicamente viable y con un retorno claro.
*   **Fácil de Implementar:** Integrable en mi rutina y que me permita delegar.
*   **Personalizada:** Adaptada a mi estilo, valores y nivel de digitalización.

Si alguno de estos factores falla, la propuesta está destinada al fracaso.
","[VOTO: NO] No creo que sea una buena idea.
"
Agent_060,ESTP,SÍ,ALTA,"Ok, a ver... ¡200 lucas! Uff... Vamos a ver si esta tal Megan me saca del pozo o me hunde más.

**R1 (Intuición):**

A ver, de entrada, el ""Manual Blindado"" suena interesante. Yo ya tengo algunos protocolos, pero siempre hay baches. La matriz de crisis me llama la atención, sobre todo porque mis empleados a veces se bloquean con problemas boludos. Los 3 días de consultoría presencial me dan un poco de desconfianza, ¿realmente van a entender cómo funciona *mi* restaurante en 3 días? Lo que sí me gusta es el seguimiento por WhatsApp, eso me da más seguridad. Y la comunidad... bueh, nunca está de más escuchar a otros colegas, aunque a veces te quieren vender buzones.

**R2 (Análisis de rentabilidad y libertad):**

*   **Rentabilidad:** $200.000 es una inversión importante. Tendría que ver si ese dinero lo puedo usar para algo más urgente, como pagar deudas o comprar mercadería al por mayor. Si el sistema realmente funciona y reduce mis dolores de cabeza, a la larga puede que ahorre plata en errores y malos manejos. Pero si el sistema es un chamuyo, son $200.000 a la basura.
*   **Libertad:** Acá está la clave. Mi mayor angustia es el miedo a no llegar a fin de mes, y eso me tiene atado al restaurante. Si este sistema realmente logra que el negocio funcione solo, o casi, tendría más tiempo para mí, para mi familia, para ir a jugar al fútbol 5 los fines de semana sin estar pensando en si el encargado está robando o si la cocinera faltó. El seguimiento por WhatsApp me parece un buen seguro para esos 30 días, pero... ¿después? ¿El sistema se va a caer a pedazos cuando Megan deje de estar encima? Esa es la gran pregunta.

**Veredicto:**

Si bien el seguimiento de 30 días por WhatsApp me da un respiro y me hace sentir un poco más seguro, no estoy convencida de que el sistema se pueda mantener solo una vez que Megan se vaya. Tengo miedo de que sea una solución parche y que después tenga que seguir remando solo, como siempre. Además, ¡200 lucas es un montón! Creo que hay otras formas de invertir esa plata que me darían más resultados a largo plazo.

**[VOTO: NO]**
","Para un dueño/a de restaurante argentino de 53 años, mujer, ESTP, de nivel socioeconómico bajo, casada, con hijos, evangélica, votante de Milei, con educación terciaria técnica, pensamiento político peronista/popular, y cuya principal angustia es el miedo a no llegar a fin de mes y perder poder adquisitivo, podrían fallar varias cosas. Aquí te doy algunas razones por las que una iniciativa, idea o proyecto podría fracasar, siendo crítico y apuntando a la idiosincrasia del contexto:

**1. Desconexión con la Realidad Económica Cotidiana:**

*   **Ignorar la Inflación y la Devaluación:** Asumir que los precios se mantendrán estables o que el poder adquisitivo se recuperará rápidamente sería un error grave. Para una persona con miedo a no llegar a fin de mes, cualquier iniciativa que no contemple aumentos de costos imprevistos o la necesidad de ajustar precios constantemente estará destinada al fracaso.
*   **No Adaptarse a la Demanda del Mercado Local:** A pesar de las tendencias globales, el menú y la propuesta de valor deben resonar con los clientes locales y su poder adquisitivo. Un restaurante de alta cocina o con ingredientes importados en una zona de nivel socioeconómico bajo podría no tener éxito.

**2. Falta de Adaptación a la Digitalización y Nuevas Tecnologías:**

*   **Resistencia a la Digitalización:** Ignorar la importancia del marketing digital, las redes sociales, los sistemas de gestión online, las plataformas de delivery y el e-commerce sería perjudicial. Para una persona de su edad y nivel educativo, la curva de aprendizaje puede ser pronunciada, y la resistencia al cambio podría impedirle adoptar herramientas que mejorarían la eficiencia y el alcance del negocio.
*   **Dependencia Exclusiva de Métodos Tradicionales:** Confiar únicamente en la publicidad boca a boca o en folletos impresos limitaría el potencial de crecimiento del restaurante.

**3. Desconocimiento o Desconexión con el Entorno Sociopolítico:**

*   **Ignorar las Regulaciones y Leyes Laborales:** No cumplir con las normativas locales en cuanto a higiene, seguridad alimentaria, impuestos, condiciones laborales del personal, etc., acarrearía multas, clausuras y problemas legales.
*   **No Entender el Contexto Peronista/Popular:** A pesar de haber votado a Milei, su ADN político peronista/popular podría influir en sus decisiones. Una iniciativa que desprecie los valores de la comunidad, la solidaridad o la justicia social podría generar rechazo entre los clientes y empleados.
*   **Subestimar el Impacto de las Políticas Económicas:** Dado que votó a Milei, hay una disonancia entre sus creencias políticas y sus miedos económicos. No anticipar los efectos de las políticas implementadas (liberalización del mercado, recortes de subsidios, etc.) en su negocio y en el poder adquisitivo de sus clientes podría ser fatal.

**4. Problemas de Gestión y Liderazgo:**

*   **Falta de Planificación Estratégica:** No tener un plan de negocios sólido, con objetivos claros, estrategias de marketing, análisis de costos y proyecciones financieras, dificulta la toma de decisiones y el seguimiento del progreso.
*   **Dificultades para Delegar y Confiar en el Equipo:** Siendo ESTP, es probable que le guste tener el control y ser práctico, pero la incapacidad de delegar tareas y confiar en sus empleados podría sobrecargarla y afectar la calidad del servicio.
*   **Deficiencias en la Gestión del Personal:** No motivar, capacitar y gestionar adecuadamente al personal (especialmente considerando la cultura laboral argentina) podría generar rotación, baja calidad del servicio y conflictos internos.

**5. Omisión de Factores Religiosos y Familiares:**

*   **Desatender las Creencias Religiosas:** Como evangélica, es probable que tenga ciertos valores y principios que influyan en sus decisiones. Una iniciativa que vaya en contra de sus creencias religiosas podría generar conflicto interno y rechazo por parte de su comunidad. Por ejemplo, un restaurante que promueva abiertamente el consumo excesivo de alcohol o que tenga prácticas comerciales consideradas inmorales.
*   **Descuidar el Equilibrio entre el Trabajo y la Familia:** Siendo casada y con hijos, es importante que pueda equilibrar las demandas del negocio con sus responsabilidades familiares. Un desequilibrio podría generar estrés, agotamiento y problemas en su relación.

**6. Riesgos Específicos del Mercado Argentino:**

*   **Competencia Feroz:** El mercado gastronómico argentino es muy competitivo, con una gran variedad de opciones y precios. Una iniciativa que no ofrezca un valor diferenciado o una propuesta innovadora podría no destacar entre la multitud.
*   **Incertidumbre Política y Social:** La inestabilidad política y social de Argentina genera incertidumbre y volatilidad en el mercado. Una iniciativa que no tenga en cuenta estos factores y que no sea adaptable a los cambios podría verse afectada negativamente.

En resumen, para que cualquier iniciativa tenga éxito, es crucial que esta dueña de restaurante considere todos estos factores, se adapte a la realidad económica y social, adopte nuevas tecnologías, se capacite en gestión empresarial, valore su comunidad y familia, y se mantenga flexible ante los cambios del mercado argentino. Ignorar estos aspectos sería un camino seguro al fracaso.
","[VOTO: SÍ] Recomendaría esta herramienta para ayudar a dueños de restaurantes argentinos a mejorar su gestión y rentabilidad.
"
Agent_066,INTJ,NO,ALTA,"Okay, analicemos la propuesta de Megan.

**R1: Intuición**

Mi primera reacción es de cautela, pero también de interés. Me atrae mucho la idea de tener un sistema más ordenado y de empoderar a mi equipo para que resuelva problemas por sí solos. La matriz de manejo de crisis suena como algo que realmente podría aliviar mi estrés diario. Sin embargo, la palabra ""caos"" en la propuesta me hace preguntarme si realmente entiende la dinámica de mi restaurante o si está generalizando. La garantía de seguimiento de 30 días por WhatsApp suena bien, pero me pregunto si será suficiente.

**R2: Análisis de rentabilidad y libertad**

Analizando la rentabilidad, $200.000 ARS es una inversión considerable. Necesito considerar si los beneficios de tener un sistema más eficiente realmente se traducirán en un aumento de ingresos a corto y mediano plazo. ¿Reduciré costos por menos errores? ¿Aumentaré la satisfacción del cliente y las reseñas positivas? ¿Podré delegar más tareas y enfocarme en el crecimiento estratégico del negocio?

En cuanto a la libertad, la idea de no ser llamado constantemente por mi equipo para resolver cada problemita definitivamente me atrae. Poder tener más tiempo para pasar con mi familia y dedicarme a otros aspectos de mi vida personal sería invaluable. Esa es la principal razón por la que consideraría esta propuesta.

Respecto al seguimiento por whatsapp, se que es un arma de doble filo, quizás este mas atado al teléfono de lo que quisiera.
Y quizás se centre demasiado en las crisis y muy poco en las oportunidades de mejoras, o en el funcionamiento en los dias tranquilos.

**Veredicto:**

Si bien me atrae mucho la idea de la matriz de manejo de crisis y la comunidad gastronómica, me preocupa que el seguimiento de 30 días por WhatsApp no sea suficiente para asegurar una implementación exitosa a largo plazo. Siento que necesito más tiempo para evaluar el impacto real del sistema en mi restaurante y tener una capacitación más profunda para mi equipo. Si Megan ofreciera una garantía de seguimiento extendida o una opción de consultoría adicional en el futuro, me sentiría más cómodo.

[VOTO: NO]
","Bien, como dueña de un restaurante en Argentina y con mi perspectiva, veo varios aspectos que podrían hacer fallar cualquier iniciativa o proyecto dirigido a nuestro sector. Siendo crítica, analizo los siguientes puntos:

**1. Desconexión con la Realidad Económica Argentina:**

*   **Inflación y Devaluación:** Si una iniciativa no considera la hiperinflación y la constante devaluación del peso argentino, está destinada al fracaso. Los costos de los alimentos, bebidas, alquileres, insumos y salarios cambian drásticamente casi a diario. Cualquier planificación que no tenga en cuenta esto, quedará obsoleta rápidamente.
*   **Políticas Impositivas Inestables:** Las constantes modificaciones en las políticas impositivas (impuestos nacionales, provinciales y municipales) dificultan enormemente la planificación financiera. Un proyecto que ignore esta volatilidad podría generar costos inesperados y volverse insostenible.
*   **Costo de Financiamiento:** El acceso a financiamiento externo es muy difícil y costoso en Argentina. Las tasas de interés son altísimas y las condiciones suelen ser restrictivas. Un proyecto que dependa fuertemente de financiamiento externo podría fracasar por la imposibilidad de acceder a él o por las altas tasas.

**2. Falta de Adaptación a las Diversas Realidades del Sector:**

*   **Generalización Excesiva:** El sector gastronómico argentino es muy diverso. No es lo mismo un restaurante de alta cocina en Palermo que una parrilla familiar en el interior o un café de especialidad en Recoleta. Una iniciativa que no se adapte a las necesidades específicas de cada tipo de negocio, probablemente no tendrá éxito.
*   **Ignorar las Tradiciones y Costumbres Locales:** La gastronomía argentina está fuertemente arraigada a las tradiciones y costumbres locales. Un proyecto que intente imponer modelos extranjeros sin adaptarlos a la cultura argentina, podría ser rechazado por los consumidores.
*   **Desconocimiento de la Mano de Obra Local:** La disponibilidad y capacitación de la mano de obra es un desafío constante. Un proyecto que no considere la necesidad de capacitar al personal o que asuma que existe una mano de obra calificada disponible, podría enfrentarse a problemas de calidad y servicio.

**3. Problemas de Implementación y Ejecución:**

*   **Burocracia y Trámites:** La burocracia argentina es notoriamente compleja y lenta. Obtener permisos, licencias y habilitaciones puede ser un proceso largo y costoso. Un proyecto que no tenga en cuenta esta realidad, podría demorarse indefinidamente o incluso ser bloqueado por la burocracia.
*   **Infraestructura Deficiente:** En muchas zonas de Argentina, la infraestructura (electricidad, agua, gas, internet) es deficiente. Un proyecto que dependa de una infraestructura confiable podría verse afectado por cortes de energía, falta de agua o problemas de conectividad.
*   **Inseguridad:** La inseguridad es un problema creciente en muchas ciudades argentinas. Los robos, asaltos y vandalismo pueden afectar la rentabilidad de los negocios gastronómicos. Un proyecto que no considere medidas de seguridad adecuadas podría ser vulnerable a este tipo de delitos.

**4. Falta de Visión a Largo Plazo y Sostenibilidad:**

*   **Enfoque Excesivo en el Corto Plazo:** En un contexto económico tan volátil, es tentador enfocarse en el corto plazo y buscar resultados rápidos. Sin embargo, un proyecto que no tenga una visión a largo plazo y que no se preocupe por la sostenibilidad a largo plazo, probablemente no tendrá éxito.
*   **Ignorar las Tendencias del Mercado:** El mercado gastronómico está en constante evolución. Las tendencias cambian rápidamente y los consumidores son cada vez más exigentes. Un proyecto que no se adapte a las nuevas tendencias (como la alimentación saludable, la sustentabilidad, la tecnología) podría quedar obsoleto rápidamente.
*   **Falta de Comunicación y Marketing:** La comunicación y el marketing son fundamentales para el éxito de cualquier negocio gastronómico. Un proyecto que no invierta en una estrategia de comunicación efectiva y que no sepa cómo llegar a su público objetivo, probablemente no logrará atraer a los clientes.

**En resumen, para que un proyecto o iniciativa dirigida a dueños de restaurantes en Argentina tenga éxito, es fundamental tener en cuenta la compleja realidad económica, adaptarse a las diversas realidades del sector, superar los obstáculos de implementación y ejecución, y tener una visión a largo plazo y sostenible.**

Cualquier iniciativa que ignore estos puntos probablemente estará condenada al fracaso.
","[VOTO: NO] Considero que, dada la inestabilidad económica actual y la inseguridad, no es el momento adecuado para expandir el negocio.
"
Agent_004,ENTJ,NO,ALTA,"Okay, vamos a analizar la propuesta de Megan.

**R1 (Intuición):**

Mi primera reacción es de cautela, pero también de curiosidad. La idea de tener un sistema más robusto y que el equipo resuelva problemas por sí solo suena increíble, porque odio que me estén llamando todo el tiempo por cosas que ellos deberían poder solucionar. El ""Manual Blindado"" y la ""Matriz de Manejo de Crisis"" son interesantes en teoría, pero me pregunto si realmente funcionarán en la práctica, con mi equipo y en el contexto de mi restaurante. La consultoría presencial de tres días es buena, pero me preocupa el después. El seguimiento de 30 días por WhatsApp es un punto a favor, porque da una sensación de acompañamiento que necesito. La comunidad gastronómica me parece un valor agregado interesante, pero no determinante.

**R2 (Análisis de rentabilidad y libertad):**

A ver, $200.000 es una inversión considerable, sobre todo con la inflación que tenemos. Tengo que analizar si realmente justifica el gasto. ¿Cuánto tiempo pierdo actualmente resolviendo problemas menores? ¿Cuánto me cuesta en estrés y en tiempo personal fuera del restaurante? ¿Podría ese tiempo utilizarlo para desarrollar nuevas ideas, mejorar el menú, o simplemente descansar? Si Megan realmente logra capacitar a mi equipo y darles las herramientas para ser más autónomos, podría valer la pena. El gran beneficio sería ganar libertad y reducir el estrés, lo cual no tiene precio. Además, si el sistema funciona, debería mejorar la eficiencia del restaurante y, por lo tanto, la rentabilidad. 

Necesito evaluar si la matriz de crisis realmente cubre la mayoría de los problemas que enfrentamos a diario, y si el equipo es capaz de implementarla correctamente. El seguimiento de 30 días es clave, porque me da un margen para asegurarme de que todo funcione como debe. Si después de esos 30 días el sistema se cae, la inversión no habrá valido la pena. También, es importante que la filosofía de la propuesta de Megan se alinee con la mía. Y en esos 30 días podría ayudarme no solo a resolver dudas, sino también a ajustar cada protocolo, checklist y matriz a la realidad concreta de mi restaurante; de lo contrario, todo esto se va a caer como castillo de naipes.

**Veredicto:**

[VOTO: SÍ]
","Ok, asumo que ""esto"" se refiere a una iniciativa/estrategia/producto/servicio que se busca implementar dentro del contexto que definiste: dueños de restaurantes, bares y cafeterías en Argentina, considerando mi propio perfil (dueño de restaurante de 47 años, no binario heterosexual, nivel socioeconómico alto, ENTJ, soltero, evangélico, votante de Kicillof, educación privada bilingüe, pensamiento conservador/liberal, miedo a la inflación e inseguridad económica, y aficionado al gimnasio).

Para ser crítico y analizar por qué ""esto"" podría fallar, necesito saber a qué te refieres con ""esto"". Sin esa información, solo puedo dar ejemplos generales de factores que podrían causar el fracaso de iniciativas en este contexto:

**Factores Macroeconómicos y Políticos:**

*   **Inflación descontrolada:** Como mi principal dolor es el miedo a la inflación, cualquier iniciativa que no considere un escenario inflacionario realista está destinada al fracaso. El aumento constante de los costos de los insumos, la dificultad para fijar precios, la presión de los sindicatos para aumentos salariales, la incertidumbre para planificar a largo plazo... todo esto puede hundir un negocio.
*   **Inestabilidad cambiaria:** La fluctuación del dólar y las restricciones cambiarias complican la importación de productos (vinos, quesos, equipamiento) y dificultan la gestión financiera.
*   **Presión fiscal:** La alta carga impositiva, las retenciones, las percepciones y la complejidad del sistema tributario argentino asfixian a los negocios gastronómicos. La falta de claridad y previsibilidad en las regulaciones impositivas genera desconfianza y dificulta la inversión.
*   **Intervención estatal:** Medidas como controles de precios, prohibiciones de despidos, regulaciones laborales excesivas o cambios repentinos en las leyes pueden afectar negativamente la rentabilidad y la viabilidad del negocio.
*   **Inseguridad:** La inseguridad, tanto en términos de robos y vandalismo como de la falta de seguridad jurídica, puede ahuyentar a clientes y desalentar la inversión.
*   **Polarización política:** En un contexto político tan polarizado, tomar posiciones públicas sobre temas controvertidos puede generar rechazo por parte de algunos clientes y afectar la reputación del negocio.

**Factores del Mercado Gastronómico:**

*   **Competencia feroz:** El mercado gastronómico argentino es muy competitivo, con una gran oferta de restaurantes, bares y cafeterías. Para tener éxito, es necesario diferenciarse, ofrecer una propuesta de valor única y destacarse en un mar de opciones.
*   **Cambios en los hábitos de consumo:** Las preferencias de los consumidores están en constante evolución. Las tendencias hacia la comida saludable, la sostenibilidad, la comida a domicilio y las experiencias gastronómicas personalizadas obligan a los negocios a adaptarse y renovarse constantemente.
*   **Dificultad para encontrar y retener personal capacitado:** La rotación de personal es alta en el sector gastronómico. Encontrar camareros, cocineros y gerentes competentes y motivados es un desafío constante.
*   **Costos operativos elevados:** Además de los costos laborales, los alquileres, los servicios públicos y los costos de los insumos son cada vez más altos, lo que dificulta la rentabilidad del negocio.
*   **Mala gestión:** Una gestión ineficiente de los recursos, la falta de control de costos, la mala atención al cliente y la falta de planificación estratégica pueden llevar al fracaso.

**Factores Específicos a mi Perfil:**

*   **Desconexión con el público general:** Mi nivel socioeconómico alto podría hacerme perder de vista las necesidades y deseos de la mayoría de la población.  Una propuesta demasiado elitista o enfocada en tendencias pasajeras podría no tener éxito.
*   **Sesgos ideológicos:** Mi pensamiento conservador/liberal podría influir en mis decisiones de negocio de manera negativa, por ejemplo, al no considerar las necesidades de empleados de diversos orígenes o al resistirme a adoptar prácticas más inclusivas.
*   **Falta de flexibilidad:** Como ENTJ, puedo ser muy firme en mis convicciones y tener dificultades para adaptarme a los cambios o a las sugerencias de otros. Esto podría llevarme a tomar decisiones equivocadas o a perderme oportunidades.

**En resumen, para que ""esto"" tenga éxito, debería:**

*   Ser adaptable a la volatilidad económica argentina.
*   Ofrecer un valor real y tangible a los clientes.
*   Ser gestionado de manera eficiente y con un control estricto de los costos.
*   Estar alineado con las tendencias del mercado gastronómico.
*   Considerar las necesidades y expectativas de diversos grupos de personas (empleados, clientes, proveedores).
*   Ser flexible y adaptable a los cambios.

Dame más detalles sobre ""esto"" y podré darte una crítica más específica.
","[VOTO: NO] Como dueño de restaurante en Argentina, con mis preocupaciones económicas y políticas, no veo este producto como una solución valiosa para mis problemas actuales.
"
Agent_078,ISFP,NO,ALTA,"R1: (Intuición) Mmm, suena interesante esto de ""Caos a Control""... ¡quién no quiere eso en un restaurante! La idea del manual blindado con check-lists me da un poco de esperanza. También el tema de la comunidad, hablar con otros que están en la misma, siempre ayuda. Pero... ¡ay, la plata! $200.000 es un montón, ¡con eso pago casi todo el alquiler de este mes! El tema es si realmente vale la pena y si Megan no desaparece después de los 30 días.

R2: (Análisis de rentabilidad y libertad) A ver, pensemos... actualmente, paso horas apagando incendios. Si esto realmente me libera tiempo para pensar en el menú, en promociones o incluso... ¡en jugar al pádel una vez por semana!, podría generar más ingresos. Digamos que, con el sistema funcionando bien, podría aumentar las ventas un 10% o, al menos, reducir los desperdicios y errores en un 5%. Analizando los números finos, ese 5% en ahorro compensaría la inversión en unos 6 meses, el tema es... ¿realmente lo lograré? Si me quedo como estoy, sé que seguiré ""llegando justo"" todos los meses. La consultoría presencial de 3 días suena bien para empezar a ordenar todo y la auditoría diaria de WhatsApp por un mes me da cierta seguridad de que no me dejan solo/a.

Veredicto: [VOTO: SÍ]
","Para un dueño de restaurante, bar o cafetería en Argentina, la pregunta ""¿Por qué esto fallaría?"" puede desencadenar varias respuestas críticas, dependiendo de su situación individual y la del país. Aquí desgloso algunas razones generales y específicas basadas en el contexto dado:

**Razones Generales (aplicables a muchos negocios gastronómicos en Argentina):**

*   **Volatilidad Económica:** La inflación constante y las fluctuaciones del tipo de cambio en Argentina hacen que la gestión de costos sea extremadamente difícil. Los precios de los ingredientes cambian rápidamente, lo que dificulta la fijación de precios y la rentabilidad.
*   **Alta Carga Impositiva:** Los impuestos elevados y complejos pueden consumir una parte significativa de las ganancias, dejando poco margen para la inversión y el crecimiento.
*   **Costos Laborales:** Los costos laborales en Argentina son relativamente altos, especialmente en comparación con otros países de la región. Esto puede ejercer presión sobre los márgenes de ganancia, especialmente para los establecimientos más pequeños.
*   **Competencia:** El mercado gastronómico argentino es competitivo, especialmente en ciudades como Buenos Aires. Destacar entre la multitud requiere una propuesta de valor sólida y una ejecución impecable.
*   **Regulaciones:** Las regulaciones sanitarias, laborales y de seguridad alimentaria pueden ser complejas y costosas de cumplir, especialmente para los pequeños negocios.
*   **Cambios en los Hábitos del Consumidor:** Los gustos y preferencias de los consumidores cambian constantemente. No adaptarse a estas tendencias puede llevar a la obsolescencia y la pérdida de clientes.
*   **Problemas de Logística y Abastecimiento:** La infraestructura logística deficiente y los problemas de abastecimiento pueden dificultar la obtención de ingredientes frescos y de alta calidad, especialmente en zonas alejadas de los centros urbanos.

**Razones Específicas (considerando el contexto de ""Dueños de Restaurantes AR"", 44 años, Femenino, Nivel Socioeconómico Bajo, ISFP, Casada/o con hijos, Católica, Votó a Milei, Colegio Público, Apolítica, Miedo a no llegar a fin de mes, Pádel):**

*   **Nivel Socioeconómico Bajo:** Esto implica que probablemente tenga acceso limitado a capital, financiamiento y recursos. Esto puede dificultar la inversión en mejoras, marketing o la expansión del negocio.
*   **Miedo a no llegar a fin de mes:** Esta ansiedad puede llevar a decisiones poco estratégicas impulsadas por la necesidad inmediata, como reducir la calidad de los ingredientes para ahorrar costos o evitar inversiones necesarias que puedan generar beneficios a largo plazo.
*   **Educación Pública:** Aunque no es determinante, la educación pública podría haber limitado el acceso a conocimientos especializados en gestión empresarial, finanzas o marketing, lo que podría dificultar la toma de decisiones informadas.
*   **Apolítica y Votó a Milei:** Ser apolítica sugiere una desconexión con las políticas gubernamentales, pero votar a Milei indica una búsqueda de un cambio económico. Si las políticas de Milei no dan los resultados esperados (como reducir la inflación y mejorar el poder adquisitivo), podría sentir que su voto no tuvo el impacto deseado, generando frustración y desesperanza.
*   **ISFP (Introvertido, Sensorial, Sentimental, Perceptivo):** Este tipo de personalidad puede tener fortalezas en la creatividad y la conexión emocional con los clientes, pero también puede tener dificultades con aspectos más estructurados de la gestión empresarial, como la planificación estratégica, el análisis financiero y la toma de decisiones difíciles.
*   **Casada/o con hijos:** Las responsabilidades familiares pueden limitar el tiempo y los recursos disponibles para invertir en el negocio. También puede haber una mayor aversión al riesgo, lo que podría impedir la toma de decisiones audaces que podrían ser necesarias para el crecimiento.
*   **Actividad de Ocio Pádel:**  Si bien esto es mínimo, podría significar que se dedica un tiempo limitado a capacitación profesional o búsqueda de nuevas oportunidades de negocio, priorizando actividades de esparcimiento.

**En resumen, para esta persona en particular, las principales áreas de preocupación serían:**

*   **Supervivencia Económica:** Mantener el negocio a flote frente a la inflación y la crisis económica general.
*   **Gestión Financiera:** Manejar los costos, fijar precios y asegurar la rentabilidad con recursos limitados.
*   **Desarrollo Profesional:** Adquirir las habilidades y conocimientos necesarios para gestionar un negocio con éxito.
*   **Equilibrio entre Trabajo y Familia:** Encontrar tiempo y energía para dedicar al negocio sin descuidar las responsabilidades familiares.
*   **Adaptación al Cambio:** Ser flexible y adaptable a las tendencias del mercado y las políticas gubernamentales para evitar quedar rezagado.

La pregunta ""¿Por qué esto fallaría?"" puede ser una herramienta valiosa para identificar estos riesgos y desarrollar estrategias para mitigarlos. Implica un ejercicio de **PLANIFICACIÓN DE CONTINGENCIA**, anticipando posibles problemas y preparando soluciones.
","[VOTO: NO] No creo que sea una buena idea para mi restaurante.
"
Agent_019,ENTJ,SÍ,ALTA,"¡Interesante propuesta! A ver, vamos por partes:

**R1 (Intuición):**

Mmm, la idea de ""blindar"" el sistema de servicio suena atractiva. El caos es una constante en la gastronomía, y la promesa de tener un equipo que resuelva problemas sin depender de mí me tienta. La matriz de manejo de crisis es un puntazo, sobre todo en este país donde cada día es una sorpresa. La comunidad gastronómica también me llama la atención, el networking siempre es valioso. Sin embargo, 200.000 pesos... uff, es una inversión considerable, y me preocupa que sea un ""parche"" temporal. ¿Realmente esos 3 días de consultoría y 30 días de seguimiento van a cambiar la cultura del local?

**R2 (Análisis de rentabilidad y libertad):**

Acá es donde la cosa se pone seria.

*   **Rentabilidad:** 200.000 pesos es plata. Con eso podría invertir en mejorar la cocina, en marketing, o incluso en un fondo de emergencia (que nunca viene mal). Para que esto valga la pena, el sistema de Megan tiene que aumentar la eficiencia del servicio, reducir los errores, mejorar la satisfacción del cliente, y, en definitiva, aumentar la facturación. ¿Cómo cuantifico ese aumento potencial? ¿Hay casos de éxito concretos, con números que demuestren que la inversión se recupera a corto plazo?
*   **Libertad:** Este es el punto más importante para mí. Si el sistema funciona como promete, me voy a poder dedicar a pensar en la estrategia del negocio, a buscar nuevas oportunidades, a relajarme un poco más. Eso no tiene precio. Pero... ¿qué pasa después de los 30 días? ¿La matriz de crisis realmente va a ser suficiente? ¿El equipo va a seguir aplicando los protocolos cuando Megan ya no esté supervisando? Si el sistema se cae, no solo pierdo la inversión, sino que vuelvo al mismo caos de antes, y encima con 200.000 pesos menos.

**Veredicto:**

Si bien la idea es atractiva y la necesidad de organizar el servicio es real, la garantía de 30 días me parece insuficiente para asegurar el cambio a largo plazo. El miedo a la inflación y la incertidumbre económica hacen que sea muy cautelosa con estas inversiones.

[VOTO: NO]
","Para un dueño de restaurante argentino de 50 años, mujer, ENTJ, soltera sin hijos, católica, votante de Kicillof (aunque con pensamiento político de centro-derecha), de nivel socioeconómico alto, educada en universidad pública, con miedo a la inflación y la inseguridad económica, y que disfruta jugando al pádel, las cosas podrían fallar por varios motivos, tanto a nivel personal como en la gestión de su negocio. Aquí hay una crítica constructiva detallada:

**A nivel personal:**

*   **Contradicciones internas y estrés:** La contradicción entre votar a Kicillof (tradicionalmente asociado al centro-izquierda) y tener un pensamiento político de centro-derecha puede generar disonancia cognitiva. Esta tensión interna podría manifestarse como estrés, indecisión o dificultad para priorizar valores, afectando su bienestar general y su capacidad de tomar decisiones racionales para el negocio.
*   **Soledad y falta de red de apoyo personal:** Ser soltera y sin hijos, aunque ofrece libertad, también puede significar una falta de una red de apoyo emocional sólida. En momentos de crisis en el negocio o personales, podría sentirse aislada y carecer de las personas cercanas para compartir sus preocupaciones y obtener consejos imparciales.
*   **Posible desconexión con ciertos empleados/clientes.** Dependiendo de la zona donde se encuentre el restaurante, su nivel socioeconómico y filiación política podría generar una brecha o desconexión con algunos de sus empleados o clientes. Si no maneja esta situación con inteligencia emocional y apertura, podría afectar el clima laboral y la satisfacción de los clientes.
*   **Riesgo de burnout:** Si dedica la mayor parte de su tiempo y energía al restaurante, junto con la falta de una red de apoyo familiar, podría ser vulnerable al burnout. El pádel, si bien sirve como escape, podría no ser suficiente para compensar el estrés constante y la falta de equilibrio entre el trabajo y la vida personal.

**A nivel de gestión del restaurante:**

*   **Falta de adaptación digital:** Si su restaurante no ha adoptado completamente la digitalización, podría estar perdiendo oportunidades cruciales. Esto incluye un sistema de reservas online eficiente, la presencia en redes sociales, el marketing digital, la gestión de inventario basada en datos y el uso de plataformas de delivery y take away. La falta de digitalización la dejaría atrás en un mercado cada vez más competitivo.
*   **Resistencia al cambio y a la innovación:** Dado que la hostelería está en constante evolución, una resistencia al cambio y una falta de innovación en el menú, el ambiente, la experiencia del cliente o el modelo de negocio podrían provocar estancamiento y pérdida de clientes frente a competidores más ágiles y creativos.
*   **Mala gestión financiera:** La inflación argentina requiere una gestión financiera extremadamente cuidadosa. No tener un control preciso de los costos, no ajustar los precios con la frecuencia necesaria, no negociar bien con los proveedores o no tener reservas suficientes en dólares podrían llevar a pérdidas significativas y poner en riesgo la viabilidad del negocio.
*   **Problemas con el personal:** La rotación de personal es común en la hostelería. No tener un buen sistema de reclutamiento, capacitación y retención de empleados (especialmente en un contexto de inflación donde las demandas salariales son altas) puede afectar la calidad del servicio y generar costos adicionales.
*   **Descuidar la experiencia del cliente:** En un mercado saturado, la experiencia del cliente es clave para la diferenciación. Descuidar la calidad de la comida, el servicio, el ambiente o la limpieza podría llevar a malas reseñas y a la pérdida de clientes.
*   **Seguridad:** El temor a la inseguridad económica puede llevar a decisiones financieras conservadoras que limiten el crecimiento del negocio. Sin embargo, descuidar la seguridad física del local y de sus clientes (especialmente en CABA y GBA) puede tener consecuencias graves.

**Factores externos:**

*   **La economía argentina:** La inestabilidad económica, la inflación, las fluctuaciones del dólar, los impuestos altos y las regulaciones laborales complejas son desafíos constantes para cualquier negocio en Argentina.
*   **Competencia:** El sector de la hostelería es muy competitivo, con una gran cantidad de restaurantes, bares y cafeterías que luchan por los mismos clientes.

**En resumen, las cosas podrían fallar si no se abordan las contradicciones internas, se busca una red de apoyo personal, se adopta la digitalización, se innova constantemente, se gestionan las finanzas con precisión, se cuida al personal y a los clientes, y se toman en cuenta los factores externos que afectan a la economía argentina.**
","**[VOTO: SÍ]** Invertiría en tecnología para optimizar la gestión de mi restaurante, buscando mitigar los efectos de la inflación y mejorar la eficiencia ante la inestabilidad económica.
"
Agent_041,ISTJ,NO,ALTA,"¡A ver, veamos qué ofrece esta Megan!

**R1 (Intuición):** Mmm, suena interesante. La idea de un manual blindado y que el equipo resuelva sin molestarme suena como música para mis oídos. La matriz de manejo de crisis me da un poco de tranquilidad, pero... siempre tengo el miedo de que las cosas vuelvan a ser como antes una vez que el consultor se va. La comunidad gastronómica me llama la atención, siempre viene bien intercambiar ideas y conocer proveedores.

**R2 (Análisis de rentabilidad y libertad):** $200.000... Bueno, hay que ver. Si el equipo realmente aprende a manejar las situaciones y evito perder tiempo valioso apagando incendios, a la larga podría ser una inversión rentable. El tema es si esos 3 días de consultoría y el mes de seguimiento realmente logran implementar un cambio duradero. Si no, sería plata tirada. Además, la libertad de no tener que estar encima de todo no tiene precio. Necesito evaluar si realmente el sistema propuesto se adapta a mi restaurante y no es algo genérico. Tengo dudas.

**Veredicto:** [VOTO: NO]
","Entiendo el contexto. Como Dueña de Restaurante Argentina de 62 años, con un perfil ISTJ, divorciada, evangélica, votante de Milei, con educación universitaria pública, pensamiento conservador/liberal, miedo a la inflación e inseguridad económica, y aficionada al fútbol 5, estas son algunas de las razones por las que una iniciativa o estrategia podría fallar:

**Considerando el mido a la inflación y la inseguridad económica (ADN de Dolor):**

*   **Estrategias de marketing costosas con retorno incierto:** Programas de fidelización elaborados, campañas publicitarias masivas en medios tradicionales (radio, TV) si no se pueden medir ROI con precisión y garantizar resultados rápidos. La necesidad primordial es proteger el capital.
*   **Inversiones significativas en tecnología no probada:** Implementar un nuevo sistema de gestión de inventario o reservas sin una fase de prueba y capacitación adecuada. La aversión al riesgo y la necesidad de eficiencia pueden sabotear la adopción.
*   **Expansiones o remodelaciones ambiciosas:** Abrir una nueva sucursal o renovar el local si no se tiene un análisis financiero sólido que contemple escenarios de inflación galopante o recesión. La cautela financiera es clave.
*   **Ignorar el ""valor por dinero"" para el cliente:** Aumento significativo de precios sin justificación en la calidad o experiencia. Los clientes pueden optar por alternativas más económicas, incluso si implica sacrificar algo de calidad.
*   **No tener un ""plan B"" ante la volatilidad económica:** Depender de un solo proveedor, no tener reservas financieras, o no explorar alternativas de financiamiento ante fluctuaciones de costos.

**Considerando el perfil ISTJ (Introvertido, Sensorial, Pensador, Juicioso):**

*   **Falta de planificación detallada:** Lanzar un nuevo menú o promoción sin un análisis exhaustivo del mercado, costos y logística. Los ISTJ valoran la estructura y la previsibilidad.
*   **Resistencia al cambio:** Ignorar las tendencias del mercado o las nuevas tecnologías por apego a las formas tradicionales de operar. La comodidad con lo conocido puede impedir la adaptación.
*   **Falta de comunicación clara y concisa:** Delegar tareas sin instrucciones precisas, o no comunicar de manera efectiva las expectativas al personal. Los ISTJ necesitan directrices claras y un ambiente ordenado.
*   **Ignorar la retroalimentación del personal o los clientes:** No implementar mejoras basadas en sugerencias o quejas debido a una actitud inflexible. La mejora continua es esencial para el éxito.
*   **Rodearse solo de personas que validen mis ideas:** No buscar perspectivas diferentes o desafiantes para evitar conflictos. El pensamiento crítico y la innovación pueden verse sofocados.

**Considerando el contexto sociopolítico (votante de Milei):**

*   **Estrategias que ignoren la base de votantes de Milei:** Promociones o campañas que vayan en contra de la ideología de libre mercado, baja intervención estatal, austeridad, etc. Podría haber un rechazo por parte de la clientela que comparte esa visión.
*   **No considerar el impacto social de las decisiones:** Ignorar la situación económica de la población o no ofrecer opciones accesibles para diferentes presupuestos. La desconexión con la realidad puede generar críticas.
*   **No estar preparada para cambios regulatorios:** No anticipar posibles reformas laborales, impositivas o de política económica que puedan afectar al rubro gastronómico. La adaptación es fundamental.

**Considerando la edad y experiencia:**

*   **Subestimar la importancia del marketing digital:** No tener una presencia online efectiva, o no utilizar las redes sociales para conectar con clientes más jóvenes. La relevancia en el mundo digital es crucial.
*   **Apego a métodos tradicionales de gestión:** No digitalizar procesos, o no adoptar herramientas tecnológicas para mejorar la eficiencia operativa. La modernización es un factor clave para la competitividad.
*   **No delegar responsabilidades:** Intentar controlar todos los aspectos del negocio sin confiar en el personal. El agotamiento y la falta de tiempo pueden afectar la toma de decisiones.

**Considerando el ocio (fútbol 5):**

*   **Descuidar el equilibrio entre trabajo y vida personal:** Priorizar el negocio sobre el tiempo libre y las relaciones personales. El agotamiento puede afectar la salud y la productividad.
*   **No aprovechar el networking:** No utilizar las relaciones sociales del fútbol 5 para promocionar el negocio o colaborar con otros emprendedores. Las conexiones pueden ser muy valiosas.

En resumen, cualquier estrategia que falle en considerar la aversión al riesgo financiero, la necesidad de estructura y planificación, el contexto sociopolítico actual, la importancia del marketing digital, y la necesidad de un equilibrio entre trabajo y vida personal, tiene altas probabilidades de fracasar. La clave es la cautela, la adaptación, la comunicación clara, la eficiencia y la planificación meticulosa.
","[VOTO: NO] No considero que este programa de beneficios se alinee con mis prioridades actuales, dado mi miedo a la inflación y la necesidad de controlar los costos operativos de mi restaurante.
"
