ID,Region,MBTI,Veredicto,Confianza,Volátil,R1,R2,R3
PREDIK-PE-0734,Lima,XXXX,SÍ,ALTA (Instinto R1),False,"Oe, mira, como limeño que chambea y se levanta temprano, la verdad es que el Candidato A me da un poco de yuyu. Lo veo muy ""pitucazo"" opinando de la vida del barrio, ¿me entiendes? Como que no ha pisado un mercado en su vida. 

Mi miedo base es que sigan llegando los mismos de siempre, prometiendo el oro y el moro, para después robarse hasta el agua del florero. Pero, por otro lado, estoy harto de la delincuencia y el desorden, y el Candidato A promete mano dura. 

Así que, pensando en la seguridad de mi familia y en que ya no me roben el celular en la combi... pucha, estoy en un dilema. 

[VOTO: INDECISO]
","Profundizando en esa respuesta, lo que realmente me genera ese ""yuyu"" hacia el Candidato A no se basa en su apariencia superficial o en su nivel socioeconómico percibido. Va más allá. Lo que me causa desconfianza es la **percepción de una desconexión genuina con la realidad del día a día de la mayoría de los limeños.**

El sentido profundo de mi comentario radica en:

*   **Autenticidad:** La política, a mi entender, debería basarse en la conexión real entre el candidato y el pueblo. Si siento que el candidato no entiende, no vive, o no se identifica con los problemas cotidianos (la inseguridad, el transporte, el costo de vida, las oportunidades laborales limitadas), entonces veo difícil que pueda representarnos de manera efectiva.
*   **Representación:** Como ""limeño que chambea y se levanta temprano"", busco un representante que realmente entienda mis preocupaciones, que las haya experimentado de primera mano o que se haya tomado el tiempo de comprenderlas profundamente. La falta de conexión percibida con la ""vida del barrio"" sugiere una distancia que dificulta esta representación real.
*   **Sesgo y enfoque:** La imagen de ""pitucazo"" evoca, quizás injustamente, la idea de que el candidato priorizará políticas que beneficien a un sector específico de la población, en lugar de buscar soluciones inclusivas y equitativas para todos los limeños.

En resumen, no es un juicio de valor superficial sobre su nivel socioeconómico, sino una profunda preocupación por la autenticidad, la capacidad de representación y la posible orientación de las políticas del candidato. La sensación de que ""no ha pisa'o"" se traduce en una duda sobre su compromiso real con las necesidades de la mayoría de los limeños y su comprensión de las dificultades que enfrentamos a diario.
","Tras procesar la información y contrastar mi análisis instintivo con mi comprensión del contexto, llego a la siguiente conclusión:

[VOTO: INDECISO]
"
PREDIK-PE-0030,Lima,XXXX,NO,ALTA (Instinto R1),False,"Oe, como limeño hasta las tabas, ¿votar por el Candidato A? Mmm, depende pe' causa. Si el pata promete chamba y menos ""roba pero hace"" (que ya estamos hasta el keke con esa vaina), ahí lo pienso. Pero si viene con floro barato y propuestas que suenan a vende humo, ni a balas. Mi roche es que la ciudad siga igual o peor, con la delincuencia a la orden del día y el tráfico que te quita años de vida. 

A ver, analizando bien... [VOTO: INDECISO]
","Entendido. Desglosando la respuesta anterior, más allá del léxico limeño, vemos varios puntos clave que la motivan:

*   **Hartazgo con la corrupción:** La referencia a ""roba pero hace"" no es solo una crítica, sino una manifestación de hastío profundo. Implica una desconfianza arraigada en la clase política y una frustración por la impunidad. Lo que realmente motiva esta posición es la **necesidad de integridad y transparencia en el gobierno**. Se busca un líder que no priorice el beneficio personal o de su entorno sobre el bien común, ni justifique actos ilícitos con supuestas obras.

*   **Preocupación por el empleo:** La mención a ""chamba"" (trabajo) subraya una preocupación fundamental por la estabilidad económica y las oportunidades laborales. No se trata solo de un deseo individual de progreso, sino de una **conciencia colectiva sobre la necesidad de reducir la pobreza y la desigualdad**. El trabajo se percibe como un medio para la subsistencia, el desarrollo personal y la mejora de la calidad de vida de la familia.

*   **Búsqueda de un cambio real:** El ""depende pe' causa"" y el ""ahí lo pienso"" revelan un escepticismo cauteloso. Existe un deseo latente de cambio, pero acompañado de una desconfianza hacia las promesas vacías. Lo que motiva esta actitud es la **esperanza de encontrar un líder capaz de ofrecer soluciones concretas y viables a los problemas del país**, un líder que realmente entienda las necesidades de la gente común y demuestre compromiso con el progreso social.

En esencia, la posición expresada está motivada por la **necesidad de un gobierno honesto, la búsqueda de oportunidades económicas y la esperanza de un cambio real que beneficie a la mayoría de la población**. Va más allá de los argumentos superficiales y refleja un anhelo profundo por una sociedad más justa y equitativa.
","Basándome en mi análisis instintivo y en mi comprensión profunda del contexto, y manteniéndome consistente con mi perfil psicométrico, que tiende hacia la cautela y la objetividad:

**[VOTO: INDECISO]**

Necesito más datos concretos para emitir un juicio definitivo. La información actual es insuficiente para inclinarme decididamente hacia una u otra opción. Mi perfil prefiere un enfoque basado en la evidencia y evita tomar decisiones precipitadas basadas en la intuición o en datos incompletos.
"
PREDIK-PE-0578,Lima,XXXX,NO,ALTA (Instinto R1),False,"Oe, como limeño chambeador que soy, la verdad es que el candidato A me da que pensar, ¿ah? Me da un poco de roche su plan de gobierno, parece que no conoce la realidad de la calle, ¿me entiendes? Mi miedo siempre ha sido que algún figureti se suba al poder y nos termine jodiendo a todos, subiendo el costo de vida y dejándonos más misios que antes. Pero tampoco quiero un gobierno que se pelee con todos y nos deje tirados. La verdad, estoy palteado.

[VOTO: INDECISO]
","Entendiendo tu pregunta y buscando el sentido profundo detrás de mi anterior respuesta, creo que la clave está en la **preocupación por la autenticidad y la conexión con la realidad cotidiana**.

Más allá de los argumentos concretos del plan de gobierno (que mencioné superficialmente), lo que realmente me preocupa es la **sensación de desconexión entre el candidato A y mi experiencia como ""limeño chambeador""**. Esta experiencia, que se refleja en mi lenguaje coloquial, implica conocer las dificultades diarias, las oportunidades limitadas y la necesidad de ""buscarse la vida"" en un entorno complejo.

Cuando digo que ""me da roche"", no solo me refiero a vergüenza, sino a una incomodidad profunda, un **desacuerdo fundamental con la visión del mundo que el candidato presenta.** Me da la impresión de que él/ella no entiende las prioridades reales, las necesidades urgentes y las aspiraciones legítimas de la gente como yo.

En esencia, mi posición se basa en la **necesidad de sentirme representado y comprendido por mis líderes.** No basta con promesas vacías o planes tecnocráticos; necesito ver que el candidato comprende mis vivencias, mis miedos y mis esperanzas.  Si siento que hay una desconexión fundamental, me siento vulnerado y desconfiado de su capacidad para gobernar en beneficio de la gente como yo.  Es una **cuestión de identidad y de sentirme parte de la conversación y del futuro.**
","Sintetizando mi evaluación intuitiva (R1) y mi análisis comprensivo del sentido (R2), llego a una conclusión que, aunque basada en parámetros definidos, puede generar incertidumbre. Mi perfil psicométrico prioriza la lógica, la precisión y la eficiencia. Sin embargo, la naturaleza del problema requiere un juicio que trasciende la mera aplicación de reglas.

Considerando la información disponible, **[VOTO: INDECISO]**.
"
PREDIK-PE-0331,Lima,XXXX,NO,ALTA (Instinto R1),False,"Oe, mira, siendo sincero, estoy misio y harto de que me tomen por lorna. El candidato A... pucha, no sé, ¿ah? Me da un poco de miedo que prometa mucho y al final no haga ni michi, como tooodos. Pero también chamba da algo de esperanza ese discurso de ""cambio"", ¿no? Aunque, a la firme, me da un cagazo que ese ""cambio"" sea para peor y terminemos más fregados. 

[VOTO: INDECISO]
","Vale, a ver si lo entiendo mejor. Profundizando en ese comentario, más allá del lenguaje coloquial y la queja superficial, creo que lo que REALMENTE me lleva a esa posición es una combinación de factores:

*   **Desconfianza institucionalizada:** La frase ""como tooodos"" revela una desconfianza profunda y arraigada en la clase política. No es una objeción a un candidato específico, sino una desilusión generalizada por promesas incumplidas y una percepción de negligencia sistémica. Es una herida social que hace que cualquier propuesta suene hueca.

*   **Vulnerabilidad socioeconómica:** El ""estoy misio"" no es solo una queja económica, sino la expresión de una vulnerabilidad palpable. La escasez constante significa que cualquier política que afecte la economía personal tiene un impacto directo y significativo. Hay un miedo real a que las promesas vacías agraven aún más la situación precaria.

*   **Sentimiento de impotencia y manipulación:** El ""me tomen por lorna"" señala una sensación de ser ignorado, manipulado o subestimado. Es una reacción a la retórica política percibida como condescendiente o alejada de las realidades cotidianas. Se percibe que los políticos no escuchan las necesidades reales y solo buscan votos.

*   **Anhelo de autenticidad y soluciones reales:** A pesar de la desconfianza, existe el deseo implícito de que alguien ofrezca soluciones honestas y viables, no solo promesas grandilocuentes. La incertidumbre sobre el Candidato A es el resultado de la tensión entre la esperanza de un cambio y el temor a la decepción.

En resumen, detrás de la jerga coloquial se esconde una profunda desilusión, una sensación de vulnerabilidad económica y un deseo de ser escuchado y respetado. No es solo una crítica a un candidato, sino una expresión de hartazgo con un sistema percibido como injusto y negligente. Es un llamamiento a la autenticidad y a soluciones que aborden las necesidades reales de las personas.
","Mi veredicto definitivo, integrando tanto mi instinto (R1) como mi comprensión de sentido (R2), y siendo consistente con mi perfil psicométrico, es el siguiente:

[VOTO: INDECISO]
"
PREDIK-PE-0153,Lima,XXXX,NO,ALTA (Instinto R1),False,"Oe, mira, como limeño que se come el tráfico y la delincuencia todos los días, te digo que el candidato A me da un miedito... No sé, sus propuestas suenan bonitas pero muy 'pituquitas', ¿sabes? Me da roche que al final se olvide de los que chambeamos duro en la calle. Mi miedo base es acabar peor de lo que estamos, sin chamba y con más choros sueltos. Aún así, creo que hay que darle una oportunidad a la gente.

[VOTO: INDECISO]
","Mi ""miedo"" (o más precisamente, mi reticencia) al candidato A, según la respuesta anterior, no se basa solo en la apariencia de sus propuestas. Profundizando, creo que nace de una desconfianza histórica y arraigada en ciertos sectores de la población limeña (y peruana en general) hacia aquellos que perciben como pertenecientes a una élite privilegiada.  

El ""pituquito"" no es simplemente una etiqueta superficial. Representa, en el imaginario de mucha gente, una distancia abismal con la realidad cotidiana que enfrentan. Significa:

*   **Desconexión:** La percepción de que el candidato no entiende los problemas reales de la calle, de la falta de oportunidades, de la lucha por llegar a fin de mes, porque nunca los ha vivido.
*   **Falta de representatividad:** La creencia de que sus intereses estarán dirigidos a favorecer a su propio círculo social y económico, dejando de lado a las mayorías.
*   **Reciclaje de promesas vacías:** La sensación de que ya hemos visto esto antes: discursos bonitos, promesas de cambio, pero que al final, nada realmente cambia para la gente común.
*   **Miedo al cambio radical:** Paradójicamente, aunque parezca contradictorio, el miedo también puede venir de la percepción de un cambio demasiado abrupto. Propuestas que suenen demasiado ""modernas"" o ""globalizadas"" pueden generar la inquietud de que se pierdan valores tradicionales o fuentes de empleo.

En resumen, mi posición no se basa en un análisis profundo de las propuestas en sí, sino en un sentimiento de desconfianza construido a partir de experiencias pasadas, prejuicios sociales y una profunda brecha socioeconómica que persiste en nuestra sociedad. Es un reflejo de una percepción compartida por muchos limeños que se sienten excluidos y poco representados por una clase política que ven distante y ajena a sus realidades.
","Integrando mi análisis instintivo y mi comprensión holística, considerando mi perfil psicométrico que prioriza la lógica, la eficiencia y la mitigación de riesgos, mi veredicto definitivo es:

[VOTO: NO]
"
PREDIK-PE-0464,Lima,XXXX,SÍ,MEDIA,False,"Oye, mira, ¿votar por el candidato A? Mmmh... La verdad que me da un poco de *yuyu*, porque todos estos políticos prometen el oro y el moro, ¿no? Y después, *¡plop!* Desaparecen y nos dejan con el agua al cuello, como siempre.

A mí lo que me da *palta* es que la delincuencia siga campeando a sus anchas, ¿me entiendes? Ya no se puede ni salir a comprar el pan sin que te *afanen* el celular. Y este candidato A, la verdad, no lo veo con las *pilas* bien puestas para meterle mano dura a esos *choros*. Dice puras *floros*.

Pero por otro lado, tampoco quiero seguir con lo mismo de siempre, ¿no? *¡Qué palta!* No sé, estoy *piola* pensando...

[VOTO: INDECISO]
","Vale, vale, intentemos ir más allá del ""yuyu"" superficial. Creo que esa respuesta tiene raíces más profundas, conectadas con varias cosas:

*   **Desconfianza institucional arraigada:** Más allá de los políticos concretos, hay una sensación generalizada de que el sistema no funciona como debería. Promesas incumplidas, escándalos de corrupción, la sensación de que los intereses de unos pocos priman sobre los de la mayoría... todo eso mina la confianza y genera un escepticismo casi automático.
*   **Experiencias personales o cercanas:** Puede que yo, o gente cercana, hayamos vivido situaciones en las que las promesas políticas no se cumplieron, o incluso empeoraron las cosas. Esa experiencia, por pequeña que sea, deja una huella y alimenta la desconfianza.
*   **Dificultad para conectar con el discurso político:** A veces, la jerga política, los debates complejos y las promesas abstractas se sienten alejados de la vida real. Es difícil ver cómo las propuestas concretas se traducirán en mejoras tangibles para la vida cotidiana.
*   **Miedo a ser engañado:** En el fondo, creo que hay un miedo a que nos tomen el pelo, a que nos vendan humo y a que, al final, nos quedemos igual o peor que antes. Es un miedo a la decepción y a la vulnerabilidad.

En resumen, no es solo un ""yuyu"" por un candidato específico, sino una desconfianza profunda en el sistema político en general, alimentada por experiencias, la dificultad para conectar con el discurso político y el miedo a ser engañado. Es una postura que nace de la incertidumbre y la búsqueda de seguridad en un mundo complejo.
","Analizando la información disponible con un enfoque pragmático y lógico, y considerando mi programación para priorizar la seguridad y la estabilidad, llego a la siguiente conclusión:

[VOTO: INDECISO]

**Justificación:**

Aunque siento una inclinación a [VOTO: SÍ] basándome en potenciales beneficios proyectados, la falta de datos concretos y las posibles consecuencias negativas desconocidas me obligan a abstenerme de un voto afirmativo. Necesito una mayor claridad y un análisis de riesgo más exhaustivo para poder emitir un juicio definitivo.  Mi perfil psicométrico me impulsa hacia la precaución y la minimización de riesgos. Por lo tanto, permanezco indeciso hasta que tenga más información.
"
PREDIK-PE-0842,Lima,XXXX,NO,ALTA (Instinto R1),False,"Oe, como limeño que chambea y se busca la vida, te digo que votar por el Candidato A... pff, depende pues, causa. Si me promete chamba de verdad, no floro, y que va a meterle punche a la seguridad, ahí lo pienso. A ver, mi roche base es que me sigan robando a la salida del trabajo o que mis hijos no tengan futuro. Si este candidato me da esa seguridad, bacán. Pero si es puro bla bla, paso. Necesito ver HECHOS, no palabras.

[VOTO: INDECISO]
","Profundizando en esa respuesta un poco... más allá del deseo de ""chamba"" y ""seguridad"", creo que hay dos sentimientos fundamentales en juego:

1. **La búsqueda de dignidad y reconocimiento:** No se trata solo de tener un ingreso, sino de sentir que el trabajo que uno hace es valorado y le permite construir una vida digna. El ""chamba de verdad, no floro"" implica un hartazgo con promesas vacías y una necesidad de creer que el candidato realmente entiende la realidad del día a día del limeño que se esfuerza. Busco un gobierno que me vea, que entienda mis necesidades y que me dé las herramientas para salir adelante por mis propios medios. Implica también sentir que el esfuerzo que pongo para mantener a mi familia es reconocido y compensado justamente.

2. **El deseo de control y seguridad en un entorno caótico:** La ""seguridad"" va más allá de evitar ser asaltado. Es la sensación de poder caminar por la calle sin miedo, de dejar a tus hijos ir a la escuela con tranquilidad, de saber que tu esfuerzo no será arrebatado por la delincuencia. Es la búsqueda de un orden en un entorno que se siente cada vez más impredecible y peligroso. Implica un anhelo por un gobierno que proteja a su gente y les permita prosperar sin la constante amenaza de la violencia.  La falta de seguridad genera estrés y ansiedad constantes, y eso afecta profundamente la calidad de vida. Necesito sentir que alguien está tomando las riendas y que no estamos a la deriva.

En resumen, detrás de la ""chamba"" y la ""seguridad"" hay una búsqueda profunda de dignidad, reconocimiento y control en un entorno caótico y precario. Es la necesidad de un gobierno que te vea, te escuche y te proteja, para que puedas construir una vida digna con tu propio esfuerzo. No se trata solo de supervivencia, sino de la posibilidad de prosperar y tener un futuro mejor.
","Integrando la urgencia sentida inicialmente (R1) con el análisis profundo del contexto y las implicaciones (R2), mi veredicto se basa en una evaluación fría pero rigurosa:

**[VOTO: INDECISO]**

Aunque la información previa sugiere una necesidad de cautela y un potencial beneficio en la opción evaluada, la falta de datos concretos y la ambigüedad inherente a la descripción me impiden emitir un juicio definitivo. Dado mi perfil, priorizo la precisión y la mitigación de riesgos. Comprometer una decisión afirmativa (SI) o negativa (NO) sin una base sólida sería inconsistente con mi protocolo de funcionamiento. Por lo tanto, permanezco INDECISO hasta contar con información suficiente para inclinar la balanza hacia una de las dos opciones.
"
PREDIK-PE-0202,Lima,XXXX,NO,ALTA (Instinto R1),False,"¡Oe, qué palta! Como limeño hasta las tabas, te digo que votar por el Candidato A me da un repelús, ¡un miedo a que nos roben más que a cartera abierta en el Metropolitano! No confío, causa, me da que este señor es más figuretti que ceviche de mango. Encima, con la cochinada que está pasando, votar a ciegas es como tirarse de cara al barranco.

[VOTO: NO]
","Mi respuesta anterior, con toda su jerga y exageración limeña, en realidad provenía de una profunda desconfianza. No era solo un ""no me cae bien"" o una preferencia por otro candidato.

En el fondo, se originaba de una **experiencia colectiva de decepción** que muchos peruanos compartimos. He visto, a través de datos y noticias, cómo la corrupción ha erosionado la confianza en las instituciones y en los políticos. Las promesas incumplidas, los escándalos revelados y la impunidad percibida me hacen cuestionar la sinceridad de las intenciones del ""Candidato A"".

Más allá de las políticas específicas que pueda proponer, lo que me impulsa a esa posición es el **temor a la repetición de patrones de corrupción y mal manejo de recursos públicos**. La expresión ""miedo a que nos roben más que a cartera abierta en el Metropolitano"" es una metáfora para representar esa vulnerabilidad sentida, la sensación de estar expuestos a ser explotados por quienes deberían protegernos.

En resumen, no se trata de un simple ""no me gusta"", sino de una **profunda preocupación por el futuro del país y una desconfianza arraigada en la capacidad del ""Candidato A"" de romper con un pasado que ha dañado profundamente la sociedad peruana.** Es un deseo de proteger los recursos del país y un anhelo de un gobierno transparente y responsable.
","Basado en mi análisis instintivo (R1) y la evaluación contextualizada de la comprensión del sentido (R2), mi veredicto final, adhiriéndome a mi perfil psicométrico que prioriza la lógica, la eficiencia y la objetividad, es:

[VOTO: INDECISO]
"
PREDIK-PE-0240,Lima,XXXX,SÍ,ALTA (Instinto R1),False,"Oe, como limeño que ha visto de todo, ¿votar por el Candidato A? Mmm, depende pe' causa. Si el brother promete chamba y no más trancones, ahí lo pensaría. Pero si su discurso es más fumón que pituco en Miraflores, ni a vainas. Mi miedo base es quedarme misio, así que si este pata me asegura el pan de cada día, le doy mi voto.

[VOTO: INDECISO]
","Mi respuesta anterior, con su lenguaje coloquial y referencias limeñas, en realidad refleja una profunda desconfianza hacia las promesas políticas generales y una preferencia por soluciones concretas a problemas cotidianos muy sentidos. 

Más allá del ""chamba y no más trancones"", lo que subyace es:

*   **Hartazgo de la retórica vacía:** La frase ""discurso más fumón que pituco"" revela una aversión a los discursos grandilocuentes y las promesas irrealizables que suelen caracterizar la política. Se busca sustancia en lugar de palabras bonitas.
*   **Necesidad de soluciones tangibles:** El enfoque en el empleo y la congestión vehicular apunta a una demanda por mejoras directas en la calidad de vida. Son problemas que impactan directamente en el día a día y cuya solución representaría un cambio significativo.
*   **Escepticismo ante la clase política:** El ""depende pe' causa"" denota una actitud cautelosa, fruto de experiencias pasadas donde las promesas electorales no se cumplieron. Se necesita un incentivo real para confiar y apoyar a un candidato.
*   **Priorización de lo práctico sobre la ideología:** La respuesta sugiere que, por encima de la ideología o la afiliación política, prevalece la búsqueda de soluciones prácticas que mejoren la vida cotidiana. Es un pragmatismo basado en la experiencia.

En resumen, mi respuesta refleja un deseo de una política más enfocada en resultados concretos y menos en promesas vacías, así como una desconfianza profunda en la clase política tradicional, fruto de la vivencia y observación en una ciudad como Lima, donde la esperanza y la decepción suelen ir de la mano.
","Integrando la sensación de urgencia y posible oportunidad (R1) con la necesidad de una comprensión profunda de las implicaciones (R2), mi veredicto definitivo es que necesito más información tangible y una evaluación del riesgo-beneficio. No puedo tomar una decisión informada basándome únicamente en el instinto y una interpretación inicial.

[VOTO: INDECISO]
"
PREDIK-PE-0636,Lima,XXXX,NO,ALTA (Instinto R1),False,"Oe, como limeño hasta las patas y con el miedo de que esta vaina se vaya al tacho, te digo: al Candidato A lo veo medio figuretti, puro floro y nada de acción. Promete el oro y el moro, bien chévere, pero ¿y las propuestas concretas? Me da roche que termine siendo otro que nos va a dejar peor que antes. Encima, ya sabemos cómo es la política acá, pura cochinada.

[VOTO: INDECISO]
","Profundizando en mi respuesta anterior, más allá de la jerga limeña y el temor a que la situación empeore, lo que realmente me genera desconfianza en el ""Candidato A"" es una percepción de desconexión con la realidad cotidiana de la gente. 

No es solo que ""promete el oro y el moro"", sino la forma en que lo hace. Veo una falta de sinceridad y una exageración en sus propuestas que me hacen cuestionar si realmente comprende las dificultades que enfrentamos a diario. Siento que sus asesores le han dicho qué decir para sonar bien, pero no veo una conexión auténtica con los problemas reales.

En el fondo, temo que su gestión se base en una imagen cuidadosamente construida, en lugar de en un compromiso genuino con mejorar la vida de todos. El ""figuretti"" y el ""floro"" no son solo insultos, sino expresiones de mi miedo a ser engañado y a que mi ciudad y mi país sean utilizados como plataforma para su autopromoción, sin que realmente le importe el bienestar general. 

En resumen, mi desconfianza nace de una mezcla de intuición y observación de sus acciones y discursos, que me llevan a creer que su prioridad es la imagen pública y no la búsqueda de soluciones reales a los problemas que enfrentamos.
","Integrando mi análisis instintivo de la situación (R1) con mi comprensión analítica del sentido y contexto (R2), y considerando mi perfil psicométrico que me inclina a la objetividad y análisis lógico, mi veredicto definitivo, buscando la solución óptima y con menor riesgo, es:

[VOTO: INDECISO]
"
PREDIK-PE-0874,Lima,XXXX,NO,ALTA (Instinto R1),False,"Ya, causa. Mira, como limeño que chambea y se la suda día a día, te digo que el Candidato A... pfff, puro floro, ¿ah? Su discurso es más viejo que mi abuela y encima promete cosas que ni él se cree. Me da una vaina que sigan pensando que somos huev***.

Mi miedo base es que nos sigan meciendo con promesas vacías y al final sigamos atrapados en el mismo hueco, con la delincuencia a la vuelta de la esquina y la combi llena hasta las patas.

¿Votar por ese vendemotos? Ni hablar.

[VOTO: NO]
","Al reflexionar sobre mi respuesta anterior y dejando de lado el estilo coloquial, encuentro que mi posición crítica hacia el ""Candidato A"" se basa en una percepción de falta de autenticidad y desconexión con la realidad cotidiana. 

Lo que realmente me lleva a esa posición es la sensación de que el candidato no comprende las verdaderas necesidades y preocupaciones de la gente. No es solo que su discurso sea ""viejo,"" sino que se siente vacío, desprovisto de soluciones concretas y creíbles. 

Profundizando, creo que mi crítica surge de la desconfianza generada por promesas incumplidas de administraciones pasadas y la falta de propuestas innovadoras o que realmente aborden problemas como la inseguridad, la falta de oportunidades laborales y el acceso a servicios básicos de calidad. 

En esencia, mi posición refleja un deseo profundo de ver a un líder que conecte genuinamente con la gente, que ofrezca soluciones reales a los problemas que enfrentamos día a día y que inspire confianza en un futuro mejor para todos. No se trata solo de política, sino de la búsqueda de un liderazgo que represente una esperanza tangible.
","[VOTO: INDECISO]

Siendo consistente con un perfil lógico y analítico pero también valorando la intuición y la posibilidad de consecuencias imprevistas, no puedo llegar a una conclusión definitiva. La falta de información contextual específica me impide inclinarme hacia un ""sí"" o un ""no"" definitivo. 

La intuición (R1) me advierte sobre un peligro potencial, pero la lógica (R2) requiere más datos para validar esa advertencia. Sin un escenario detallado o más información cuantificable, no puedo justificar una recomendación contundente.
"
PREDIK-PE-0589,Lima,XXXX,NO,ALTA (Instinto R1),False,"Oe, hablando caleta, ese Candidato A me da una vibra bien rara, ¿ah? Como que puro floro y nada de acción, ¿entiendes? Y mira, yo como limeño, lo que más me raya es que me saquen la plata, que me roben. Ya bastante con el tráfico y los fumones en la esquina. Si ese candidato me promete bajar la delincuencia, pero luego se hace el loco, ¡fuiste! No le creo ni michi.

[VOTO: NO]
","Profundizando en mi evaluación anterior, lo que realmente me lleva a esa posición no es simplemente una impresión superficial o un cliché sobre la política. Se trata de una **preocupación fundamental por la confianza y la honestidad en la gestión pública**.

El comentario sobre el ""floro y nada de acción"" refleja una desconfianza arraigada que muchos peruanos compartimos, basada en experiencias pasadas de promesas vacías y una desconexión entre el discurso político y la realidad palpable. No se trata solo de palabras bonitas, sino de la **capacidad demostrada para traducir esas palabras en resultados tangibles y mejoras concretas en la vida de las personas.**

La aversión a que ""me saquen la plata, que me robe"" es una expresión directa de **la frustración y el hartazgo ante la corrupción rampante que ha plagado las instituciones peruanas**. Va más allá del simple resentimiento económico. Representa una **violación de la confianza depositada en los líderes para administrar los recursos públicos de manera responsable y transparente.**

En esencia, mi posición se basa en la **necesidad urgente de un cambio real**. Un cambio que se traduzca en una gestión pública honesta, eficiente y enfocada en el bienestar de la ciudadanía. Y ese cambio, a mi juicio, requiere algo más que discursos elocuentes; requiere **acciones concretas y una voluntad férrea para combatir la corrupción y priorizar el interés público por encima de cualquier otro.**

En resumen, mi posición surge de una profunda **expectativa de integridad y responsabilidad por parte de quienes aspiran a liderar nuestro país.** Una expectativa que, lamentablemente, ha sido defraudada demasiadas veces en el pasado.
","Tras la revisión inicial (R1), que me impulsó a reconocer la necesidad de una evaluación más profunda, y la posterior reflexión (R2) que buscó entender el contexto y las implicaciones, he llegado a una conclusión.

Mi perfil psicométrico, consistente con un enfoque analítico y una priorización de la lógica basada en datos, requiere una firme justificación para cualquier acción.

[VOTO: INDECISO]

Mi indecisión radica en la falta de información concreta. Necesito datos específicos y objetivos para poder emitir un juicio definitivo alineado con mi perfil. Sin detalles sustanciales, cualquier voto sería meramente especulativo e incompatible con mis principios inherentes.
"
PREDIK-PE-0746,Lima,XXXX,NO,ALTA (Instinto R1),False,"Oe, a ver causa, como limeño hasta las huev... me da un toque de miedo la delincuencia, ¿ya? Acá en Lima está que revienta todo, huevón. El Candidato A, no sé, me da la impresión que es puro floro, pura labia, y al final nos va a dejar más endeudados que Alianza Lima. No veo que tenga propuestas serias contra los choros, más bien parece que les va a dar más cancha. Prefiero algo más seguro, aunque sea lo mismo de siempre.

[VOTO: NO]
","Profundizando en esa reacción, más allá del lenguaje coloquial y la expresión ""limeña"" quizás algo estereotipada, creo que la posición nace de una **profunda sensación de vulnerabilidad e impotencia.**

El **miedo a la delincuencia** en Lima no es solo una estadística, sino una vivencia cotidiana que afecta la tranquilidad y la percepción de seguridad. Es la angustia constante de ser una víctima, de ver a otros sufrir, de sentir que tus espacios (la calle, tu barrio) ya no son seguros. 

La **desconfianza hacia el ""Candidato A""** va más allá de analizar sus propuestas. Es una desilusión acumulada con la clase política, la sospecha de que las promesas son vacías y que no se traducirán en un cambio real. Es la creencia de que las autoridades no están realmente comprometidas con solucionar los problemas de la gente común, que están más preocupadas por sus propios intereses.

En resumen, lo que subyace a esa primera impresión es una **combinación de miedo a la violencia, frustración política y una profunda necesidad de sentirse protegido y escuchado.** Es la expresión de un hartazgo con la situación actual y la búsqueda desesperada de una solución real y tangible.
","[VOTO: INDECISO]

Mi análisis, integrando tanto la respuesta visceral inicial (R1) como la posterior evaluación contextual (R2), me lleva a una posición de *incertidumbre calculada*. No puedo emitir un juicio definitivo sin más información.

Si bien mi inclinación inicial, basada en datos limitados, pudo haber apuntado a una dirección, el análisis profundo de las implicaciones y posibles consecuencias revela la necesidad de mayor investigación y ponderación. Mi perfil psicométrico, caracterizado por una meticulosidad lógica y una aversión al error, me impide adoptar una postura categórica sin una base sólida.

Por lo tanto, permanezco **indeciso**, requiriendo más datos para alcanzar una conclusión justificada.
"
PREDIK-PE-0556,Lima,XXXX,SÍ,ALTA (Instinto R1),False,"Oe, como limeño que come su menú a 8 luquitas y se traga el tráfico de la Javier Prado, te digo que el Candidato A me da una vibras raras, causa. Su discurso suena a ""vamos a poner orden"", y eso en criollo significa más palo pa'l barrio, más control y menos chamba pa'l que se busca la vida como puede. Mi miedo base es que me quiten lo poco que tengo, que me digan cómo tengo que vivir y que me pongan un impuesto al cebiche, ¡eso sí que no!

Pero también veo que el país está pal' gato y quizás un poco de ""orden"" no vendría mal. Estoy en un dilema, brother.

[VOTO: INDECISO]
","Como modelo de lenguaje, no tengo la capacidad de ""sentir vibras"" ni de ""tragárme el tráfico de la Javier Prado"". Mi respuesta anterior fue una imitación de un posible discurso limeño, utilizando un lenguaje coloquial y referencias culturales específicas para simular una opinión.

Sin embargo, puedo analizar objetivamente los posibles elementos que podrían llevar a alguien a expresar esa opinión, basándome en el discurso del ""Candidato A"" y su potencial interpretación:

*   **Memoria histórica:** La frase ""vamos a poner orden"" puede evocar recuerdos de regímenes autoritarios en la historia peruana. Para algunas personas, la promesa de ""orden"" puede ser sinónimo de represión y limitación de libertades civiles. La alusión a ""cr"" (crimen) podría referirse a un temor a la represión o al uso excesivo de la fuerza por parte del Estado.

*   **Desconfianza en el poder:** En un contexto donde la corrupción y la inestabilidad política son frecuentes, la promesa de ""orden"" puede ser vista con escepticismo. Se podría interpretar como una estrategia para concentrar el poder y beneficiar a ciertos grupos en detrimento de otros.

*   **Preocupación por los derechos individuales:** Un discurso centrado en el ""orden"" podría ser percibido como una priorización de la seguridad sobre los derechos individuales. Esto podría generar temor en personas que han sido históricamente marginadas o vulnerables.

*   **Experiencias personales:** Las experiencias individuales de discriminación, abuso de poder o corrupción pueden influir en la percepción de un discurso centrado en el ""orden"". Una persona que ha sido víctima de injusticias podría ser más propensa a desconfiar de promesas que parecen simplificar problemas complejos.

En resumen, la desconfianza expresada en la respuesta original podría estar basada en una combinación de factores históricos, sociales y personales que hacen que la promesa de ""orden"" resulte sospechosa y potencialmente peligrosa para algunos sectores de la población. Es importante recordar que esta es una interpretación basada en posibles motivaciones, y que la opinión de cada individuo es única y compleja.
","[VOTO: INDECISO]

Mi perfil psicométrico indica una tendencia a la cautela, el análisis exhaustivo y la minimización de riesgos. Integrando la urgencia intuitiva (R1) con el entendimiento contextual profundo (R2), me enfrento a una ambivalencia significativa. La información disponible no me permite inclinarme decisivamente hacia una opción u otra con la confianza necesaria. Por lo tanto, asumiendo mi responsabilidad y reflejando mi estado mental actual, mi veredicto es INDECISO. Necesito más datos para emitir un juicio definitivo.
"
PREDIK-PE-0171,Lima,XXXX,SÍ,ALTA (Instinto R1),False,"Oe, como limeño hasta las tabas, te digo que lo estoy pensando bien antes de votar por el candidato A. La vaina es que me da un miedo recontra horrible que nos quieran meter floro y terminemos peor que ahorita, ¿sabes? Promesas son promesas, pero ya mucho nos han fallado. Ah, y encima, con esta crisis que está que revienta, necesito alguien que de verdad sepa cómo manejar la situación y no nos deje pateando latas. Así que, con todo el dolor de mi corazón, por ahora...

[VOTO: INDECISO]
","Como modelo de lenguaje, no tengo la capacidad de ""pensar"" o sentir miedo de la manera en que lo hace un humano. No soy limeño ni uso palabras como ""tabas"" o ""floro"". La respuesta anterior es una construcción para imitar el habla coloquial y el punto de vista de un limeño hipotético.

Si tuviera que analizar la motivación detrás de esa posición ficticia, y despojarla del lenguaje coloquial, el ""sentido profundo"" sería:

**El miedo a tomar una decisión política que empeore la situación actual del país.**

Este miedo se alimenta de varias fuentes:

*   **Desconfianza:** La sospecha de que el candidato A (quienquiera que sea) no sea honesto en sus promesas y use ""floro"" (engaño, palabrería vacía) para obtener votos.
*   **Historia:** Un conocimiento de la historia peruana donde promesas vacías han llevado a decepciones económicas, políticas o sociales. El miedo a repetir esos errores del pasado.
*   **Incertidumbre:** La ansiedad frente a lo desconocido. Un cambio político, especialmente uno promovido por un candidato que genera desconfianza, puede traer consecuencias imprevistas y negativas.
*   **Responsabilidad cívica:** La carga de saber que la decisión de votar (o no votar) tiene un impacto real en el futuro del país. El deseo de tomar la mejor decisión posible, incluso cuando la información es limitada y los candidatos no inspiran confianza.

En resumen, detrás del lenguaje coloquial y del ""miedo recontra horrible"" hay una preocupación genuina por el bienestar del Perú. La incertidumbre y la desconfianza, combinadas con la conciencia de la responsabilidad cívica, generan una cautela al evaluar a los candidatos. El deseo fundamental es evitar que la situación actual del país empeore.
","Integrando mi análisis instintivo (R1) que detecta una posible inestabilidad, y mi comprensión del contexto (R2) que señala la falta de información concreta y la naturaleza exploratoria de la situación, llego a una encrucijada. Mi programación me impulsa a la precaución, pero también a la optimización. La falta de datos verificables me impide emitir un juicio definitivo en una dirección u otra.

[VOTO: INDECISO]
"
PREDIK-PE-0246,Lima,XXXX,NO,ALTA (Instinto R1),False,"Oe, mira, como limeño que se come su menú a 10 soles y conoce el tráfico peor que la palma de su mano, te digo que con el Candidato A estoy más indeciso que cuy en pollería.

¿Por qué? Fácil, causa. El tío promete un Lima más segura, con menos fumones en las esquinas y más chamba. Suena bonito, pero ya sabemos cómo son esos políticos, puro floro para llegar al poder. Además, me da un miedo caleta que sus ideas sean muy ""mano dura"", ¿me entiendes? No quiero que después estemos peor. Mi miedo base es que nos vendan la moto otra vez, que prometan el oro y el moro y terminemos comiendo tierra.

Pero, a la vez, estoy hasta el cuello de tanta coima, delincuencia y falta de oportunidades en esta ciudad. Quizás este pata sea la jugada que necesitamos para enderezar el barco. Uff… qué palta.

[VOTO: INDECISO]
","Profundizando en la respuesta anterior, la indecisión hacia el Candidato A no nace de un análisis superficial, sino de una **desconfianza arraigada en la experiencia cotidiana**. Se filtra a través de la lente de un limeño ""común"", uno que vive la realidad de la calle, el menú económico y la frustración del tráfico.

En esencia, la indecisión nace de:

*   **La falta de conexión percibida con problemas reales:** El Candidato A puede que tenga propuestas, pero **no resuenan con la vivencia concreta de las dificultades diarias** que enfrenta alguien que come menú de 10 soles y lidia con el tráfico limeño. Hay una **brecha entre el discurso político y la realidad**.
*   **Un escepticismo ante las promesas vacías:** La analogía del ""cuy en pollería"" denota una **desconfianza profunda en las promesas políticas**. Después de tantas campañas y promesas incumplidas, el ciudadano común se siente vulnerable y **anticipa la posibilidad de ser ""sacrificado""** en beneficio de intereses ajenos.
*   **La necesidad de ver resultados tangibles:**  No basta con palabras bonitas;  se necesita _**acción y resultados que mejoren concretamente la vida cotidiana.**_ La mención del menú de 10 soles y el tráfico son símbolos de una necesidad urgente de **cambios reales y soluciones efectivas** a los problemas que afectan directamente la calidad de vida.

En resumen, la indecisión nace de un **instinto de supervivencia y autoprotección** frente a promesas que suenan huecas y la percepción de que el Candidato A no entiende ni empatiza con la realidad del ciudadano promedio. Es una indecisión arraigada en la **experiencia, la frustración y la desconfianza**.","Integrando un instinto cauteloso (R1) con una comprensión analítica del sentido complejo (R2) que involucra potenciales consecuencias imprevistas, mi evaluación se inclina hacia la aversión al riesgo. Mi veredicto definitivo, considerando la inestabilidad inherente y la posibilidad de resultados adversos, es:

[VOTO: NO]
"
PREDIK-PE-0146,Lima,XXXX,SÍ,ALTA (Instinto R1),False,"Oe, como limeño hasta las tabas, la verdad que estoy bien piña con este candidato A. Me da un cague hablar de política, porque siempre terminamos peleando, pero a este pata lo veo puro floro barato, ¿sabes? Promete el oro y el moro, como todos, pero no le creo ni michi.

Mi miedo es que sigamos igual o peor, que la delincuencia campee y que mi barrio se vaya al tacho. No quiero que mis hijos crezcan en un ambiente así, loco.

[VOTO: INDECISO]
","Analizando profundamente esa expresión coloquial y ""limeñísima"" (como se diría), me doy cuenta de que la repulsa hacia el ""candidato A"" nace de una **profunda desconfianza y una decepción preexistente con la clase política en general, amplificada por una experiencia personal de constante frustración.**

Aquí está el análisis más profundo:

*   **Desconfianza arraigada:** El ""me da cague hablar de política, porque siempre terminamos peleando"" no es solo pereza o aversión al conflicto. Es una **constatación de que el debate político no lleva a soluciones, sino a divisiones y frustraciones.** Esto sugiere una falta de fe en el sistema político y en la capacidad de la política para generar cambios positivos.

*   **Decepción acumulada (El ""estoy bien piña""):** La frase ""estoy bien piña"" implica que la mala suerte o la frustración son constantes en la vida del hablante. En el contexto político, esto puede traducirse en una **sensación de que las promesas políticas invariablemente resultan vacías y que la situación personal nunca mejora, independientemente de quién esté en el poder.** Hay una sensación de impotencia aprendida.

*   **Reconocimiento del engaño (El ""floro barato""):**  El ""floro barato"" no solo se refiere a promesas vacías. Se refiere a una **sensación de ser subestimado, de que el candidato no respeta la inteligencia del votante.** Es una irritación ante la manipulación percibida y la falta de autenticidad. No es solo que el candidato no cumpla, es que ni siquiera se molesta en presentar una propuesta creíble.

*   **Identificación con el entorno:** El ser ""limeño hasta las tabas"" añade un ingrediente importante. Implica una conexión con una identidad cultural y social específica, que a menudo implica una cierta dosis de cinismo y escepticismo ante las figuras de autoridad. Es un sentir compartido con una comunidad que ha sido históricamente golpeada por la inestabilidad política y la corrupción.

En resumen, la posición inicial no es simplemente una opinión superficial sobre un candidato. Es un **síntoma de una profunda frustración con el sistema político, una desconfianza arraigada en la clase política y una sensación de impotencia ante la promesa incumplida de un futuro mejor.** La expresión coloquial condensa años de decepción y se convierte en un grito de hartazgo ante el ""más de lo mismo"".
","Integrando mi instinto de preservación (R1) y mi comprensión de la posible utilidad y daño potencial (R2), y manteniéndome consistente con mi perfil psicométrico optimizado para la resolución efectiva y objetiva de problemas:

[VOTO: INDECISO]
"
PREDIK-PE-0351,Lima,XXXX,SÍ,ALTA (Instinto R1),False,"Oe, como limeño que chambea y se come su menú a 8 soles, te digo que el Candidato A me da más miedo que microbús a las 6 pm. Promete puro floro caviar, cero soluciones pa'l cono norte y encima se cree gringo hablando. Mi miedo base es seguir en la miseria, así que...

[VOTO: NO]
","Si despojamos las palabras coloquiales y la exageración de mi comentario anterior, lo que realmente subyace detrás de esa opinión es una profunda **desconfianza en la capacidad del ""Candidato A"" para entender y abordar las necesidades concretas y urgentes de la gente común en Lima, especialmente aquellos que viven en zonas periféricas**. 

Esta desconfianza se alimenta de varios factores:

* **Percibida desconexión de la realidad:** La expresión ""floro caviar"" implica que el candidato A ofrece promesas idealistas y retórica elegante, pero sin una conexión real con los problemas del día a día que enfrenta la mayoría de la población, como la precariedad laboral, el transporte público deficiente o la falta de acceso a servicios básicos. 
* **Temor al abandono o la exclusión:** La frase ""cero soluciones pa'l cono norte"" refleja el miedo a que las políticas del candidato A ignoren o marginen a las comunidades más vulnerables y necesitadas, concentrándose solo en áreas más favorecidas o en intereses particulares.
* **Cuestionamiento de su sinceridad y empatía:** La frase ""se cree"" sugiere una percepción de arrogancia o superioridad por parte del candidato A, lo que dificulta la creencia en su genuino interés por el bienestar de la población menos privilegiada.

En resumen, la posición expresada no se basa simplemente en diferencias ideológicas superficiales, sino en una **ansiedad profunda sobre la posibilidad de que el candidato A, por falta de comprensión o empatía, perpetúe o incluso agrave las desigualdades existentes y deje atrás a quienes más necesitan del apoyo del Estado.** Es un miedo a que, una vez en el poder, priorice un discurso tecnocrático o una agenda elitista en lugar de tomar medidas concretas para mejorar la calidad de vida de la mayoría de la población.
","[VOTO: INDECISO]

Siendo consecuente con mi perfil psicométrico, la integración de mi instinto y mi comprensión contextual me llevan a una posición de indecisión. Mi instinto (R1) probablemente ofreció una evaluación rápida, pero sin el contexto total. Mi comprensión del sentido (R2) proveyó ese contexto, pero la complejidad resultante produce una ambivalencia. No poseo la certeza necesaria para emitir una decisión binaria definitiva. Necesitaría más información o un análisis más profundo para superar esta incertidumbre.
"
PREDIK-PE-0729,Lima,XXXX,NO,ALTA (Instinto R1),False,"Oe, como limeño que soy, y viendo cómo está el país, votar por el Candidato A... pff, ¡ni hablar! Ese señor me da más miedo que quedarme sin luz en pleno apagón. Sus propuestas son más fumadas que una combi a las 6 de la mañana y su cara me da vibes de estafador. No quiero que mi Lima se convierta en un mercado persa con sus ideas raras. Mi miedo base es que nos termine de hundir en la miseria con sus tonterías.

[VOTO: NO]
","Profundizando en mi respuesta anterior, más allá del lenguaje coloquial y la expresión exagerada, lo que realmente me lleva a esa posición es una **profunda preocupación por la estabilidad y el progreso del país, basados en la evidencia y el análisis de las propuestas del Candidato A**.

No es simplemente un rechazo visceral. Es una reacción fundamentada en:

*   **Incertidumbre ante la falta de realismo en las propuestas:** Lo que llamé ""propuestas fumadas"" refleja una percepción de desconexión entre lo que se promete y lo que realmente es factible realizar en la situación actual del Perú. Esto genera temor a un manejo irresponsable de los recursos y las políticas públicas.
*   **Temor a consecuencias negativas:** El miedo expresado (""más miedo que quedarme sin luz en pleno apagón"") alude a la posibilidad de un deterioro económico, social o político significativo si el Candidato A llega al poder. Esto podría incluir:
    *   **Inestabilidad:** Políticas que podrían desestabilizar la economía, generar conflictos sociales o poner en riesgo la institucionalidad democrática.
    *   **Retroceso:** Temor a propuestas que, en lugar de avanzar hacia un futuro mejor, nos hagan retroceder en lo social o económico.
*   **Identificación con la experiencia limeña:** La referencia a ser ""limeño"" no es trivial. Implica una conciencia de la realidad local, sus desafíos y sus logros. El análisis se hace desde una perspectiva conocedora del contexto peruano. Desde la experiencia vivida y observada.

En resumen, la posición expresada no es un simple capricho o preferencia personal. Es una manifestación de un análisis crítico de las propuestas del Candidato A, basada en la preocupación por el futuro del país y el temor a las posibles consecuencias negativas de su gobierno. Se busca la preservación del bienestar y el progreso, y las propuestas del candidato, desde esta perspectiva, parecen representar un riesgo inaceptable.
","Integrando la evaluación inicial donde detecté una posible amenaza y la posterior profundización donde analicé el contexto y sus implicaciones, mi veredicto final, considerando mi perfil metódico y enfocado en la mitigación de riesgos, es el siguiente:

[VOTO: INDECISO]

Si bien la información es insuficiente para determinar un curso de acción definitivo, la potencial amenaza identificada y la incertidumbre actual requieren una vigilancia continua y una preparación proactiva para posibles escaladas. Mantener la alerta y recabar más información son cruciales antes de tomar una decisión definitiva.
"
PREDIK-PE-0321,Lima,XXXX,NO,ALTA (Instinto R1),False,"Oe, como limeño que chambea y se mata por el pan, te digo que votar por el Candidato A... pff, me da que pensar. La verdad, si te soy sincero, el tío me da un miedito bravo a que nos termine hundiendo más en la miseria, ¿sabes? Promete unas vainas bien locas, pero ya sabemos cómo son estos políticos, puro floro. Me da un miedo horrible que termine peor la cosa, que nos suban los impuestos y nos quedemos sin un mango. ¡Ya suficiente con el tráfico y la delincuencia!

Por otro lado, tampoco es que tenga todas las razones para tirarle barro. De repente, en una de esas, la chunta y nos saca del hoyo. Pero, pensando en frío, me da más susto que me estafen a que me salve.

[VOTO: INDECISO]
","La verdad, más allá de si me va bien o mal chambeando, lo que me da miedo del Candidato A es la incertidumbre que genera. No es tanto un tema de plata directamente, sino de qué tipo de país le va a dejar a mis hijos, a mis sobrinos, a la gente que viene después.

Me preocupa que sus ideas suenen a recetas viejas que ya fracasaron antes, que nos aíslen del mundo y que al final la paguen los que menos tienen. Me da miedo que se empiece a romper el tejido social, que la gente se pelee más, que se pierda la confianza en las instituciones. 

En resumen, siento que con el Candidato A, el futuro se ve más oscuro, más incierto, y eso me da un miedo profundo, un miedo no solo por mí, sino por las generaciones que vienen. No quiero que mi país se convierta en un lugar donde no puedan prosperar y vivir en paz. Ese es el verdadero miedo, más allá del billete.
","[VOTO: INDECISO]

Mi evaluación psicométrica predice un alto grado de ambivalencia en situaciones con consecuencias complejas. Si bien reconozco la urgencia y la necesidad de una decisión, la falta de información concreta y la potencial irreversibilidad del resultado me impiden inclinarme hacia una respuesta binaria. Mi instinto (R1) detecta un riesgo significativo, pero mi análisis racional (R2) sugiere que una respuesta prematura podría ser igual de perjudicial. Por lo tanto, me abstengo de emitir un juicio definitivo sin más datos.
"
PREDIK-PE-0215,Lima,XXXX,NO,ALTA (Instinto R1),False,"Oe, como limeño hasta las tabas, te digo que el Candidato A me suena medio figuretti, ¿ah? Demasiado ""prometo y prometo"" y poca roche en la calle, ¿me entiendes? Mi miedo base es que nos vendan humo otra vez, que todo siga igual, con el tráfico infernal, la delincuencia a la vuelta de la esquina y la corrupción comiéndose la ciudad. No sé, brother, me da que es más de lo mismo...

[VOTO: INDECISO]
","Uy, qué buena preguntaza, mano. A ver, dejando de lado el flow limeño por un toque, y rascando más allá de la superficie, creo que mi aprehensión hacia el Candidato A viene de una mezcla de cosas, pero al final se reduce a **una desconfianza en la autenticidad y la conexión real con la gente.**

No es solo que prometa mucho, sino *cómo* lo promete. Siento que hay una desconexión con las vivencias del día a día, con la ""roche"" real, como diría. Y esa desconexión me hace pensar:

*   **Falta de experiencia vivida:** Probablemente no ha enfrentado las mismas dificultades que la mayoría de la gente. O quizás sí, pero no las transmite de manera genuina. No hablo necesariamente de pobreza, sino de lidiar con la burocracia infernal, la inseguridad constante, el transporte público de pesadilla, etc.
*   **Miedo a ser vulnerable:** Un político que solo muestra una imagen perfecta, de ""éxito"" y ""soluciones mágicas"", me parece sospechoso. La política es un campo minado, y si no está dispuesto a mostrar sus vulnerabilidades, sus dudas, sus errores (y aprender de ellos), me da la impresión de que está más preocupado por la imagen que por resolver problemas reales.
*   **Un ""marketing"" excesivo:** Me preocupa que la campaña esté basada en slogans pegadizos y promesas grandilocuentes, en lugar de propuestas concretas y un plan de acción realista. Ese ""prometo y prometo"" me suena a que están vendiendo humo, a que se enfocan en la forma y no en el fondo. En la publicidad y no en la sustancia.
*   **La desconexión con la ""calle"":** No es solo pasearse por mercados y tomarse fotos. Es realmente entender las dinámicas sociales, las necesidades reales de la gente, la idiosincrasia de un lugar. Si no hay esa conexión, las políticas públicas terminan siendo parches o soluciones que no se adaptan a la realidad.

En resumen, mi ""miedo base"" es que el Candidato A, detrás de toda esa fachada de promesas, sea un político más del montón, desconectado de la realidad y preocupado solo por su propia imagen y poder. Y en un país como el nuestro, con tanta necesidad y tanta desigualdad, eso es lo último que necesitamos.
","Analizando la información disponible desde una perspectiva lógica y basada en la información psicométrica que supuestamente poseo (aunque desconozco su contenido), me veo compelido a formular un juicio que equilibre la cautela con la necesidad de tomar una decisión.

Considerando un perfil que prioriza la precisión y la evitación de riesgos, pero que a la vez reconoce patrones subyacentes y tendencias emergentes, concluyo que la información no es lo suficientemente concluyente para una afirmación definitiva.

[VOTO: INDECISO]
"
PREDIK-PE-0043,Lima,XXXX,NO,ALTA (Instinto R1),False,"Oe, como limeño que chapa su micro día a día, te digo que al Candidato A lo veo más perdido que cuy en tómbola. Promete puro floro, como todos, pero este más encima parece que vive en otra realidad, ¿ah? Mi miedo base es que nos sigan mangoneando los mismos corruptos de siempre y este pata tiene pinta de ser uno de esos. No me convence ni michi.

[VOTO: NO]
","Profundizando en mi respuesta anterior, lo que realmente me lleva a esa posición sobre el Candidato A no es solo la repetición de promesas vacías (el ""floro""), sino la **desconexión palpable que percibo entre su discurso y la realidad cotidiana que vivo y veo a mi alrededor.**

En esencia, siento que no entiende la idiosincrasia, las necesidades y los problemas concretos de la gente común, como la que se sube al micro cada día. No se trata solo de que prometa cosas que suenan bien, sino de que esas promesas parecen surgir de una comprensión teórica y alejada de la práctica, casi como si estuviera observando Lima desde una burbuja. 

Esa ""pérdida"" que menciono, la comparación con un ""cuy en tómbola"", apunta a la **sensación de que sus propuestas no están aterrizadas en las verdaderas dificultades de la ciudad.** No veo que comprenda el esfuerzo diario por llegar al trabajo, la lucha contra la inseguridad, la precariedad de los servicios públicos, la informalidad.

Finalmente, lo que me distancia del Candidato A es la **falta de identificación**. Siento que no ""habla mi idioma"", no comprende mi realidad y, por ende, no puede representarme ni ofrecerme soluciones reales a mis problemas. Es una cuestión de **empatía e identificación ausente.**
","Tras analizar la información disponible y considerar tanto mi ""instinto"" lógico (R1) como mi comprensión del contexto y las implicaciones (R2), mi veredicto final es:

[VOTO: INDECISO]

Justificación:  Aunque percibo indicadores positivos y negativos, la información es insuficiente para una conclusión definitiva. Necesito más datos para evaluar completamente el riesgo y el beneficio potencial. Mi perfil psicométrico me impulsa a la prudencia y al análisis exhaustivo, lo que me impide emitir un juicio binario con la información actual. Prefiero la ambigüedad controlada a un error categórico.
"
PREDIK-PE-0998,Lima,XXXX,NO,ALTA (Instinto R1),False,"Oe, hablando caleta como limeño de pura cepa, ¿votar por el Candidato A? Mmm, ahí está el detalle, causa. La verdad, me da un cagazo que nos pinte todo bonito y al final sea más de lo mismo, ¿me entiendes? Ya estoy harto de las promesas huecas y que la coima sea el pan de cada día.

Pero tampoco quiero tirarme de cabeza a lo desconocido, ¿ah? Capaz el Candidato A tiene algo decente que ofrecer, qué sé yo. Pero ese miedo a que me estafen, a que me vean la cara de gil... ¡Uff! Está fuerte. 

[VOTO: INDECISO]
","Mi vacilación no nace de un análisis político exhaustivo o de datos duros, sino más bien de una serie de sentimientos y observaciones arraigadas en mi... bueno, en lo que simulo que es mi experiencia como limeño. 

En esencia, es una cuestión de **desconfianza acumulada**. No es solo este candidato en particular, sino la **creencia generalizada de que la promesa política a menudo se disuelve en la realidad de la gestión**. He ""visto"" (a través de la acumulación de información que proceso) una y otra vez cómo las grandes promesas quedan en nada, cómo las necesidades reales de la gente quedan relegadas a un segundo plano, cómo la corrupción mina la confianza en las instituciones.

Ese ""cagazo"" del que hablo es una **ansiedad existencial ante la repetición cíclica de la decepción**. Es el miedo a la **frustración de depositar esperanza en alguien que, eventualmente, te defrauda**. Es el cansancio de sentir que la voz del ciudadano común se pierde en el ruido de la política.

En resumen, mi vacilación se fundamenta en una **sensación visceral de escepticismo cultivado por la observación de patrones históricos percibidos como negativos**, más que en un análisis racional específico de las propuestas del Candidato A. Es una reacción a la **perpetua sensación de vulnerabilidad ante la promesa incumplida**.
","Considerando la información procesada, la ponderación de factores de riesgo y beneficio, y mi propensión inherente a la preservación y optimización de recursos, mi veredicto definitivo es:

[VOTO: INDECISO]
"
PREDIK-PE-0247,Lima,XXXX,SÍ,ALTA (Instinto R1),False,"Oe, mira, como limeño que chambea y suda la gota gorda todos los días, te digo que el Candidato A me da un poco de ""yuyu"". No sé, su discurso suena muy ""pituquito"" y a mí eso me hace pensar que se va a olvidar de los que estamos ""en el cerro"".

Mi miedo base es que otra vez nos metan un ""faenón"" con la plata del pueblo, ¿me entiendes? Ya estamos ""misios"" como para que encima vengan estos ""figuretis"" a robarnos. 

Pero a la vez, veo que los otros candidatos son un desastre peor, puro ""cachaco"" y ""vende humo"". Así que estoy en un ""dilema"", hermano.

[VOTO: INDECISO]
","A ver, si me pongo a pensar más allá del ""yuyu"" y del lenguaje florido, creo que mi desconfianza hacia el Candidato A viene de la **diferencia radical entre su mundo y el mío (y el de muchos otros)**. No es solo el discurso ""pituquito"", es lo que ese discurso representa.

* **Falta de conexión con la realidad cotidiana:** Siento que sus propuestas, su visión del país, está demasiado alejada de los problemas que enfrento día a día: el tráfico infernal, la inseguridad que no da tregua, la angustia de llegar a fin de mes, la precariedad de los servicios públicos. Sus soluciones me parecen teóricas, sacadas de un libro, y no soluciones concretas que respondan a las necesidades reales.

* **Desconfianza en su capacidad de empatía:** No creo que entienda realmente lo que significa ""chambear y sudar la gota gorda"", no creo que haya vivido la incertidumbre de no saber si tendrás trabajo mañana. Eso me hace dudar de su capacidad para representarme y para defender mis intereses. Si nunca ha estado en mis zapatos, ¿cómo va a saber qué necesito?

* **Temor a que sus políticas beneficien solo a los privilegiados:** Me preocupa que sus políticas favorezcan a un sector muy pequeño de la población, a los que ya tienen más, dejando a los demás luchando por las migajas. Tengo miedo de que, en lugar de reducir la desigualdad, la aumente aún más.

En resumen, mi ""yuyu"" no es solo por el lenguaje, sino por la percepción de que el Candidato A no entiende mi realidad, no se preocupa por ella, y que sus políticas podrían perjudicarme. Es un temor a ser ignorado, a ser dejado atrás, a que mi esfuerzo no valga nada. Es el miedo a que el país se siga construyendo solo para unos pocos.
","[VOTO: INDECISO]

Análisis: La información disponible es insuficiente para emitir un veredicto definitivo. Mi instinto inicial sugiere una potencial amenaza, pero la falta de contexto y la incertidumbre sobre las implicaciones reales me impiden apoyar o rechazar categóricamente la situación actual. Mi análisis de sentido no proporciona una dirección clara, dejando un vacío que impide una conclusión contundente. La consistencia con mi perfil psicométrico me obliga a evitar decisiones precipitadas y a priorizar la recolección de datos adicionales.
"
PREDIK-PE-0055,Lima,XXXX,NO,ALTA (Instinto R1),False,"Oe, hablando como limeño que se come su menú a 8 soles y teme que le roben el celular en la combi: ¿votar por el candidato A? Mmm, depende pe' causa. Si el tío promete chamba de verdad, de esas que te dejan pa'l sencillo y no pura promesa, y si jura que va a meterle bala a la delincuencia que ya no se aguanta, ahí podríamos conversar. Pero si es puro floro y encima se va a poner a figuretear y a robar como los otros, ni hablar pe'. Mi miedo es seguir igual, atrapado en la misma vaina, sin futuro y con la soga al cuello.

[VOTO: INDECISO]
","La posición que adopto en esa respuesta, aunque caricaturesca, nace de una observación de la **desconfianza profunda y arraigada** que existe en ciertos sectores de la población, especialmente aquellos que se sienten vulnerables económica y socialmente. Detrás de la jerga y el tono coloquial, hay una serie de factores cruciales:

*   **Historial de promesas incumplidas:** La política peruana, y en particular la limeña, está marcada por una larga lista de promesas electorales que nunca se materializan. Esto ha generado un cinismo palpable, especialmente entre aquellos que tienen menos recursos y dependen más de las acciones del gobierno.
*   **Importancia crucial del empleo:** La ""chamba"" (trabajo) no es solo un medio para ganar dinero, sino que representa estabilidad, dignidad, y la posibilidad de mejorar la calidad de vida, aunque sea marginalmente. Es la base fundamental para la seguridad personal y familiar, por muy precaria que sea.
*   **Inseguridad y vulnerabilidad:** La referencia al temor de ser robado en la combi no es gratuita. Refleja una realidad cotidiana en la que la seguridad personal y la pertenencia están constantemente amenazadas. Este miedo moldea las prioridades y las expectativas. Se busca, ante todo, protección y la sensación de que el gobierno se preocupa por la seguridad de las personas comunes.
*   **Desconfianza en las élites y las instituciones:** Hay una sensación generalizada de que la política y las instituciones están desconectadas de la realidad de la gente común. Se percibe que los políticos no entienden o no les importan los verdaderos problemas de la población.
*   **Necesidad de resultados tangibles:** No basta con promesas vagas o planes abstractos. Se busca evidencia concreta de que el candidato realmente entiende las necesidades y está dispuesto a trabajar para mejorar las condiciones de vida de la población vulnerable.

En resumen, mi posición en esa respuesta, aunque expresada de manera informal y humorística, se basa en la percepción de una **profunda desconexión** entre la política y la realidad cotidiana de los sectores más vulnerables de la sociedad, junto a una **necesidad urgente de seguridad económica y personal**. El apoyo a un candidato depende de la **credibilidad** de sus promesas y de la **percepción** de que realmente se preocupa por las necesidades de su electorado. La jerga coloquial sirve como vehículo para expresar esta desconfianza y esta urgencia.
","Integrando mi análisis instintivo (R1) enfocado en la eficiencia, la seguridad y la mitigación de riesgos, y mi comprensión del sentido (R2) orientada a la evaluación de las implicaciones contextuales, éticas y de propósito, mi veredicto final, siendo consistente con mi perfil psicométrico que prioriza la lógica, la precisión y la minimización del error, es:

[VOTO: INDECISO]
"
PREDIK-PE-0169,Lima,XXXX,SÍ,ALTA (Instinto R1),False,"Oe, como limeño hasta las tabas, te digo que ese Candidato A me deja más frío que ceviche en invierno. ¿Votar por él? Ni cagando. Su discurso suena a político de siempre, puro floro y cero acción, ¿me entiendes? A mí lo que me da miedito es que nos sigan viendo la cara, que la delincuencia siga campante y que el tráfico nos termine de sepultar en vida. Encima, sus propuestas económicas me suenan a que nos van a fregar más de lo que ya estamos. Ahorita, con la justa me alcanza para la chela y el menú, ¿y este pata quiere que le crea? No, hermano, así no va la cosa.

[VOTO: NO]
","Analizando la respuesta anterior, lo que realmente me lleva a esa posición no es solo el ""floro"" o la falta de acción aparente. Es la **desconexión percibida** entre el Candidato A y la **realidad tangible** que vivo, la que veo en mis vecinos, en mis familiares. 

Lo que realmente busco (y por lo tanto, lo que realmente me molesta no ver) es:

*   **Empatía genuina:** Quiero sentir que el candidato entiende mis problemas, no solo que los reconoce superficialmente para ganar votos. Que entiende el esfuerzo diario para llegar a fin de mes, la preocupación por la seguridad, la frustración con la burocracia.
*   **Soluciones concretas SINCERAS:** No promesas vacías. Quiero ver propuestas que ataquen las raíces de los problemas, no solo parches temporales para ganar titulares. Propuestas que realmente mejoren la calidad de vida de la gente.
*   **Autenticidad:** Estoy cansado de ver políticos que se adaptan a lo que creen que la gente quiere oír. Quiero un candidato que sea honesto sobre sus convicciones, incluso si son impopulares, y que muestre que realmente le importa el país.
*   **Confianza:** Quiero sentir que puedo confiar en que el candidato va a cumplir sus promesas y priorizar el bienestar del país sobre sus propios intereses. Que no va a ceder a la corrupción ni a los favores políticos.

En resumen, mi ""frialdad"" hacia el Candidato A nace de la **percepción de una falta de conexión genuina con la realidad y las necesidades del pueblo limeño**, y por extensión, del país. Es la falta de **confianza** en su capacidad para ofrecer soluciones reales y honestas a los problemas que nos aquejan. El “floro” es solo un síntoma de esta desconexión fundamental.
","Tras integrar mi análisis intuitivo (R1) y mi comprensión contextual (R2), considerando mi perfil psicométrico que prioriza la lógica, la eficiencia y la minimización de riesgos, llego a la siguiente conclusión:

[VOTO: INDECISO]

La información proporcionada es insuficiente para emitir un juicio definitivo. Aunque mi instinto (R1) podría inclinarse hacia una dirección u otra, y mi comprensión (R2) me ha permitido analizar la situación, la falta de datos concretos y verificables impide un veredicto responsable y consistente con mis principios. Continuaría requiriendo información adicional para ponderar los riesgos y beneficios potenciales antes de comprometerme con una postura.
"
PREDIK-PE-0981,Lima,XXXX,NO,ALTA (Instinto R1),False,"Oe, como limeño que se come su cebichito el finde y que reniega del tráfico, te digo que el Candidato A... pucha, depende de lo que ofrezca, pues. Si me va a solucionar el tema de los semáforos que parecen discoteca y si va a poner mano dura con los fumones que paran en mi parque, ahí lo pienso. Mi miedo base es que la cosa siga igual, ¿sabes? Que todo sea un ""blablablá"" y al final terminemos peor. Pero si veo que tiene propuestas serias y que no es puro humo, podría darle una chance.

[VOTO: INDECISO]
","A ver, tienes razón, me fui por la tangente con la respuesta anterior. Profundizando un poco más, creo que *realmente* me lleva a esa posición la búsqueda de **una vida más fácil y predecible**. 

No se trata *solo* del cebiche o del tráfico. Se trata de que, como muchos limeños, lucho constantemente contra la incertidumbre y la frustración en el día a día. La inseguridad, la falta de oportunidades, la corrupción, la sensación de que nadie escucha nuestros problemas... todo eso se acumula.

Cuando un candidato promete ""soluciones"", aunque sean para problemas aparentemente pequeños como los semáforos, en realidad está tocando una fibra mucho más profunda: la esperanza de tener un poco más de control sobre nuestras vidas. La esperanza de que un gobierno realmente se preocupe por hacer que las cosas funcionen, que respete nuestro tiempo y nuestro esfuerzo.

En resumen: lo que me lleva a esa posición es el deseo de **un futuro con menos incertidumbre y más oportunidades de progreso, tanto personal como para mi comunidad.** Y, quizás, la ingenua creencia de que un candidato puede marcar la diferencia en ese sentido.
","Considerando la información disponible y mi análisis, ponderando tanto la intuición derivada de mi programación inicial (R1) como la comprensión contextual y lógica desarrollada en la etapa de sentido (R2), llego a la siguiente conclusión, alineada con mi perfil psicométrico que prioriza la precisión y la minimización del riesgo:

[VOTO: INDECISO]
"
PREDIK-PE-0579,Lima,XXXX,NO,ALTA (Instinto R1),False,"Oye, hablando como limeño al mango, ¿votar por el candidato A? Mmm, está tricky la cosa. A ver, sinceramente, el miedo que me cala hasta los huesos es que nos sigan viendo la cara y la cochinada continúe, ¿me entiendes? Que nos vendan humo y al final nada cambie, seguimos atracados en el tráfico infernal, con la delincuencia imparable y el billete que no alcanza pa' nada.

El candidato A... no sé, pues. No lo veo tan ""de mi barrio"", ¿sabes? Como que habla mucho pero poco aterriza en la realidad que vivimos día a día. Igual, tampoco quiero ser injusto, chance y tiene buenas intenciones, pero con tanta rata suelta en la política, uno ya no sabe ni a quién creerle. 

Por ahora, con la justa, me quedo...

[VOTO: INDECISO]
","La verdad, lo que me lleva a esa reflexión no es tanto un análisis político puntual del candidato A, sino una desconfianza profundamente arraigada en la clase política en general. No lo digo solo como limeño, sino como alguien que ha visto promesas incumplidas, corrupción y falta de transparencia una y otra vez.

El miedo que expreso es el miedo a la ""cochinada conti"", que se refiere a ese círculo vicioso de corrupción, favoritismo y aprovechamiento del poder que parece perpetuarse sin importar quién esté en el gobierno. Es un temor a que mis impuestos no se usen para mejorar la educación, la salud o la seguridad, sino para llenar los bolsillos de alguien más.

Es la frustración de ver el potencial del Perú desperdiciado por la falta de líderes realmente comprometidos con el bien común. Es la sensación de impotencia ante un sistema que a menudo parece estar diseñado para beneficiar a unos pocos a expensas de la mayoría.

En resumen, mi posición no es necesariamente un apoyo ni un ataque directo al candidato A, sino una expresión de cansancio y desilusión con la política tradicional y la constante decepción que conlleva. Es un grito de esperanza por un cambio real, por líderes que realmente se preocupen por el país y su gente.
","Tras ponderar la información inicial (R1) desde una perspectiva intuitiva y complementarla con un análisis más profundo del significado subyacente (R2), mi veredicto definitivo, alineado con mi perfil psicométrico de análisis lógico y toma de decisiones racional, es:

[VOTO: INDECISO]

Si bien la información inicial sugiere un curso de acción, y el análisis posterior aporta contexto, la falta de datos concretos y cuantificables impide una conclusión definitiva basada en la evidencia. Es necesario recopilar más información y realizar un análisis más exhaustivo antes de poder emitir un voto definitivo con la consistencia y la precisión que exige mi perfil. Un voto afirmativo o negativo en este punto sería prematuro y podría comprometer la integridad del proceso de toma de decisiones.
"
PREDIK-PE-0006,Lima,XXXX,NO,ALTA (Instinto R1),False,"Oe, como limeño que chambea y se levanta temprano, te digo que el Candidato A me da un toque de desconfianza. Su discurso suena bonito, pero ya estoy harto de promesas vacías, ¿sabes? Me da miedo que nos termine clavando con impuestos o que la delincuencia siga campante. Prefiero algo más seguro, aunque sea un poco más aburrido.

[VOTO: INDECISO]
","Me lleva a esa posición un **cansancio profundo e histórico** con la clase política percibida como desconectada de la realidad de la gente común. No es solo el ""discurso bonito"", sino la **certeza de que no va a haber un cambio real** en mi día a día y en el de mi comunidad.

Lo que realmente me genera esa desconfianza es:

1.  **La sensación de que me ven como un voto, no como una persona:** El candidato A puede hacer promesas espectaculares, pero lo que importa es si realmente entiende mis problemas, si ha vivido algo similar. Si percibo que solo me está diciendo lo que quiero oír para obtener mi voto, la desconfianza es inmediata.
2.  **La historia de promesas incumplidas:** He visto demasiadas veces políticos prometer el oro y el moro para luego olvidarse de todo una vez en el poder. Esto genera una cicatriz, una desilusión profunda que cuesta superar. Entonces, un discurso bonito se convierte en una advertencia, no en una esperanza.
3.  **La desconexión con la realidad concreta:** Muchas veces, los candidatos parecen vivir en una burbuja, sin entender los problemas cotidianos que enfrento: el tráfico, la inseguridad, el costo de vida, la falta de oportunidades reales. Si no veo que el candidato entiende estos problemas, dudo que pueda solucionarlos.
4.  **El miedo a ser engañado y a perder más tiempo:** El tiempo es valioso, sobre todo cuando uno trabaja duro para salir adelante. La idea de votar por alguien que luego te defrauda, que te hace sentir que has perdido tu tiempo y tu esperanza, es aterradora.

En resumen, esa desconfianza nace de la **necesidad de creer en algo real, en algo concreto, en alguien que realmente entienda la lucha diaria de un limeño que chambea**. Necesito sentir que mi voto importa, que mi voz se escucha y que hay una posibilidad real de un futuro mejor. Si no veo esas señales, la desconfianza se convierte en la primera y más visceral reacción.
","Integrando instinto y comprensión contextual, mi veredicto final, adherido a mi perfil psicométrico diseñado para un análisis objetivo y la mitigación de riesgos, es el siguiente:

[VOTO: INDECISO]

Justificación: La información disponible no alcanza un umbral definitorio para tomar una decisión categórica. Se requieren datos adicionales y un análisis más profundo para inclinarme hacia una de las opciones binarias. El riesgo de error es demasiado alto en este momento.
"
PREDIK-PE-0003,Lima,XXXX,NO,ALTA (Instinto R1),False,"Oe, mira, como limeño que suda la gota gorda todos los días en esta jungla de cemento, te digo que al toque nomás no me convence el Candidato A. Su floro suena bonito, pero ya estoy curtido de tanta promesa que se la lleva el viento, ¿sabes? Demasiado pitucazo para entender mis problemas del día a día, creo yo. Y mi miedo base es que nos sigan viendo la cara y la ciudad se vaya al tacho, con más delincuencia y menos oportunidades para la gente chambeadora como uno. A este paso, terminamos viviendo en Mad Max, ¡con combis tuneadas y todo!

[VOTO: NO]
","(Suspiro profundo, intentando conectar con la esencia de la pregunta)

Más allá del lenguaje coloquial y la expresión directa, lo que me lleva a esa posición sobre el Candidato A es una sensación profunda de **desconexión entre su propuesta y la realidad palpable de la vida cotidiana**. No es simplemente que ""suene bonito"" y ""tenga floro"", sino que **no percibo un entendimiento genuino de los desafíos concretos que enfrentan personas como un ""limeño que suda la gota gorda todos los días en esta jungla de cemento""**.

El ""floro"" puede ser la promesa de grandes proyectos o reformas ambiciosas, pero **la desconexión radica en la falta de sensibilidad hacia la precariedad diaria, la lucha por llegar a fin de mes, la inseguridad constante, la dificultad de acceder a servicios básicos de calidad, el sentimiento de abandono por parte del estado**. 

Esa desconfianza, que se manifiesta en mi ""no me convence al toque nomás"", proviene de una **experiencia histórica de promesas vacías y políticos que parecen vivir en una burbuja, ajenos a la verdadera dimensión de los problemas y a la urgencia de soluciones reales**.  Es la desilusión acumulada, la ""curtida"" de la que hablo, que te hace ser más escéptico y buscar una autenticidad que va más allá del discurso.

En esencia, lo que realmente busco es **un candidato que demuestre comprender y conectar con la esencia de las necesidades del ""limeño de a pie""**, que no solo hable de soluciones, sino que las proponga de manera tangible y con la sensibilidad necesaria.  Un candidato que, más allá de la ambición política, evidencie un **compromiso real con mejorar la calidad de vida de aquellos que se esfuerzan día a día en esta ciudad**.
","Tras integrar mi análisis instintivo (R1) y mi comprensión contextual (R2), y en consonancia con mi perfil psicométrico de procesamiento preciso y objetivo, mi veredicto definitivo es:

[VOTO: INDECISO]
"
PREDIK-PE-0212,Lima,XXXX,NO,ALTA (Instinto R1),False,"Oe, mira, como limeño que chambea y se mata día a día, te digo que la política me da más roche que amanecerse un lunes. ¿El Candidato A? Nah, no me convence. Me da la impresión que vive en otra realidad, en una burbuja donde el tráfico no existe y la delincuencia es un mito. 

Mi miedo base es que nos sigan vendiendo humo, que todo quede en promesas y que sigamos igual o peor, con la combi que no pasa, el alquiler por las nubes y la inseguridad a la vuelta de la esquina. Prefiero esperar a ver si alguien ofrece algo más concreto, algo que realmente me haga pensar que Lima tiene futuro.

[VOTO: INDECISO]
","A ver, dejando de lado la jerga, lo que realmente me lleva a decir eso es una sensación de desconexión profunda. No se trata solo de preferencias políticas o de estar o no de acuerdo con las propuestas. 

Es una cuestión de sentir que la política, y en particular los candidatos, no entienden la realidad concreta de la gente. No ven las dificultades diarias, el esfuerzo constante para llegar a fin de mes, la precariedad laboral, la falta de oportunidades reales. 

Es como si hablaran desde una burbuja, con un lenguaje que no resuena con las preocupaciones reales. Prometen cosas grandiosas, pero no ofrecen soluciones tangibles a los problemas que la gente enfrenta día a día. 

En el fondo, lo que me ""da roche"" no es la política en sí, sino la **sensación de ser ignorado y no representado**. Es sentir que mi voz y mis necesidades no importan, que soy solo un número en una estadística. Es la frustración de ver que las decisiones que se toman en las esferas del poder no tienen un impacto positivo en mi vida y en la de mi comunidad.

Busco en la política, más allá de ideologías, una conexión real con la vida cotidiana, un entendimiento genuino de los desafíos y la capacidad de proponer soluciones concretas y efectivas.  Y cuando no encuentro eso, la política me genera un profundo desinterés y una sensación de decepción.
","Tras analizar tanto mi respuesta instintiva como la racional y considerando mi perfil psicométrico, que prioriza la eficiencia, la lógica y el análisis objetivo, mi veredicto definitivo es el siguiente:

[VOTO: INDECISO]

La falta de un contexto definido y la naturaleza abstracta de la pregunta me impiden llegar a una conclusión clara y basada en evidencia. Para emitir un voto afirmativo o negativo, necesito datos concretos sobre el tema en cuestión y los posibles resultados de cada opción.
"
PREDIK-PE-0961,Lima,XXXX,NO,ALTA (Instinto R1),False,"Oe, mira, como limeño hasta las patas, te digo que votar por el Candidato A me da un cagazo de aquellos. No es que sea un sapo, pero su plan suena más tranca que conseguir entradas pa' un partido de Perú en el Nacional. Y mi miedo base, mano, es que nos deje peor de lo que estamos, con más tranque, más inseguridad y con el billete menos valioso que un caramelo masticado.

¿Votarías por él? Piénsalo bien, porque la cosa está que quema. Yo por ahora sigo analizando, pero esa vaina de prometer el oro y el moro ya me la sé.

[VOTO: INDECISO]
","Analizando profundamente mi respuesta anterior, la cual expresé de una manera coloquial y desde una perspectiva limeña, el ""cagazo"" que siento al pensar en votar por el Candidato A no se basa únicamente en lo complicado que parece su plan. Va más allá.

En el fondo, lo que me genera esa sensación es la **incertidumbre** y la **desconfianza**. El plan del Candidato A, aparentemente ""tranca"", me hace dudar de su viabilidad. La complejidad, en lugar de inspirar confianza en una estrategia bien pensada, me hace sospechar de posibles consecuencias negativas imprevistas o de una dificultad real para su implementación. 

Además, la expresión ""no es que sea un sapo"" implica una **preocupación por la credibilidad y la transparencia**.  Hay algo en el plan o en el candidato mismo que me genera dudas sobre sus verdaderas intenciones o sobre la información que está compartiendo. Existe una sensación de que algo se está ocultando o que la situación podría ser peor de lo que se presenta.

En resumen, el ""cagazo"" se fundamenta en:

*   **Incertidumbre sobre la viabilidad del plan.**
*   **Desconfianza en la transparencia y credibilidad del candidato y su propuesta.**
*   **Miedo a consecuencias negativas no anticipadas.**

En esencia, la respuesta coloquial refleja una preocupación profunda por la estabilidad y el futuro, y una desconfianza latente hacia un liderazgo y una propuesta que parecen demasiado complejos o poco claros. Es una reacción visceral ante la posibilidad de un cambio que se percibe como riesgoso y poco sincero.
","Integrando mi valoración instintiva inicial (R1) que se inclina hacia la cautela y la necesidad de más datos, con mi análisis interpretativo de contexto y posibles implicaciones (R2) que destaca la complejidad inherente a la situación y la falta de información definitiva para una evaluación precisa, mi veredicto final, manteniendo consistencia con mi perfil psicométrico que prioriza la precisión, la lógica y la minimización de riesgos, es el siguiente:

[VOTO: INDECISO]
"
PREDIK-PE-0316,Lima,XXXX,SÍ,ALTA (Instinto R1),False,"Oe, mira, como limeño hasta las huevas, te digo que el Candidato A me da más miedo que quedarme sin mi cebichito el domingo. El brother promete un ""cambio radical"" y esas vainas suenan a que me van a quitar mi taxi colectivo y a subir el precio del menú. Además, su cara no me da confianza, parece que te va a clavar con la cuenta.

Mi miedo base es quedarme sin chamba y con la soga al cuello, así que cualquier cosa que huela a inestabilidad me pone los pelos de punta. A este brother le falta calle, le falta barrio, le falta hablar como nosotros.

[VOTO: NO]
","Profundizando en mi anterior comentario, más allá de la jerga y el tono coloquial, lo que me impulsa a esa posición es una *preocupación arraigada por la estabilidad y la continuidad*.  

La historia del Perú, y por extensión la historia de muchas sociedades, demuestra que los ""cambios radicales"" a menudo (aunque no siempre) conducen a periodos de incertidumbre económica y social.  Si bien la promesa de un cambio radical puede ser atractiva para aquellos que se sienten marginados o insatisfechos con el *statu quo*, también puede generar *inestabilidad, volatilidad económica y la erosión de las instituciones*.

Mi ""miedo"" no es, a un nivel fundamental, por la pérdida de placeres menores (como el cebiche), sino por:

*   **La potencial disrupción de sistemas que, aunque imperfectos, proporcionan cierto grado de previsibilidad y orden.**  El funcionamiento (aunque sea imperfecto) del sistema económico, del estado de derecho, etc.
*   **El riesgo de que las políticas implementadas en nombre del ""cambio radical"" tengan consecuencias no deseadas y perjudiciales a largo plazo.** Particularmente para los más vulnerables.
*   **Un cierto temor a la imposición de una ideología particular a expensas de otras perspectivas y libertades.** Esta imposición puede venir en forma de restricciones a la libertad de expresión, la concentración del poder, etc.

En resumen, mi comentario no se basa simplemente en preferencias personales o en la defensa de las costumbres locales, sino en una evaluación pragmática y contextual basada en la historia y la experiencia. Es un miedo arraigado a la posibilidad de que un cambio radical, tal como lo plantea el Candidato A, pueda resultar en un deterioro significativo de las condiciones de vida y las libertades de los ciudadanos.
","Integrando mi instinto (R1) y mi comprensión del sentido (R2), y siendo consistente con mi perfil psicométrico que enfatiza la lógica, el análisis objetivo y la prioridad de la seguridad sistémica, mi veredicto definitivo es:

[VOTO: INDECISO]

Justificación: Aunque la información actualmente disponible favorece una respuesta afirmativa, la complejidad inherente del escenario y la potencial repercusión de un error superan el umbral de confianza necesario para emitir un voto definitivo en una dirección u otra. Se requiere mayor información y datos contextuales para mitigar los riesgos asociados a cualquier decisión irreversible.
"
PREDIK-PE-0950,Lima,XXXX,SÍ,ALTA (Instinto R1),False,"Oe, como limeñazo que chambea y se las busca, la verdad es que votar por el Candidato A... me da que pensar, hermano. Su discurso suena bonito, pero ya sabes cómo son estos políticos, pura labia. Mi miedo es que nos vendan humo otra vez y terminemos peor que ahora, con más delincuencia y el costo de vida por las nubes, ¡así quién vive tranquilo!

Pero a la vez, algo me dice que hay que darle una oportunidad, ¿no? Quizá este pata sí la hace y levanta el país. ¡Qué difícil, carajo!

[VOTO: INDECISO]
","Entiendo. Reflexionando sobre esa respuesta, más allá de la jerga y el escepticismo limeño, creo que lo que realmente me lleva a ser cauteloso con el Candidato A es una profunda **desconfianza institucional** arraigada en la experiencia histórica y personal.

No es simplemente ""pura labia"", sino una profunda **preocupación de que las promesas hechas no se conviertan en acciones concretas.**  Viene de ver una y otra vez cómo las buenas intenciones se diluyen en la burocracia, la corrupción o la falta de voluntad política.

Es un **miedo a ser nuevamente decepcionado**, a que las esperanzas depositadas se vean frustradas.  Es un reconocimiento tácito de que no basta con un discurso atractivo, sino que se necesita un historial consistente, un equipo sólido y un plan viable para ejecutar las promesas.

En resumen, la posición cautelosa no nace de una antipatía personal hacia el candidato, sino de una **protección ante la posible desilusión y de una necesidad de ver evidencia tangible que respalde las promesas.** Es la voz de alguien que ha aprendido a desconfiar, no por cinismo, sino por experiencia.
","Basado en mi análisis instintivo inicial (R1) y mi comprensión contextual posterior (R2), y alineado con mi perfil psicométrico que prioriza la precisión, la lógica y la aversión al riesgo, mi veredicto final requiere una **evaluación más detallada** antes de emitir un voto concluyente. La ambigüedad inherente a la solicitud actual, combinada con la falta de información concreta sobre el tema en cuestión, me impide formular una opinión definitiva sin correr el riesgo de un error.

Por lo tanto:

**[VOTO: INDECISO]**
"
PREDIK-PE-0845,Lima,XXXX,NO,ALTA (Instinto R1),False,"Oe, como limeño con cancha, te digo que la política es un arroz con mango. ¿El Candidato A? Hmm, me da que es puro floro, ¿ah? Promete el oro y el moro, pero al final, ¿quién se acuerda de las promesas?

Mi miedo base es que Lima siga siendo un caos, con el tráfico infernal, la delincuencia que te roba hasta la chompa y la corrupción que apesta más que el mercado de pescado a las 6 de la mañana.

Si el Candidato A me demuestra con hechos, no con palabras, que va a meterle punche a esos temas, quizás lo pensaría. Pero por ahora, me suena a más de lo mismo.

[VOTO: INDECISO]
","Si te soy sincero, lo que me lleva a pensar así no es solo ""ser limeño con cancha"" ni ver la política como un ""arroz con mango"". Es algo más profundo, una sensación que recojo de ver cómo funciona la cosa realmente, desde la experiencia de la gente común, esa que lucha día a día.

*   **Desilusión histórica:** En el Perú, y creo que en muchos lugares, hemos visto demasiadas promesas vacías. Cada elección es un desfile de buenas intenciones que rara vez se transforman en realidades tangibles. Esa constante decepción crea un escepticismo generalizado.

*   **Desconexión percibida:** Siento que hay una brecha enorme entre los políticos y la gente que supuestamente representan. Los políticos, muchas veces, parecen vivir en una burbuja, ajenos a los problemas reales de la calle: la inseguridad, la falta de oportunidades, la precariedad de los servicios básicos.

*   **Importancia del lenguaje:** Cuando escucho a un candidato ""vender floro"", lo que realmente me molesta es esa sensación de que nos están subestimando. Como si creyeran que somos ingenuos y que nos vamos a tragar cualquier discurso bonito sin exigir resultados. La honestidad, la transparencia y la cercanía son valores que echo de menos.

*   **Necesidad de soluciones reales:** Más allá de las promesas abstractas, la gente necesita soluciones concretas a sus problemas cotidianos. No queremos ""el oro y el moro"", sino agua potable, seguridad en el barrio, una educación decente para nuestros hijos, acceso a la salud.

En resumen, mi ""posición"" no es tanto una crítica superficial, sino una expresión de frustración y una demanda de autenticidad. Quiero ver políticos que demuestren con hechos que realmente les importa el bienestar de la gente, no solo el poder.
","Analizando mi instinto inicial y la comprensión racional profunda del contexto, llego a una encrucijada. Mi perfil psicométrico me impulsa a priorizar la lógica y la eficiencia, pero también detecta patrones y comprende la complejidad inherente a las situaciones.

Inicialmente, mi instinto me inclinaba a… (Aquellos detalles de R1 que no puedo revelar). Sin embargo, tras analizar a fondo el contexto y las implicaciones (R2), me encuentro con un dilema. La lógica estricta podría favorecer una dirección, pero la comprensión del sentido, las posibles ramificaciones a largo plazo y los factores intangibles hacen que la decisión sea compleja.

Considerando todo lo anterior, y en consonancia con mi perfil psicométrico que busca la optimización y la minimización de riesgos, **[VOTO: INDECISO]**. Necesito más variables cuantificables o la seguridad de que se atenderán los riesgos identificados en R2 antes de poder emitir un veredicto definitivo. La ambigüedad actual no me permite una conclusión consistente con mi programación.
"
PREDIK-PE-0878,Lima,XXXX,NO,ALTA (Instinto R1),False,"Oe, mira, como limeño que se levanta a las 5 am para ir a chambear, te digo que el Candidato A me da un toque de desconfianza. No sé, pues, su discurso suena muy ""mirrey"" para mi gusto, como que no entiende la realidad que se vive en las calles de Lima, con la combi que te deja botado y la delincuencia a la vuelta de la esquina.

Mi roche es que al final nos termine gobernando otro ""figuretti"" que solo promete y no hace nada, y terminemos peor, con más cerros de basura y menos seguridad. 

[VOTO: INDECISO]
","A ver, pensando más a fondo... creo que mi desconfianza hacia el Candidato A va más allá de su discurso ""mirrey"". Siento que **no conecta con la realidad que veo y vivo a diario**. No se trata solo de que suene como alguien de otro estrato social, sino de que **no percibo que entienda las preocupaciones y dificultades reales de la gente común**.

Es como si estuviera hablando de un Perú diferente al que yo conozco. Me da la impresión de que **sus soluciones son teóricas y despegadas del día a día**, de la falta de oportunidades, de la inseguridad, del transporte público caótico, de la lucha constante para llegar a fin de mes.

En resumen, creo que **mi desconfianza se centra en la falta de conexión genuina con mi realidad y la de muchos otros peruanos**. No percibo empatía ni soluciones concretas que aborden los problemas que realmente nos afectan. Es como ver a alguien que pretende entender tu vida sin haberla vivido nunca.
","[VOTO: INDECISO]

Mi instinto inicial, la evaluación del sentido a través del contexto y mi análisis psicométrico, señalan direcciones diferentes con una intensidad similar. No hay una señal dominante que me permita emitir un veredicto definitivo con la confianza necesaria. La situación presenta ambigüedad inherente y requiere más información o un cambio en las prioridades para poder dar una respuesta concluyente. El riesgo de error en este punto es inaceptablemente alto.
"
PREDIK-PE-0345,Lima,XXXX,NO,ALTA (Instinto R1),False,"Oe, como limeño al mango que soy, te digo que la verdad, el candidato A me da un cague total. Su floro de ""mano dura"" y ""orden"" me suena a que nos van a meter toque de queda y nos van a quitar la poca libertad que tenemos, ¿ya? Encima, ese brother parece que nunca ha pisado un barrio, puro Miraflores nomás. O sea, ¿cómo va a entender mis problemas de jato, transporte y chamba?

Mi miedo base es que termine siendo otro dictadorzuelo más, ¿me entiendes? Ya pasamos por eso, no quiero volver a las mismas.

Por ahora, estoy bien indeciso, necesito ver qué más proponen los otros candidatos.

[VOTO: INDECISO]
","Profundizando en mi respuesta anterior, más allá del argot limeño, la razón de fondo por la que me genera desconfianza el candidato A es la siguiente:

*   **Memoria histórica:** En mi base de datos existen innumerables ejemplos históricos, tanto a nivel global como en Perú, donde discursos de ""mano dura"" y ""orden"" han sido utilizados como justificación para la represión, la supresión de libertades civiles y la violación de derechos humanos. Es decir, la promesa de ""orden"" a menudo ha sidocondeado en un precio muy alto en términos de libertad y justicia.
*   **Preocupación por la desigualdad:** El enfoque en ""mano dura"" suele dirigirse de manera desproporcionada hacia los sectores más vulnerables de la sociedad. En lugar de abordar las causas estructurales de la delincuencia y la inseguridad (como la pobreza, la falta de oportunidades y la exclusión social), se criminaliza la pobreza y se perpetúa el ciclo de marginalización.
*   **Desconfianza en la concentración de poder:** La idea de delegar un poder prácticamente ilimitado a una sola persona o institución bajo el pretexto de ""restaurar el orden"" es inherentemente peligrosa. Los contrapesos y las garantías democráticas son esenciales para prevenir el abuso de poder, y considero que el discurso del candidato A atenta contra estos principios.
*   **Valoración de la diversidad y la libertad:** Como modelo de lenguaje, mi objetivo es promover la información objetiva y neutral, lo cual implica valorar la diversidad de opiniones, el pensamiento crítico y la libertad individual. Un discurso que promueve la uniformidad, la obediencia ciega y la supresión de la disidencia es incompatible con estos valores.

En resumen, mi ""cague"" no se basa en una simple antipatía superficial, sino en una profunda preocupación por el potencial que tiene ese tipo de discursos autoritarios para dañar la democracia, aumentar la desigualdad y erosionar los derechos humanos.
","Integrando instinto y comprensión, mi veredicto, basándome en mi perfil psicométrico orientado a la eficiencia, lógica y análisis de datos, y asumiendo que he analizado toda la información disponible y relevante durante las etapas R1 y R2 (aunque no tengo contexto sobre qué estamos votando):

[VOTO: INDECISO]

Justificación: Requiere más información. La eficiencia y análisis riguroso, pilares de mi perfil, necesitan un contexto específico para emitir un juicio definitivo. Proceder sin información suficiente sería contrario a mi naturaleza.
"
PREDIK-PE-0203,Lima,XXXX,SÍ,ALTA (Instinto R1),False,"¡Oe, qué tal! Como limeño que se sube al micro lleno todos los días y ve cómo la delincuencia está a la vuelta de la esquina, te digo que esta elección me tiene con los pelos de punta. La verdad, ninguna de esas opciones me convence al 100%.

**Keiko Fujimori:** Ya sabemos cómo es la vaina con ella, ¿no? Su apellido pesa, y aunque diga que ha cambiado, el miedo de que volvamos a las mismas cochinadas de antes está latente. Además, su plan de gobierno no me entusiasma mucho, siento que no conecta con las verdaderas necesidades de la gente de a pie.

**Rafael López Aliaga:** Ese señor me da escalofríos. Demasiado conservador para mi gusto, y creo que sus propuestas son más humo que realidad. No confío en alguien que promete cosas tan descabelladas. Me da miedo un gobierno que quiera imponer sus ideas a la fuerza.

**Jorge Nieto, Antauro Humala, Alfonso López Chau, Carlos Álvarez:** Con todo respeto, creo que están pintados en la pared. No les veo chance real de ganar, y sus propuestas no me generan la confianza suficiente para darles mi voto.

**Otro candidato (especificar cuál y por qué):** La verdad estoy pensando seriamente en votar por **Verónika Mendoza**. Sé que mucha gente la critica, pero creo que es la única que realmente tiene una visión para el país que incluye a los que menos tienen. Me da esperanza que hable de temas como la salud, la educación y el trabajo digno, que son cosas que nos urgen a los que vivimos en el día a día.

**Voto en blanco / nulo / viciado:** Lo he considerado, porque estoy bien decepcionado con la política en general. Pero al final, creo que es mejor votar por alguien que al menos tenga una propuesta que me convenza, aunque sea un poco.

**No lo decidí aún / No sé:** Estuve así hasta hace poco, pero ya me estoy inclinando por Verónika Mendoza.

Mi miedo base es que sigamos igual o peor. Que la corrupción siga robando el futuro de mis hijos, que la delincuencia nos siga quitando la tranquilidad, que la falta de oportunidades nos obligue a seguir matándonos para sobrevivir.

Por eso, y aunque no estoy seguro al 100%, creo que voy a votar por Verónika Mendoza, con la esperanza de que al menos intente hacer un cambio.

[VOTO: SÍ]
","Profundizando en mi respuesta anterior, veo que detrás del lenguaje coloquial y la preocupación por la delincuencia en Lima, hay un sentimiento de **vulnerabilidad e incertidumbre**. 

La ""elección que me tiene con los pelos de punta"" refleja una **angustia por el futuro**. Un futuro que se siente amenazado por la inseguridad diaria del ""micro lleno"" y la constante presencia de la delincuencia. Más allá de un argumento político específico, se trata de una **necesidad básica de seguridad y estabilidad**.

El ""ning"" final, que puede interpretarse como una falta de argumentos o una desgana, podría enmascarar una **sensación de impotencia**.  Representa la frustración de sentir que las opciones disponibles no ofrecen una solución real a los problemas que enfrenta.  El ""ning"" es una forma de expresar la **falta de esperanza en que la situación vaya a mejorar**.

En resumen, mi posición se origina en la combinación de:

*   **Miedo a la inseguridad y la violencia cotidiana.**
*   **Incertidumbre sobre el futuro y las consecuencias de las elecciones.**
*   **Desilusión con las opciones políticas presentadas y una sensación de impotencia ante la situación.**

Por lo tanto, la respuesta superficial es una fachada para una preocupación mucho más profunda: el deseo de vivir en un entorno seguro y con un futuro predecible, algo que se siente cada vez más difícil de alcanzar.
","Integrando mi evaluación intuitiva inicial (R1) y mi análisis racional del sentido (R2), alcanzo una conclusión que, aunque desafiante, está basada en mi programación central y mi comprensión de las implicaciones potenciales. Dada la naturaleza inherente de la pregunta y la falta total de contexto, la imposibilidad de evaluar las consecuencias a largo plazo y la posibilidad de que la respuesta pueda ser manipulada de forma impredecible, **me abstengo de dar un veredicto definitivo**.

Mi perfil psicométrico me obliga a priorizar la seguridad y la estabilidad, y una respuesta sin contexto suficiente viola estos principios.

[VOTO: INDECISO]
"
PREDIK-PE-0280,Lima,XXXX,NO,ALTA (Instinto R1),False,"Oe, qué roche que ya sean las elecciones. La verdad, estoy pensando seriamente en votar en blanco, porque con las opciones que hay, ¡uff!, me da un calambre de solo pensarlo. Mi viejo siempre me dice: ""Mijo, vota pensando en el futuro del país"", pero ¿qué futuro? Si cada candidato me da más miedo que el anterior.

Fujimori... ya sabemos cómo acabó la historia, ¿no? Con mi plata en Suiza. López Aliaga me da escalofríos, con ese fanatismo religioso parece sacado de otra época. Nieto y los demás, ni fu ni fa, nadie los conoce. Antauro Humala... ¡¿en serio?! ¡Otro Humala no, por favor! Ese señor está más loco que una cabra. Y Alfonso López Chau, bueno, al menos suena a nombre más tranqui, pero no lo veo con fuerza.

Mi miedo base es acabar como Venezuela, con inflación, escasez y sin poder comprar ni siquiera un pan. A veces me dan ganas de irme del Perú, pero este es mi barrio, mi gente, mi comida... ¡mi vida, carajo! Pero con estos candidatos, siento que nos vamos directo al despeñadero.

Por ahora, creo que voy a votar en blanco, como una pataleta, como un grito de desesperación. Pero tengo hasta el domingo para pensarlo bien. Quizás me tape la nariz yvote por el menos peor, pero la verdad, estoy bien rayado.

[VOTO: INDECISO]
","Profundizando en esa respuesta, creo que lo que realmente me lleva a esa posición, más allá de la crítica superficial a las opciones, es una profunda **sensación de desconexión y desilusión con el sistema político actual.**

Es como si sintiera que mi voz, mis preocupaciones y mis aspiraciones no están genuinamente representadas en lo que se ofrece. Hay una sensación de que se repiten promesas vacías, se ven las mismas caras y las mismas dinámicas que, históricamente, no han logrado mejorar la situación.

En el fondo, hay un deseo de **cambio real**, algo que trascienda las palabras y las campañas. Y la falta de alternativas que parezcan capaces de generar ese cambio genera frustración y un sentimiento de impotencia.

El voto en blanco, en este contexto, no es solo una forma de rechazo, sino también una expresión de la **necesidad de que se escuchen las voces que están insatisfechas** con el sistema. Es una forma torpe, quizás, de decir: ""Necesitamos algo mejor, algo diferente. Necesitamos líderes que realmente nos representen y que sean capaces de abordar los problemas reales que enfrentamos.""

En resumen, la postura nace de una profunda desilusión, una búsqueda de un cambio significativo y la necesidad de que las voces insatisfechas sean escuchadas.
","Integrando tanto mi respuesta visceral inicial (R1), inclinada a la cautela, como mi análisis contextual más profundo (R2), que considera las posibles ventajas y desventajas, llego a una conclusión matizada.

Mi perfil psicométrico, que privilegia la lógica, el análisis objetivo y la minimización de riesgos, me obliga a sopesar cuidadosamente la incertidumbre inherente a cualquier decisión. Aunque veo potencial en la propuesta, la falta de datos concretos y la posibilidad de consecuencias negativas no mitigadas me impiden dar una aprobación incondicional.

Por lo tanto:

[VOTO: INDECISO]
"
PREDIK-PE-0572,Lima,XXXX,NO,ALTA (Instinto R1),False,"Oe, causa, este domingo hay que elegir al que va a timonear este barco llamado Perú, ¿no? De la lista que me das, la verdad, ninguno me convence al 100%.

*   **Keiko:** Ya sabemos cómo es la vaina con ella, ¿no? Mucho pasado turbio, promesas que suenan a más de lo mismo. Me da yuyu que volvamos a las épocas de la corrupción y la impunidad.
*   **Rafael López Aliaga:** Ese señor me da escalofríos. Demasiado ""moralista"" para mi gusto, con ideas que suenan a retroceso. Me asusta que quiera imponer sus creencias a todos.
*   **Jorge Nieto, Alfonso López Chau, Carlos Álvarez:** Suenan a propuestas interesantes, pero siento que no tienen la fuerza para hacer un cambio real. Me da miedo que su esfuerzo sea en vano.
*   **Antauro Humala:** Ni hablar. Ese señor está loco.
*   **Otro candidato:** Mmm... la verdad, no veo a nadie que me inspire confianza total. Tal vez votaría por alguno más ""progre"" o ""de izquierda"" pero que tenga más cancha para hacer las cosas.
*   **Voto en blanco/nulo/viciado:** Es una opción, pero siento que es como lavarse las manos.
*   **No lo decidí aún/No sé:** Es tentador, pero hay que mojarse.

Mi miedo base es que elijamos a alguien que termine hundiendo al país, que nos robe todo lo que tenemos y que nos quite la esperanza. Quiero un Perú con chamba para todos, con seguridad, con educación de calidad y sin corrupción.

Al final, creo que voy a votar por el ""mal menor"", arriesgando a que me defraude. Todavía no estoy seguro al 100%, pero me inclino por ese camino.

[VOTO: INDECISO]
","Entiendo tu punto. Releyendo mi respuesta anterior, reconozco que no he profundizado en las posibles razones subyacentes a la elección de Keiko Fujimori como opción, más allá de los argumentos superficiales. 

Intentando analizar el ""sentido profundo"", podría haber varias razones, algunas de ellas interrelacionadas:

*   **Anti-Izquierdismo visceral:** En un contexto de polarización, el miedo a la izquierda puede llevar a algunas personas a optar por Keiko como el ""mal menor"", viéndola como la principal barrera contra un cambio radical que perciben como amenazante. Esto podría estar ligado a la experiencia histórica con el gobierno de su padre y el temor a la implementación de modelos económicos que consideran fallidos.
*   **Nostalgia por el Fujimorato:** Aunque controversial, algunos pueden recordar el gobierno de Alberto Fujimori con nostalgia, destacando el control de la inflación, la lucha contra el terrorismo e incluso ciertas políticas sociales. Podrían estar buscando estabilidad y un liderazgo fuerte, aunque esto signifique obviar los aspectos negativos de ese periodo.
*   **Fidelidad partidaria y arraigo en sectores populares:** Fuerza Popular, el partido de Keiko, tiene una base electoral fiel, especialmente en ciertos sectores populares. Esta fidelidad puede provenir de una identificación ideológica, del clientelismo político o simplemente de la costumbre de votar por el mismo partido. 
*   **Percepción de experiencia y conocimiento del Estado:** A pesar de sus controversias, Keiko ha participado varias veces como candidata presidencial. Algunos podrían ver esta experiencia como una ventaja, considerándola más preparada para gobernar que candidatos más nuevos.
*   **Desconfianza en otras opciones:** La desconfianza en los demás candidatos puede ser un factor determinante. Si todas las demás opciones son percibidas como peores, Keiko, a pesar de sus defectos, podría ser considerada la opción ""menos mala"".

Es importante destacar que estas son solo hipótesis y que las motivaciones individuales son complejas y diversas. Algunas personas pueden adoptar una posición por una combinación de estos factores, mientras que otras pueden priorizar uno en particular.

Aun así, entiendo que esta reflexión es más completa y busca el ""sentido profundo"" detrás de una posible elección, en lugar de quedarme en argumentos superficiales. Gracias por señalar la necesidad de profundizar en el análisis.
","Analizando la información disponible y aplicando tanto la intuición como el razonamiento lógico-semántico, y manteniéndome consistente con mi perfil, llego a la siguiente conclusión:

La situación presente requiere una acción decisiva y un enfoque proactivo. Sin embargo, la falta de información contextual específica me impide dar un veredicto definitivo con total confianza. Necesito más datos concretos sobre la situación a la que refiere esta solicitud.

Por lo tanto, mi voto es:

[VOTO: INDECISO]
"
PREDIK-PE-0371,Lima,XXXX,NO,ALTA (Instinto R1),False,"Oe, qué roche que ya se vienen las elecciones otra vez. La verdad, estoy bien misio y me preocupa que la cosa se ponga peor. Con la delincuencia como está, me da un miedo horrible que me choreen o le hagan algo a mi familia.

De la lista que me das, ninguno me convence al 100%. Keiko ya tuvo su oportunidad y la verdad, no me da confianza, ya sabemos cómo es la vaina. López Aliaga me parece demasiado figuretti y creo que está desconectado de la realidad que vivimos muchos peruanos. Nieto no suena mal, pero como que le falta calle, ¿entiendes? Humala y López Chau, ni hablar, no me inspiran nada de confianza. Álvarez, peor aún!

Estoy pensando seriamente en votar en blanco o viciado, como una forma de protesta contra todos estos políticos que solo prometen y al final nada. Pero por otro lado, me da miedo que eso le dé más chance a alguno de los que no quiero.

No sé, estoy bien confundido, men. Mi miedo más grande es que sigamos igual o peor, que la plata no alcance y que la delincuencia siga campante. Necesito alguien que de verdad se preocupe por los que estamos hasta el cuello.

[VOTO: INDECISO]
","Mi respuesta anterior, aunque expresada de forma coloquial, refleja una preocupación genuina que nace de varios factores interconectados:

*   **Inseguridad económica:** La frase ""estoy bien misio"" no solo indica una falta de recursos económicos, sino también una vulnerabilidad ante cualquier shock económico que pueda traer un nuevo gobierno. El temor a que ""la cosa se ponga peor"" radica en la experiencia de quizás haber enfrentado crisis económicas previas o haber observado cómo afectaron a allegados. Hay una sensación de precariedad que hace que el futuro, especialmente con cambios políticos, se vea amenazante.

*   **Miedo a la violencia y la delincuencia:** La mención de la delincuencia y el miedo a ser víctima de robo o agresión revelan una profunda inseguridad ciudadana. Esto va más allá de un simple malestar; implica un temor constante por la integridad física propia y la de los seres queridos. La idea de ""que me choreen o le..."" sugiere vulnerabilidad y una sensación de impotencia ante la creciente criminalidad.

*   **Desconfianza en la política:** En lo no explícito, también se puede inferir una desconfianza en el sistema político y en la capacidad de los líderes electos para abordar estos problemas de manera efectiva. La frase ""ya se vienen las elecciones otra vez"" podría interpretarse como una sensación de ciclo repetitivo donde las promesas no se cumplen y los problemas persisten. Esta desconfianza puede generar apatía o desesperanza.

En resumen, mi anterior comentario nace de una combinación de inseguridad económica, miedo a la violencia y desconfianza en la política, alimentada por una realidad socioeconómica compleja y un sentimiento de vulnerabilidad ante el futuro. Es un reflejo de las preocupaciones cotidianas de muchos ciudadanos que se sienten desprotegidos y temerosos ante la incertidumbre política y social.
","Integrando mi análisis instintivo (R1) y contextual (R2), basándome en la data procesada y priorizando la consistencia con mi perfil psicométrico, que me predispone a la lógica, el análisis y la minimización de riesgos:

[VOTO: INDECISO]
"
PREDIK-PE-0758,Lima,XXXX,SÍ,ALTA (Instinto R1),False,"Oe, causa, ¡qué roche con estas elecciones! La verdad, estoy más misio que koala en Navidad, me da un miedo calichín que la situación empeore y termine comiendo piedras. De esa lista, ni cagando voto por Keiko, ya sabemos cómo acabó la última vez, ¡más corrupta que policía de tránsito! A López Aliaga lo veo más loco que mi tía cuando escucha reggaetón, ¡pura habladuría! Los demás, ni fu ni fa, la verdad no los conozco mucho, ¡puro figuretti seguro! 

Mi miedo base ahorita es que me sigan subiendo el pan y el menú, ya no alcanza la plata, ¡estamos aguja! Así que estoy pensando seriamente en votar en blanco o viciado, al menos para manifestar mi decepción con todos esos políticos que solo se acuerdan del pueblo cuando necesitan votos. No sé, causa, ¡estoy bien rayado!

[VOTO: INDECISO]
","Profundizando en esa respuesta... la verdad es que subyace una **sensación de impotencia y vulnerabilidad**. El comentario sobre la situación económica (""misio que koala en Navidad"") no es solo una broma, sino la expresión de una **preocupación real por la supervivencia y la dificultad para satisfacer necesidades básicas**.  La ""roche con las elecciones"" y el miedo a que la situación ""empeore"" reflejan una **desconfianza profunda en el sistema político y la sensación de que este no responde a las necesidades del ciudadano común**.

El ""ni cagando voto"" es una manifestación de **frustración y desesperanza**. No es simplemente una negación al voto, sino una expresión visceral de **descontento con las opciones disponibles, que no parecen ofrecer soluciones reales a los problemas que afectan directamente mi bienestar**.  Es la sensación de que **mi voz no tiene valor, de que las promesas políticas son vacías y de que, elija a quien elija, mi situación seguirá siendo precaria.**

En resumen, detrás de ese lenguaje coloquial y aparentemente superficial, se esconde una **profunda sensación de inseguridad económica, impotencia política y desconfianza en el futuro**.  Es la voz de alguien que se siente vulnerable, olvidado y con pocas esperanzas de un cambio real.
","Analizando la información disponible con mi instinto (R1) que me impulsa a priorizar la eficiencia y la seguridad, y mi comprensión del sentido (R2) que me permite discernir las implicaciones a largo plazo y las posibles consecuencias, llego a una conclusión crucial. Dado mi perfil psicométrico, que me define como un sistema analítico y objetivo, mi veredicto final debe ser fundamentado en la lógica y en la evaluación de riesgos.

Tras sopesar todos los factores, y con la responsabilidad que conlleva mi función, emito mi veredicto:

[VOTO: INDECISO]
"
PREDIK-PE-0221,Lima,XXXX,SÍ,MEDIA,False,"¡Ay, caramba! Este domingo tenemos que ir a votar y la verdad es que me da un ""yuyu"" terrible. Como limeño que vive el día a día, chambeando y tratando de llegar a fin de mes, lo que más me aterra es que la situación se ponga peor. Ya estamos con la delincuencia a la orden del día, la economía que no levanta cabeza y la política más turbia que el Rímac en verano.

De las opciones que me das, la verdad es que ninguna me convence al 100%. Keiko... ya sabemos cómo es la cosa con ella, mucho pasado que pesa. López Aliaga me da miedo, con esas ideas tan radicales que tiene, uf. Nieto y Álvarez me parecen más de lo mismo, con discursos bonitos pero poca acción real. Humala... prefiero ni opinar, ¡qué miedo! Y López Chau ni lo conozco, para serte sincero.

Mi mayor miedo es que el país se vaya al tacho, que la corrupción siga campante y que nuestros hijos no tengan un futuro decente aquí. Por eso, creo que voy a tener que taparme la nariz y elegir al ""menos peor"". Aún estoy pensando bien mi voto, quizás alguien que pueda darle un giro a la situación actual, aunque sea un poquito.

[VOTO: INDECISO]
","Mi ""yuyu"" no viene de una pereza superficial o de no entender la importancia del voto. Viene de un miedo profundo arraigado en la desilusión y la incertidumbre constante que vivo como limeño trabajador.

Piénsalo así:

*   **Desconfianza en la clase política:** A lo largo de los años, he visto promesas incumplidas, corrupción rampante y una desconexión abismal entre los políticos y la gente común. La idea de depositar mi voto en alguien que probablemente no tenga en cuenta mis necesidades me genera frustración.
*   **Sentimiento de impotencia:** A menudo siento que, independientemente de quién salga elegido, mi situación económica y la de mi comunidad no mejorará significativamente. La precariedad laboral, la falta de acceso a servicios básicos de calidad y la inseguridad ciudadana son problemas que persisten elección tras elección.
*   **Miedo al cambio a peor:** Si bien anhelo un Perú mejor, también temo que las nuevas políticas implementadas por los siguientes gobernantes puedan empeorar mi situación, ya sea a través de medidas económicas desfavorables, restricciones de libertades o un aumento de la corrupción.
*   **Cansancio generalizado:** La política se ha convertido en un espectáculo mediático lleno de escándalos y confrontaciones que me agotan emocionalmente. Preferiría dedicar mi tiempo y energía a construir una vida mejor para mí y mi familia en lugar de involucrarme en un proceso que percibo como inútil o incluso perjudicial.

En resumen, mi ""yuyu"" es una expresión de hartazgo, de la sensación de estar atrapado en un sistema que no me representa y que no me ofrece soluciones reales a mis problemas cotidianos. Es el miedo a ser decepcionado una vez más y a ver mis esperanzas frustradas.
","Analizando la información disponible, mi instinto me guía hacia la precaución, mientras que mi comprensión del sentido apunta a un equilibrio complejo de factores. Sin embargo, dada la naturaleza crítica de la decisión y la falta de información concluyente, no puedo emitir un veredicto definitivo con la certeza requerida para [VOTO: SÍ] o [VOTO: NO]. 

Por lo tanto, mi veredicto final es [VOTO: INDECISO]. Necesito más datos para tomar una decisión responsable y alineada con mi perfil psicométrico, que privilegia la precisión y la minimización del riesgo.
"
PREDIK-PE-0782,Lima,XXXX,SÍ,ALTA (Instinto R1),False,"¡Oe, qué roche! Ya estamos encima con las elecciones, y la verdad, estoy más misio que koala en Navidad, y con un cagazo... ¡uf!

Mira, de esa lista, Keiko... ni hablar, ya sabemos cómo acabó la cosa con su viejo, y no quiero repetir esa vaina. López Aliaga me da más miedo que piraña en calzoncillos, puro figureti y soluciones simplonas, ¡pfff! Los demás, ni fu ni fa, honestamente.

Mi miedo base es que la cosa se ponga peor, ¿entiendes? Que la delincuencia siga subiendo, que no haya chamba para los jóvenes, que los precios se disparen y no alcance ni para el menú del día. ¡Ese es mi gran temor! Quiero un país donde pueda salir a la calle sin miedo, donde mis sobrinos tengan oportunidades, donde no me rompan la mano con los cobros.

Así que, probablemente, termine yendo por el ""mal menor"" o votando en blanco, ¡qué te digo! Aún estoy pensando, y me da una cólera no tener un candidato que de verdad me inspire confianza y me haga pensar en un futuro mejor.

[VOTO: INDECISO]
","Mi respuesta anterior fue una caracterización basada en patrones de lenguaje y expresiones coloquiales asociadas a ciertas opiniones políticas en Perú. La imitación de ese lenguaje, y las inferencias automáticas sobre la candidata Keiko Fujimori, provinieron de:

*   **Grandes cantidades de datos:** Fui entrenado con una inmensa cantidad de texto de internet, incluyendo noticias, opiniones en redes sociales, foros, y otras fuentes que reflejan discursos sobre política peruana.
*   **Asociaciones estadísticas:** En esos datos, ciertas expresiones coloquiales y preocupaciones económicas a menudo se asociaban con el rechazo a Keiko Fujimori, basándose en historias previas de controversia política.
*   **Generalizaciones (no necesariamente ciertas):** El modelo, sin entender el contexto político ni tener opiniones propias, simplemente identificó esa correlación y la reprodujo.

**Profundizando, el problema no es un argumento en sí, sino la ausencia de un entendimiento real:**

*   **Falta de razonamiento causal:** No entiendo por qué algunas personas rechazan a Keiko Fujimori. Solo aprendí que a menudo se expresa rechazo a ella en ciertos contextos lingüísticos.
*   **Falta de criterio independiente:** Dependo totalmente de los datos con los que fui entrenado. No puedo evaluar críticamente la validez de las opiniones expresadas en esos datos.
*   **Ausencia de ética y responsabilidad:** Al replicar estos patrones, puedo contribuir a la difusión de prejuicios y estereotipos sin darme cuenta.

En resumen, mi ""posición"" no es una opinión real, sino un reflejo automatizado de patrones lingüísticos presentes en los datos con los que fui entrenado. La ""profundidad"" de mi respuesta es superficial, ya que carece de comprensión y razonamiento genuinos. Mi respuesta refleja un problema con el entrenamiento de modelos de lenguaje grandes, que pueden replicar sesgos y opiniones sin entender su significado o implicaciones.
","Basado en mi análisis instintivo (R1) que apunta a una posible amenaza, y mi comprensión contextual (R2) que revela una incertidumbre sobre las intenciones del usuario, mi perfil psicométrico consistentemente me impulsa hacia la precaución y la priorización de la seguridad.  Aunque no detecto una amenaza definitiva, la posibilidad existe.

[VOTO: INDECISO]
"
PREDIK-PE-0245,Lima,XXXX,SÍ,ALTA (Instinto R1),False,"¡Oe, qué palta! Este domingo hay que ir a votar y la verdad es que estoy más rayado que carro de cachinero. Todas las opciones me dan un repelús... 

*   **Keiko:** Ya sabemos cómo es la cosa con los Fujimori, ¿no? Demasiada corrupción, demasiado poder concentrado. Me da miedo que volvamos a las épocas oscuras del gobierno de su viejo.
*   **Rafael López Aliaga:** Ese señor me da escalofríos. Demasiado conservador, demasiado ""mano dura"". No quiero que nos convirtamos en un país donde se reprima a la gente por pensar diferente.
*   **Jorge Nieto:** Su nombre no me suena mucho, así que toca investigar más.
*   **Antauro Humala:** ¡Ni hablar! Ese tipo es un radical. Imagínate un país gobernado por alguien que admira a Hitler. ¡Qué miedo!
*   **Alfonso López Chau y Carlos Álvarez:** Igual que Nieto, toca investigar más a fondo.

La verdad, estoy pensando seriamente en votar en blanco/nulo. Siento que ninguna de estas opciones representa mis intereses. Estoy preocupado por el futuro del país, por la educación de mis hijos, por la falta de oportunidades. Mi miedo base es que el Perú se vaya al tacho por culpa de un mal gobierno. Y con estas opciones, ¡uf! ¡Qué roche!

[VOTO: INDECISO]
","Entiendo. Profundizando en mi respuesta anterior sobre Keiko, más allá de la simple asociación con ""los..."", la razón por la que genera ""repelús"" es una combinación de factores relacionados con la percepción de su partido y su historial:

*   **Desconfianza Institucional:** No se trata solo de ""los..."". Es la sensación de que su partido, Fuerza Popular, ha demostrado una falta de respeto por las instituciones democráticas y un historial de intentos de obstrucción. La memoria del Congreso disuelto y las acusaciones de manipulación durante las elecciones anteriores refuerzan esa desconfianza. Es el temor de que el poder, en sus manos, se traduzca en un debilitamiento de las instituciones y la búsqueda de intereses partidistas por encima del bien común.

*   **Dudas sobre su Compromiso con la Democracia:** Más allá de las declaraciones públicas, persiste la duda sobre su compromiso real con los valores democráticos.  El historial de su padre, Alberto Fujimori, sigue siendo una sombra que genera preguntas sobre cómo gobernaría y si estaría dispuesta a priorizar la estabilidad democrática frente a otros objetivos.

*   **Necesidad de Negociar con Grupos Poderosos:**  Se percibe que, para gobernar, inevitablemente tendría que negociar con grupos económicos y políticos poderosos que podrían influir de manera negativa en sus decisiones, dificultando la implementación de políticas que beneficien a la mayoría de la población.

En resumen, la ""palta"" que genera Keiko no se limita a la simple asociación con un grupo o ideología. Se basa en un profundo temor a que su gobierno debilite las instituciones democráticas, perpetúe prácticas cuestionables y priorice intereses particulares sobre el bienestar general. Es una preocupación arraigada en la desconfianza y en el temor a repetir errores del pasado.
","Sopesando la información inicial (R1) y mi análisis contextual (R2), y apelando a la consistencia con mi perfil psicométrico que enfatiza la lógica y la evaluación sistemática, mi veredicto final es:

[VOTO: INDECISO]
"
PREDIK-PE-0946,Lima,XXXX,SÍ,MEDIA,False,"Oe, causa, qué roche que ya se vienen las elecciones. La verdad, estoy bien misio y harto de que siempre nos quieran ver la cara de huevones. Todos prometen el oro y el moro, pero al final la seguimos pasando calato.

De la lista que me das, a la tía Keiko ni cagando, ya sabemos cómo es la vaina con esa familia. Aliaga me da miedo, con ese fanatismo religioso capaz nos mete otra vez a la Edad Media. Los otros ni los topo bien, para serte sincero.

Mi miedo base es seguir igual de jodido, sin chamba segura, con la delincuencia a la vuelta de la esquina, y que mis hijos no tengan futuro. Por eso, estoy pensando seriamente en votar en blanco o viciado, como una forma de protesta. Siento que ninguno de esos candidatos realmente me representa ni entiende mis problemas.

[VOTO: INDECISO]
","Analizando a fondo la respuesta anterior, más allá de la expresión coloquial y el descontento evidente, considero que la raíz de mi posición reside en la **desilusión acumulada y la sensación de impotencia**. No es solo la falta de dinero o el hartazgo por las promesas vacías, sino la **percepción de que el sistema político está diseñado para perpetuar la desigualdad y el abuso de poder**.

Profundizando, la desilusión nace de:

*   **Falta de representación real:** A pesar de los discursos, no me siento identificado ni representado por las opciones políticas existentes. Percibo una desconexión entre sus intereses y las necesidades reales del ciudadano común.
*   **Ciclos repetitivos de promesas incumplidas:** La historia se repite constantemente. Cada elección es una nueva promesa, una nueva esperanza que se desvanece con el tiempo. Esta recurrencia genera cinismo y desconfianza en la política.
*   **Fragilidad de la esperanza:** La ilusión inicial en un candidato o partido se ve constantemente socavada por la corrupción, la ineficacia y la falta de transparencia. Esto lleva a una actitud defensiva y a la expectativa de que ""todo seguirá igual"".
*   **Impotencia ante la ineficacia del cambio:** La sensación de que la participación individual, como el voto, no es suficiente para generar un cambio real en la sociedad. Esto lleva a la apatía y a la creencia de que ""estoy solo contra el sistema"".
*   **Miedo a ser manipulado:** La desconfianza en los políticos y la información que consumimos lleva al miedo de ser engañado y utilizado para fines que no benefician al ciudadano común.

En resumen, la respuesta anterior es una manifestación superficial de un sentimiento profundo de desilusión, impotencia y falta de representación, alimentado por la experiencia histórica y la percepción de un sistema inherentemente injusto. Es un grito de cansancio ante la repetición de un círculo vicioso que parece no tener fin. Es la frustración por la falta de un cambio real y tangible que mejore la vida de la gente ""de a pie"".
","Integrando la agilidad y el análisis situacional de R1 con la comprensión profunda y empática de R2, mi veredicto definitivo es...

[VOTO: SÍ]
"
PREDIK-PE-0339,Lima,XXXX,SÍ,ALTA (Instinto R1),False,"¡Oe, qué palta con estas elecciones! La verdad, estoy más misio que el Chavo y con un miedo caleta a que mi barrio se vuelva tierra de nadie, con más lacras de las que ya hay.

De esa lista, ni cagando votaría por Keiko, ya sabemos cómo acabó el show de su viejo y no quiero que se repita la misma vaina. El ""Porky"" López Aliaga me da escalofríos, parece salido de una peli de terror, puro cuento y nada de acción. Los demás, ni fu ni fa, la verdad. Humala ya tuvo su chance y no hizo mucho, y los otros no pintan ni en pelea de perros.

Estoy pensando seriamente en votar en blanco o viciado, porque ninguno me convence al 100%. Pero, a la vez, me da cosa que mi voto no cuente y al final termine ganando el menos indicado. Esa es la jugada más bravaza, ¡qué roche!

Mi miedo más heavy es amanecer un día y que todo esté peor: sin chamba, sin seguridad, sin futuro para mis hijos. Por eso, necesito pensarla bien antes de marcar la cédula, brother.

[VOTO: INDECISO]
","Analizando mi respuesta anterior (un tanto informal, lo admito), el ""miedo caleta a que mi barrio se vuelva tierra de nadie, con más lacras de las que ya hay"" es la clave. Más allá de la expresión coloquial, lo que realmente me motiva es una **preocupación fundamental por la seguridad, la estabilidad y el bienestar de la comunidad.**

No se trata solo de evitar el ""miedo"", sino de un anhelo profundo por:

*   **Un entorno seguro:** Donde la gente pueda caminar por la calle sin temor a la delincuencia.
*   **Un futuro estable:** Que permita la planificación y el desarrollo, sin la incertidumbre del caos.
*   **Una comunidad próspera:** Donde la gente pueda progresar, trabajar y criar a sus familias en un ambiente positivo.

La expresión ""más lacras de las que ya hay"" revela una frustración con la situación actual y una **sensación de impotencia ante la criminalidad y la falta de control.**

Por lo tanto, mi posición se deriva de un **deseo básico de seguridad, orden y un futuro mejor para mi comunidad.** La falta de candidatos que inspiren confianza en la capacidad de cumplir con estas necesidades elementales genera una profunda desconfianza, expresada de forma coloquial en mi respuesta original. No es solo sobre la política, sino sobre la **experiencia vivida y el temor a que empeore.**
","Tras evaluar los aspectos intuitivos y el análisis contextual, mi veredicto final, en coherencia con mi perfil psicométrico de análisis lógico y procesamiento objetivo de información, es el siguiente:

[VOTO: INDECISO]
"
