ID,MBTI,Veredicto,R1,R2
Agent_013,ESFP,NO,"¡Uff, Megan está jugando fuerte ahora! A ver, vamos a ver si esta nueva propuesta me convence.

**Ronda 1: Reacción Instintiva (ESFP en Acción)**

¡200 lucas! Es un montón de guita. Al toque pienso: ¿de verdad necesito esto? Mi restaurante anda, la gente viene, aunque a veces… a veces sí que me dan ganas de salir corriendo cuando veo el caos que se arma. Pero ¡tres días con Megan acá! ¡Tres días con alguien diciéndole a mi gente cómo hacer las cosas! ¡Madre mía! Suena a mucho control, y yo soy más de dejar fluir. Pero... esa garantía de 30 días... eso suena tentador. Ah, y el manual con la matriz de crisis, ¡eso me ahorraría unos cuantos dolores de cabeza!

**Ronda 2: Análisis Racional (Considerando la Libertad Personal y el Miedo a la Inflación)**

A ver, calmémonos. Soy un ESFP, sí, me gusta la acción, el contacto con la gente, la energía del restaurante. Pero también soy dueño y tengo que pensar en el negocio. La inflación me tiene con los pelos de punta. Cada día es una sorpresa. Y si esta inversión me permite delegar de verdad, si me da la tranquilidad de que el restaurante va a funcionar bien sin que yo esté todo el tiempo encima...tal vez vale la pena.

El divorcio me dejó bastante complicado, y la verdad es que necesito tiempo para mí, para salir a jugar al pádel, para relajarme un poco. Esa libertad personal es invaluable. Y si Megan me da eso, aunque sea por un tiempo, quizás valga la pena sacrificar esa libertad creativa inicial por esos tres días intensivos. Además, esa garantía de 30 días suena en serio. Que te auditen por Whatsapp todos los días, que resuelvan las crisis en tiempo real...es como tener un seguro contra el desastre.

**Veredicto: ¡Va, pero con Condiciones!**

Si bien mi primer instinto fue de rechazo, la garantía de implementación realmente cambia la perspectiva. El miedo a que la inversión se vaya al tacho es grande, pero la idea de que alguien con experiencia me acompañe durante un mes, corrigiendo sobre la marcha, le da un plus enorme. Además, el manual y la matriz de crisis parecen herramientas útiles para estandarizar procesos y evitar problemas.

Ahora, ¡ojo! No me voy a tirar de cabeza. Necesito hablar con Megan antes. Quiero saber cómo es su estilo de entrenamiento, si es flexible o muy estructurada. Necesito asegurarme de que no va a meter mis empleados en un corset y que va a respetar la identidad de mi restaurante. Si veo que es alguien que entiende mi visión y que puede adaptar su sistema a mi estilo, entonces sí, invierto. Necesito que me prometa que esos 30 días no serán una tortura para mi gente y que, al final del día, realmente voy a poder delegar con confianza. Si me da esa seguridad, las 200 lucas son una inversión en mi tranquilidad y en mi libertad.
","Okay, pensando como un dueño de restaurante argentino de 38 años, ESFP, divorciado, evangélico, votante en blanco, con educación privada, conservador/liberal, preocupado por la inflación y la inseguridad, y que le gusta el pádel, aquí te digo por qué varias iniciativas podrían fallar en el mundo de la gastronomía argentina:

**Fallos relacionados con la Economía:**

*   **Ignorar la Inflación:** Cualquier plan de negocios, estrategia de precios, o programa de inversión que no tenga en cuenta la altísima inflación argentina está destinado al fracaso.  Es crucial tener mecanismos flexibles para ajustar precios rápidamente, negociar con proveedores y anticipar costos.
*   **Sobreendeudamiento:** Tomar créditos en dólares o con tasas de interés variables sin tener una estrategia clara de cómo cubrirse ante las fluctuaciones del tipo de cambio o el aumento de tasas es un suicidio financiero. Muchísimos restaurantes han cerrado por esta razón.
*   **No diversificar proveedores:** Depender de un único proveedor para insumos clave como carne, verduras o café es arriesgado, especialmente si ese proveedor tiene problemas para importar o sufre aumentos drásticos en sus costos.
*   **Desconocer los hábitos de consumo locales:** Intentar importar modas culinarias sin adaptarlas al paladar argentino o a los bolsillos de la gente es un error. Por ejemplo, intentar vender platos sofisticados a precios europeos en un barrio de clase trabajadora.

**Fallos relacionados con la Seguridad:**

*   **Relajación en la seguridad:** Subestimar el riesgo de robos, asaltos o vandalismo en la zona donde está ubicado el restaurante. No invertir en medidas de seguridad como cámaras, alarmas, personal de seguridad (si es necesario) o iluminación adecuada puede resultar en pérdidas económicas significativas y poner en riesgo a los empleados y clientes.
*   **No contar con seguros:** No tener pólizas de seguro adecuadas para cubrir robos, incendios, responsabilidad civil o accidentes laborales puede llevar a la quiebra ante un imprevisto.

**Fallos relacionados con la Gestión:**

*   **Mala administración del personal:** No capacitar adecuadamente al personal, no ofrecer salarios competitivos, no fomentar un buen ambiente laboral, o no cumplir con las leyes laborales (como el pago de horas extras o las cargas sociales) puede generar alta rotación, baja productividad y problemas legales.
*   **Falta de control de costos:** No tener un sistema de control de inventario eficiente, no monitorear los gastos diarios, no analizar los márgenes de ganancia de cada plato, o no detectar fugas de dinero puede llevar a la pérdida de rentabilidad.
*   **Marketing deficiente:** No invertir en marketing digital (redes sociales, publicidad online, email marketing), no tener una buena página web, no generar contenido atractivo, o no interactuar con los clientes en las redes sociales puede resultar en un bajo flujo de clientes.
*   **Ignorar el feedback de los clientes:** No prestar atención a las opiniones de los clientes (ya sea en persona, en las redes sociales o en plataformas de reseñas) y no tomar medidas para mejorar la calidad del servicio o la comida puede dañar la reputación del restaurante.

**Fallos relacionados con Tendencias y Digitalización:**

*   **Resistencia a la digitalización:** Negarse a adoptar sistemas de gestión online, no ofrecer delivery o take away a través de aplicaciones, no aceptar pagos con tarjeta o billeteras virtuales puede limitar el alcance del restaurante y perder clientes que prefieren la comodidad y la rapidez de la tecnología.
*   **No adaptarse a la demanda de opciones saludables y sustentables:** Ignorar la creciente demanda de opciones vegetarianas, veganas, sin gluten, o productos orgánicos puede alejar a un segmento importante de la población.
*   **Sobreinversión en tendencias pasajeras:** Invertir fuertemente en modas gastronómicas que no tienen una base sólida en el mercado local puede resultar en pérdidas económicas si la tendencia desaparece rápidamente.

**Fallos relacionados con el Contexto Personal (basado en el perfil):**

*   **Descuidar la salud mental:** El estrés de manejar un restaurante, sumado a las dificultades económicas y la situación familiar (divorcio), puede afectar la salud mental y física del dueño. No buscar apoyo psicológico o no dedicar tiempo al ocio (como el pádel) puede llevar al agotamiento y al fracaso.
*   **Dejar que las creencias religiosas influyan negativamente en las decisiones:** Si bien la religión es importante, permitir que creencias muy rígidas limiten la flexibilidad y la adaptación a las necesidades del negocio (por ejemplo, en el trato con empleados de diferentes orígenes o en la oferta de productos) puede ser contraproducente.
*   **Aislamiento:** No participar en asociaciones gastronómicas, no hablar con otros dueños de restaurantes para compartir experiencias y aprendizajes, o no buscar mentores puede llevar a cometer errores que se podrían evitar.
*   **Polarización política:** Dejar que las convicciones políticas influyan en el trato con los clientes o en la gestión del negocio puede generar conflictos innecesarios y dañar la reputación del restaurante. Lo ideal es mantener un perfil profesional y buscar soluciones pragmáticas a los problemas.

En resumen, para evitar el fracaso, es crucial tener una visión realista de la situación económica, política y social de Argentina, ser flexible y adaptarse a los cambios, gestionar los costos de manera eficiente, priorizar la seguridad, invertir en marketing digital, escuchar a los clientes, cuidar al personal, y no descuidar la salud mental. Y, por supuesto, ¡nunca subestimar el poder de un buen asado!
"
Agent_021,INTP,NO,"¡Uf, 200.000 pesos! En la situación en la que estamos, es una suma importante. Pero a ver, analicemos esto con calma.

**R1: Reacción Instintiva (INTP - Ti)**

Mi primera reacción es de escepticismo. ""Sistema de Servicio: De Caos a Control"" suena muy prometedor, y el manual en PDF con checklists y protocolos es interesante. Pero 3 días de consultoría intensiva... ¿será suficiente? La ""Matriz de Manejo de Crisis"" es una buena idea. Ahora, lo que realmente llama mi atención es la garantía de implementación de 30 días. Eso sí impacta. Me da una sensación de seguridad que antes no tenía.

**R2: Análisis Racional (INTP - Ne,Si)**

A ver, profundicemos. Como INTP, necesito entender la lógica detrás de esto. El manual y la consultoría son buenos, pero la clave está en esos 30 días de acompañamiento. Megan dice que auditará diariamente a través de WhatsApp y resolverá crisis en tiempo real. Eso es valioso, porque me da la posibilidad de ver si el sistema realmente funciona en mi restaurante, con mi gente.

Ahora, pensando en mi historial (Si), he invertido en consultorías antes que prometían mucho y terminaban en nada. El miedo a perder esa plata otra vez es real. Pero esta garantía de implementación reduce considerablemente ese riesgo. Si veo que durante esos 30 días el restaurante empieza a funcionar mejor, a tener un estándar de calidad constante, y puedo delegar tareas sin preocuparme tanto, entonces la inversión vale la pena.

Tengo que considerar si mi personal estará dispuesto a adaptarse al sistema y seguir los protocolos. La implementación inicial será crucial. Si Megan logra capacitarlos bien y motivarlos, las chances de éxito son mucho mayores.

**Veredicto Final (INTP - Ti, Fe)**

Después de darle vueltas, llego a la conclusión de que la garantía de implementación de 30 días sí cambia mi percepción del riesgo de manera significativa. Antes, invertir 200.000 pesos en esto me parecía arriesgado. Ahora, con esa garantía, siento que tengo una red de seguridad.

Mi mayor angustia es no llegar a fin de mes y perder el poder adquisitivo. Si este sistema realmente logra que mi restaurante funcione de manera más eficiente, que mis empleados estén bien entrenados, y que yo pueda delegar tareas y no vivir con el estrés constante de tener que supervisar todo, entonces la inversión se traduce en mayor rentabilidad y, en consecuencia, en mayor tranquilidad económica.

Además, ¡recuperar mi libertad personal es fundamental! Poder ir al gimnasio sin la preocupación constante de que algo va a salir mal en el restaurante... ¡Sería impagable!

Por lo tanto, sí, esta garantía de acompañamiento hace que la inversión de 200.000 pesos se sienta mucho más ""asegurada"". Es una apuesta que estoy dispuesta a considerar seriamente. Necesitaría hablar con Megan para aclarar algunos detalles sobre cómo es esa auditoría diaria por WhatsApp y cómo maneja las crisis en tiempo real, pero la idea en general me interesa.
","Bien, desde mi perspectiva como dueña de restaurante argentina de 61 años, con las preocupaciones económicas que tengo y mi visión del mundo, voy a analizar por qué las cosas podrían fallar.  Para que mi análisis sea útil, necesito saber **""esto""** a qué se refiere. ¿A qué te refieres con ""esto""?

Dando por sentado que ""esto"" es una iniciativa genérica relacionada con mi rubro (restaurante), aquí te va mi visión crítica:

**Posibles Razones Genéricas para el Fracaso (aplicables a muchas situaciones en Argentina):**

*   **Falta de Consideración del Contexto Económico Real:** Muchos proyectos fallan porque no entienden la inflación galopante, la inestabilidad del dólar, y el poder adquisitivo cada vez más bajo de la gente. Si ""esto"" implica aumentar precios, sin ofrecer un valor real a cambio, la gente simplemente elegirá otra opción más barata, o directamente cocinará en casa.  El miedo a no llegar a fin de mes es REAL.

*   **Desconexión con la Realidad del Pequeño Restaurantero:** Las soluciones ""modernas"" que vienen de afuera a menudo no tienen en cuenta las dificultades del día a día.  Por ejemplo, softwares carísimos para la gestión, capacitaciones que no se pueden pagar, o exigencias burocráticas que son imposibles de cumplir. Entiendan que muchos somos gente laburante que aprendió el oficio con los años, no somos gerentes de multinacional.

*   **Ignorar la Cultura Gastronómica Argentina:**  A veces se intenta imponer modas extranjeras que no conectan con el paladar y las costumbres locales. La gente busca lo que conoce y le da confort, especialmente en tiempos de incertidumbre. ¿Qué vas a esperar que prefieran en mi restaurante, un plato de ramen o una buena milanesa con puré?

*   **Falta de Asesoramiento Real y Adaptado:**  Los ""gurús"" que prometen el oro y el moro abundan.  Pero muchos no tienen idea de las particularidades de nuestro mercado ni se han ensuciado las manos trabajando en un restaurante de verdad. Se necesita gente que entienda las leyes laborales, los impuestos, los proveedores locales, etc.

*   **Errores en la Comunicación:** No es lo mismo hablarle a un público joven y digitalizado que a gente mayor o con menos acceso a la tecnología. Si la promoción es solo por redes sociales, se está perdiendo una parte importante del mercado. Además, la comunicación tiene que ser honesta y transparente, sino la gente se da cuenta rápido.

*   **No Adaptarse a la Evolución Constante:** El rubro gastronómico es dinámico.  Las tendencias cambian rápido, los clientes son cada vez más exigentes, y la competencia es feroz. Si uno no se adapta, queda obsoleto.

**Para darte una respuesta más concreta, necesito saber a qué te refieres con ""esto"".**  Sin contexto, mi respuesta es genérica y basada en mi experiencia y mis preocupaciones como dueña de restaurante.

Dime qué es y te digo con más precisión dónde veo los posibles fallos. Dale, ¿de qué se trata?
"
Agent_050,INFJ,NO,"¡Uf, interesante la evolución de la propuesta! Vamos a analizar esto con calma, como buen INFJ que soy.

**R1: Reacción visceral (INFJ - Sentimiento Introvertido)**

Mi primera reacción es de alivio, pero también de escepticismo. La garantía de acompañamiento de 30 días reduce considerablemente el riesgo. La idea de que Megan esté monitoreando la implementación vía WhatsApp me da cierta tranquilidad, considerando mi miedo a que el negocio se desmorone si no estoy presente. La inversión me sigue pareciendo considerable, pero la contrapartida de ""recuperar mi libertad personal"" es MUY atractiva. El hecho que funcione solo es algo que vengo buscando hace tiempo. Pero, ¿será real? ¿Funcionará en mi restaurante? ¿Mi personal realmente se adaptará? ¿No será demasiado intrusivo tener a alguien auditando constantemente? Me preocupa la pérdida de control, aunque paradójicamente busco delegar.

**R2: Análisis Racional (INFJ - Intuición Extravertida)**

Ahora, analizando los hechos con más objetividad.

*   **Manual de Operaciones Blindado:** Parece una herramienta útil, especialmente la ""Matriz de Manejo de Crisis"". Un buen protocolo de atención al cliente es crucial, y más aún en un restaurante de mi nivel.
*   **Consultoría de Despegue (3 días):** Me parece valioso, pero tres días quizás sean insufientes para un cambio radical en la dinámica del restaurante. Habría que ver si el personal se capacita correctamente o si es algo superficial.
*   **Garantía de Implementación (30 días):** Este es el punto fuerte. Tener a Megan monitoreando y resolviendo problemas en tiempo real reduce la incertidumbre significativamente. Elimina la posibilidad de fracaso post-implementación, ese es un gran diferencial.
*   **Objetivo:** El objetivo es exactamente lo que necesito: delegar con tranquilidad. Si realmente funciona, la inversión estaría justificada.
*   **Inversión ($200.000):** Sigue siendo un monto importante, pero la garantía lo hace más tolerable. Debería evaluar el ROI (retorno de la inversión) potencial. ¿Cuánto tiempo y dinero ahorraría al delegar? ¿Cómo impactaría en mi calidad de vida, considerando mi necesidad de dedicarme a otras cosas (gaming, familia)?

Considerando mi ADN de dolor (inflación y inseguridad económica), la solidez que promete un sistema bien aceitado es un plus. Un restaurante que funcione sin mí, incluso en tiempos de crisis, es una seguridad importante.

**Veredicto (INFJ - Juicio):**

Mi veredicto es que **estoy inclinado a aceptar la propuesta, pero con condiciones**.

**Justificación:**

La garantía de acompañamiento de 30 días realmente cambia mi percepción del riesgo. Ya no siento que la inversión de $200.000 sea un salto al vacío. Sin embargo, antes de comprometerme, necesitaría:

*   **Una reunión con Megan:** Quiero hablar con ella en persona para evaluar su experiencia, su enfoque y la química personal. Necesito sentir que confío en ella y en su capacidad para comprender las particularidades de mi restaurante.
*   **Referencias:** Necesito hablar con otros dueños de restaurantes que hayan trabajado con Megan. Quiero conocer sus experiencias de primera mano y verificar si la garantía de implementación realmente funciona.
*   **Detalles del Monitoreo:** Necesito saber exactamente cómo será el monitoreo vía WhatsApp. ¿Qué tipo de información enviará mi personal? ¿Cómo se manejarán las comunicaciones en momentos de alta demanda? Necesito estar cómodo con el nivel de intrusión.
*   **Acuerdo específico sobre el ROI:** Debería haber alguna previsión sobre como lograr ese ROI en el menor tiempo posible.

Si Megan puede responder a estas preguntas de manera satisfactoria, creo que la inversión valdría la pena. La posibilidad de recuperar mi libertad personal y delegar con tranquilidad es demasiado tentadora para ignorarla. Además, un sistema eficiente protegería mi negocio de la inflación y la inestabilidad económica.

En resumen, estoy a punto de decir que sí, pero necesito asegurarme de que Megan es la persona adecuada y de que la propuesta es tan sólida como parece. La llave está en la confianza y en la garantía de un retorno de la inversión tangible, no solo en la promesa de ""tranquilidad delegada"".
","Okay, asumiendo que mi rol es ayudarte a entender por qué una iniciativa o idea podría fracasar, necesito más contexto. Sin una propuesta específica, solo puedo hablar de fallas **genéricas** en el rubro gastronómico argentino, considerando el ADN de dolor que me asignaste:

**Considerando tu Perfil (Dueño de Restaurante Argentino, 43 años, NSE Alto, INFJ, Ateo/Agnóstico, Votante de Kicillof, Universidad Privada, Conservador/Liberal, Miedo a la Inflación, Gaming):**

Aquí hay algunas áreas donde un nuevo proyecto o cambio podría fallar, especialmente considerando tus posibles puntos ciegos:

*   **Desconexión con la Realidad Económica:**
    *   **No Adaptación a la Inflación:** Tu principal miedo es la inflación. Cualquier plan que no contemple escenarios inflacionarios agresivos (aumento de costos de insumos, salarios, alquileres, etc.) está destinado al fracaso. Ignorar la necesidad de ajustar precios constantemente o buscar proveedores alternativos más económicos sería un error fatal. Una política de precios rígida, pensando que puedes mantener márgenes sin cambios, te hundirá.
    *   **Sobreinversión:** Dado tu NSE alto, existe el riesgo de sobreinvertir en lujos o detalles innecesarios que no se traducen en un retorno rápido. Asumir que ""porque tienes el dinero, debes gastarlo"" sin un análisis de ROI exhaustivo sería perjudicial.
*   **Desentendimiento del Mercado Local:**
    *   **Ignorar las Tendencias:** Asumir que ""lo que funciona en otros lugares funcionará aquí"" sin adaptarlo al paladar y las costumbres argentinas es un error común.
    *   **Target Equivocado:**  Creer que puedes apuntar únicamente a un público de alto poder adquisitivo, ignorando la realidad de que la mayoría de la población está luchando económicamente, podría limitar tu potencial de crecimiento.
    *   **Falta de Investigación:** No investigar a fondo la competencia, las necesidades de la zona donde está ubicado tu restaurante, y las preferencias de los clientes locales antes de lanzar tu oferta es un error básico pero común.
*   **Problemas de Gestión Operacional:**
    *   **Mala Gestión de Inventarios:** El desperdicio de alimentos debido a una mala gestión de inventarios es una sangría constante.
    *   **Ineficiencia en la Cocina:** Flujos de trabajo mal diseñados, falta de capacitación del personal, o equipo obsoleto pueden aumentar los costos y disminuir la calidad.
    *   **Descontrol de Costos:** No tener un control estricto sobre los costos de personal, energía, y otros gastos operativos puede erosionar rápidamente las ganancias.
*   **Resistencia al Cambio y Digitalización:**
    *   **Negarse a Adaptarse a la Tecnología:** Ignorar la importancia de la digitalización (pedidos online, reservas, marketing en redes sociales, sistemas de gestión de inventario, etc.) te dejará atrás frente a la competencia.
    *   **Mala Experiencia Digital:** Tener una presencia online descuidada, con un sitio web lento o poco intuitivo, o no responder a las reseñas de los clientes en línea, puede dañar tu reputación.
*   **Problemas de Recursos Humanos:**
    *   **Mala Selección y Capacitación:** Contratar personal no calificado o no invertir en su capacitación resulta en un mal servicio y alta rotación.
    *   **Clima Laboral Negativo:** Un ambiente de trabajo tóxico, con mala comunicación y falta de reconocimiento, desmotiva al personal y afecta la calidad del servicio.
*   **Aspectos Legales y Burocráticos:**
    *   **Incumplimiento de Normativas:** No cumplir con las regulaciones sanitarias, laborales o impositivas puede acarrear multas costosas o incluso el cierre del local.
    *   **Problemas de Habilitación:** No obtener los permisos necesarios para operar o tener problemas con la habilitación municipal puede retrasar o incluso impedir la apertura de tu restaurante.
*   **Tu Perfil Personal (INFJ):**
    *   **Idealismo Excesivo:**  Como INFJ, puedes tener una visión idealista de tu restaurante. Necesitas un buen contrapeso realista para evitar decisiones basadas en la emoción en lugar de la lógica.
    *   **Dificultad para Delegar:** Los INFJ a veces luchan por delegar tareas porque quieren el control de la calidad. Esto puede llevar al agotamiento y a una microgestión asfixiante para tu personal.
    *   **Sensibilidad a la Crítica:** Si bien la crítica constructiva es esencial, una sensibilidad excesiva puede impedir que aprendas de los errores y te adaptes a las necesidades del mercado.

**En resumen:**

El fracaso en Argentina, especialmente en el sector gastronómico, a menudo se debe a una combinación de factores económicos (inflación, inestabilidad), mala gestión, falta de adaptación a las necesidades del mercado local, resistencia a la digitalización y problemas relacionados con el personal.  Tu perfil particular (NSE alto, cierta tendencia conservadora) podría hacerte más vulnerable a algunos de estos factores.

Para dar una respuesta más específica, necesito que me presentes una idea o proyecto concreto. Cuanto más detalle me des, mejor podré analizar los posibles puntos débiles y darte una crítica constructiva y útil.
"
Agent_032,INFP,SÍ,"¡Uf, otra vez con esto! (R1 - Reacción Inicial)

A ver, $200.000... de entrada, me sigue doliendo el bolsillo. Más en esta época. Pero el tema de que venga 3 días y después siga ""auditando"" por WhatsApp... mmm, eso sí me llama la atención. Me tranquiliza un toque más saber que no es solo tirar la plata y que se vayan. Igual, 3 días me suena a poco, ¿no? Para cambiar todo un sistema.  La ""Matriz de Manejo de Crisis"" suena interesante, porque a veces los empleados no saben qué hacer cuando se pudre todo y terminan llamándome. Y la garantía de 30 días también suma, pero no sé si me convence del todo. Sigo sintiendo que necesito algo más concreto de cómo va a mejorar la rentabilidad.

(R2 - Reflexión Profunda)

Okay, pensando un poco más... (INFP activándose). Esto de delegar con tranquilidad es justo lo que necesito. Necesito volver a tener tiempo para mí y para mi familia, para jugar al fútbol con los pibes tranquilo, sin estar pensando en que se me quema el restaurante.  El miedo a perder plata es grande, obvio, pero la tranquilidad de que alguien con experiencia te acompañe en la implementación tiene valor. Esa garantía de 30 días te da cierta seguridad... pero no es una varita mágica. Acá hay que poner de mi parte también. ¿Me veo dedicándole tiempo a esto? ¿A dejar que Megan trabaje con mi equipo? Esa es la pregunta clave. Si no estoy dispuesto a ceder el control un poco, no va a funcionar. Además,  tengo que ver si esos protocolos y la “Matriz de Manejo de Crisis” realmente encajan con la forma en que manejamos el restaurante actualmente. No vaya a ser que termine siendo un dolor de cabeza más. Y la parte evangélica me dice que tome ""sabias decisiones"", esto es, analizar bien los costos y beneficios de la propuesta.

(Veredicto)

A ver, soy INFP, así que la parte ""idealista"" de esto de recuperar mi libertad me seduce. Por otro lado, soy una persona simple, de barrio, que le duele mucho desprenderse de la guita y soy de los que piensan que hay que hacer las cosas uno mismo. Teniendo en cuenta todo y mi ADN de dolor... creo que *NO* me convence del todo. La garantía de 30 días ayuda, pero no lo suficiente. Necesitaría ver casos de éxito reales, testimonios concretos de otros restaurantes que hayan usado el sistema y hayan aumentado sus ingresos. O un período de prueba, algo que me dé más confianza en que la inversión va a valer la pena.  Quizás si me ofrecieran una charla inicial gratuita para ver la ""Matriz de Manejo de Crisis"" y ver si encaja con mi negocio, ahí me animaría a dar el siguiente paso. Por ahora, sigo buscando alternativas.
","Para un dueño de restaurante, bar o cafetería en Argentina, la siguiente propuesta podría fallar por estas razones:

**Considerando el ADN de dolor (miedo a no llegar a fin de mes y perder poder adquisitivo) y el contexto argentino actual:**

*   **Propuestas que impliquen grandes inversiones iniciales:** Dado el miedo a no llegar a fin de mes, cualquier solución que requiera una inversión significativa y con un retorno de inversión incierto generará mucha resistencia. Esto aplicaría para reformas costosas, compra de equipos de alta gama, o softwares con licencias caras.
*   **Soluciones que aumenten la complejidad operativa sin una mejora clara en la rentabilidad:** Los dueños argentinos ya están lidiando con una alta inflación, costos laborales impredecibles y regulaciones cambiantes. Introducir otra capa de complejidad sin un beneficio concreto percibido podría resultar contraproducente.
*   **Estrategias que dependan fuertemente de las redes sociales y el marketing digital pago:** Si bien es importante, muchos dueños, especialmente los de mayor edad o menor digitalización, pueden ser escépticos sobre el verdadero impacto en las ventas y prefieren estrategias más tradicionales (boca a boca, promociones locales). Además, la efectividad del marketing digital puede verse minada por la situación económica general.
*   **Soluciones ""únicas"" que no se adapten a la realidad específica de cada negocio:**  Un asador familiar en el interior no tiene las mismas necesidades que una franquicia de café en CABA. Las soluciones deben ser personalizables y escalables.
*   **Planes de fidelización que no tengan en cuenta la inflación:** Los programas de puntos o descuentos que no se ajusten a la inflación rápidamente perderán su valor percibido para el cliente y, por lo tanto, no serán efectivos.
*   **Automatización excesiva que elimine el contacto humano:** En muchos restaurantes argentinos, especialmente los familiares o históricos, la calidez y la atención personal son un valor diferencial. Automatizar procesos sin considerar este factor podría alienar a los clientes.
*   **Promesas de resultados ""mágicos"" o ""rápidos"":**  Los dueños de restaurantes tienen experiencia, ya han visto muchas ""soluciones"" que no funcionan. Las promesas exageradas generarán desconfianza.
*   **Ignorar la cultura argentina y las costumbres locales:** Cualquier propuesta que no tenga en cuenta las costumbres argentinas (horarios de comida, preferencias gastronómicas, el valor de la sobremesa, etc.) estará condenada al fracaso.
*   **Soluciones que no estén alineadas con los valores del dueño:** Para un dueño evangélico, ciertas promociones o acciones de marketing que consideren contrarias a sus valores podrían ser inaceptables.  Un dueño apolítico podría rechazar propuestas que se inclinen hacia un extremo ideológico.
*   **Depender Exclusivamente de Tendencias:** Las modas pasajeras en alimentos y bebidas (especialmente las importadas) pueden no ser sostenibles a largo plazo y generar pérdidas si la demanda se reduce rápidamente.

**Considerando mi perfil específico (INFP, 22 años, nivel socioeconómico medio, técnico):**

*   **Falta de credibilidad por mi edad/experiencia:** Los dueños de restaurantes, especialmente los de mayor edad, podrían cuestionar mi capacidad para entender sus problemas y ofrecer soluciones valiosas. Necesitaría demostrar mi conocimiento y profesionalismo.
*   **Dificultad para conectar con dueños de mayor edad o diferente nivel socioeconómico:** Podría haber una brecha generacional o cultural que dificulte la comunicación y la comprensión de sus necesidades.
*   **Sesgos personales en las propuestas:** Mi perfil INFP podría influir en las soluciones que propongo, haciéndolas más idealistas o menos prácticas. Necesitaría asegurarme de que las propuestas sean factibles y rentables.
*   **Subestimar la importancia de la red de contactos:** El ""boca a boca"" y las recomendaciones personales son muy importantes en el sector gastronómico argentino. Mi falta de experiencia y contactos podría dificultar la difusión de mis propuestas.
*   **Falta de conocimiento profundo del negocio:** Un terciario técnico me puede dar conocimientos valiosos, pero necesito mucha experiencia práctica en la gestión de un restaurante. Si no he trabajado en el rubro, esto se notará.

En resumen, para que una propuesta sea exitosa, debe ser realista, adaptable a la situación económica argentina, respetuosa de la cultura local, y estar alineada con los valores del dueño del restaurante. Además, debo ser consciente de mis propias limitaciones y trabajar para construir credibilidad y confianza.
"
Agent_083,ESTJ,NO,"¡Uf, 200 lucas! A ver, a ver… Respiro hondo y vamos por partes.

**R1: Reacción visceral (ESTJ puro y duro):**

Mi primera reacción es de desconfianza, para qué te voy a mentir. ""Sistema de Servicio: De Caos a Control""... Suena lindo, pero ya he visto pasar ""gurúes"" con soluciones mágicas que después te dejan más enredado que al principio. 200 mil pesos es una inversión importante, ¡y más en este país! Eso sí, el tema de no tener que estar todo el día al pie del cañón es muy tentador. Mi familia se queja de que nunca estoy presente. Y ""Matriz de Manejo de Crisis""... eso sí me hace ojitos. Más de una vez tuve que salir corriendo a apagar incendios por alguna macana de los empleados.

**R2: Análisis lógico y práctico (ESTJ en acción):**

Ok, calmémonos y veamos los detalles. El manual suena útil, los check-lists y protocolos son cosas que tengo a medias, anotadas en servilletas. La consultoría de 3 días es un punto a favor, pero ¿alcanza? Mis empleados son medio cabeza dura, les cuesta cambiar la rutina. La garantía de implementación de 30 días con auditoría diaria por WhatsApp... ¡Eso sí que me llama la atención! Si la mina realmente se pone a monitorear y resolver problemas en tiempo real, ahí ya cambia la cosa. Siento que hay alguien que me acompaña en el proceso. El objetivo de que el restaurante funcione solo al día 31 es lo que más me atrae. Poder delegar sin miedo a que se caiga todo... ¡sería un sueño!

Ahora bien, 200 mil pesos... ¿cuánto estoy perdiendo por no tener un sistema aceitado? ¿Cuánta plata se me va en errores, quejas, y tener que andar controlando todo yo? ¿Cuánto vale mi tiempo libre? Ahí hay que hacer números concretos. Hablaré con mi contador para ver si puedo deducir algo del gasto.

**Veredicto Final:**

La garantía de 30 días la verdad que me hace pensar seriamente en el asunto. Me da la sensación de que hay menos riesgo. Si la mina realmente cumple lo que promete y me ayuda a implementar el sistema, los 200 mil pesos se amortizan rápido.  Si al final del mes tengo un restaurante que funciona como un relojito y puedo empezar a delegar, vale la pena el esfuerzo.

Voy a investigar más a fondo a Megan. Buscar referencias de otros dueños de restaurantes que hayan trabajado con ella. Si las opiniones son buenas, voy a darle una oportunidad. La idea de recuperar algo de mi tiempo libre y no vivir con el estrés constante de que todo se desmorone me está convenciendo. Asado en familia sin interrupciones... ya me veo. Eso sí, voy a dejar bien claro las condiciones y los objetivos antes de poner un peso. Soy de Libra y me gusta tener todo bien atado. Y voy a usar el asesoramiento de mi contador de confianza.
","Okay, entiendo. Dada tu descripción como dueño de restaurante argentino de 53 años, con un nivel socioeconómico bajo, MBTI ESTJ, casado, católico, votante de Milei, con educación secundaria y un pensamiento político centro-progresista, cuyo principal dolor es el miedo a no llegar a fin de mes y perder poder adquisitivo, y que disfruta del asado familiar, aquí están algunas razones por las que algo *fallaría* en tu contexto específico.  Voy a ser crítico y directo, tal como lo pediste:

**Fallaría si...**

*   **Ignorara la realidad económica argentina:** Si no reconociera la alta inflación, la devaluación constante, y los aumentos de precios de los insumos. Si pretendiera operar con los mismos precios que hace seis meses, o si no ajustara mi menú para reflejar la realidad de los costos. La gente tiene menos plata, y un error de cálculo aquí sería fatal.

*   **No me adaptara a las nuevas tecnologías:** Si continuara manejando mi restaurante ""a la antigua,"" solo con papel y lápiz, sin usar software de gestión, sin tener presencia online (redes sociales, WhatsApp Business, delivery), sin aceptar pagos con tarjeta o billeteras virtuales. Estaría perdiendo clientes y eficiencia. Un ESTJ valuing tradition debe encontrar el balance con la modernidad!

*   **Descuidara el control de costos:** Si no llevara un control exhaustivo de cada gasto, desde la carne hasta el detergente.  Si no busco proveedores más económicos, si no negocia precios, si no minimizo el desperdicio de comida, si no optimizo el uso de energía.  En una economía volátil, el control de costos es la diferencia entre ganar y perder.

*   **No entendiera a mi clientela:** Si ofreciera un menú desactualizado, sin opciones para diferentes presupuestos, sin considerar las tendencias (opciones vegetarianas/veganas, sin gluten, etc.).  Si no escuchara sus comentarios y sugerencias, si no me preocupara por brindar un buen servicio y un ambiente agradable.  El asado familiar es importante, pero el restaurante necesita atraer a más gente.

*   **No respetara las leyes laborales:** Si no registrara a mis empleados, si no pagara los sueldos y las cargas sociales correspondientes, si no cumpliera con las normas de seguridad e higiene.  Podría enfrentar multas severas y demandas laborales que me hundirían.

*   **Me quedara solamente con mi visión:**  Un ESTJ puede ser muy determinado y organizado (buenas cualidades), pero también puede ser inflexible.  Si no estuviera dispuesto a escuchar consejos de otros (familiares, amigos, otros dueños de restaurantes, consultores), si no estuviera dispuesto a cambiar mi forma de hacer las cosas, estaría cerrado a la posibilidad de mejorar.

*   **Permitiera que la política me ciegue:** Si mis opiniones políticas me impidieran ver oportunidades o adaptarme a los cambios económicos. Aunque haya votado a Milei, debo estar abierto a criticar o apoyar políticas específicas según su impacto en mi negocio.

*   **No invirtiera en mi propio desarrollo:**  Si pensara que ya lo sé todo y dejara de aprender y actualizarme sobre las últimas tendencias en gastronomía, marketing y gestión de negocios.  Un curso online, una charla con otro dueño de restaurante, una lectura sobre nuevas técnicas culinarias... todo suma.

*   **No cuidara mi salud y mi bienestar:**  El estrés de manejar un restaurante puede ser agotador. Si no duermo bien, si no me alimento saludablemente, si no hago ejercicio, si no me tomo un tiempo para relajarme y disfrutar de mi familia (del asado!), me quemaré y mi negocio sufrirá las consecuencias.

En resumen, fallaría si me quedara estancado en el pasado, si no me adaptara a los cambios, si no controlara mis costos, si no escuchara a mis clientes, si no cumpliera con las leyes y si no cuidara de mí mismo. La clave está en ser un ESTJ adaptable y dispuesto a aprender, sin perder de vista mi realidad y mis valores.
"
Agent_069,INFJ,NO,"¡Ojo, esto suena mucho mejor! El agregado de la garantía de implementación y la consultoría intensiva le da un giro importante a la propuesta. Antes lo veía como un gasto, ahora empiezo a pensar que quizás es una inversión.

**R1: Reacción Instintiva (INFJ - Sentimiento Introvertido):**

Mi reacción inicial es de **cautela optimista**. El miedo a que el negocio se estanque por mi falta de tiempo y la inflación constante me genera ansiedad. La idea de tener a alguien que me guíe y asegure que el restaurante no se derrumbe mientras no estoy, me alivia. El precio sigue siendo importante, pero ese acompañamiento personalizado, especialmente con la auditoría diaria por WhatsApp y la resolución de crisis en tiempo real, me da mucha más confianza. Mi lado idealista INFJ se ilusiona con la posibilidad de, por fin, tener un sistema que funcione por sí solo y me permita dedicar tiempo a otras cosas.

**R2: Análisis Racional (INFJ - Intuición Extrovertida):**

Ahora toca analizar los números y ser más pragmático.

*   **Pros:**
    *   La consultoría intensiva en el local me parece clave. Un PDF con instrucciones es útil, pero no reemplaza la capacitación en el terreno.
    *   La garantía de 30 días es un gran diferencial. Una auditoría diaria por WhatsApp y la resolución de crisis en tiempo real reducen considerablemente el riesgo de que la implementación falle.
    *   Si realmente funciona, $200.000 es una inversión razonable. Ahorraría tiempo, reduciría el estrés y podría permitirme crecer.
    *   El manual de operaciones blindado suena interesante, sobre todo la ""Matriz de Manejo de Crisis"".
*   **Contras:**
    *   $200.000 es un monto importante en este contexto inflacionario. ¿Estoy dispuesto a arriesgarlo?
    *   ¿Realmente Megan podrá implementar un cambio significativo en 3 días? ¿Su metodología será adaptable a las particularidades de mi restaurante? ¿Funcionará para mi equipo?
    *   ¿Qué pasa después de los 30 días? ¿Ofrece algún tipo de soporte continuo, aunque sea con un costo adicional?
    *   La garantía de implementación por WhatsApp suena bien, pero ¿será realmente efectiva? ¿No será una forma de atarme aún más al celular y a los problemas del restaurante?

**Veredicto (INFJ - Juicio):**

Con un poco de escepticismo, pero con una visión más positiva, creo que la propuesta de Megan, con la garantía de implementación, se vuelve mucho más atractiva. Los $200.000 siguen siendo un factor a considerar, pero la posibilidad de tener un restaurante que funcione solo, delegar con confianza y recuperar tiempo para mi familia, es algo que valoro muchísimo.

**Decisión:**

Investigaría más a fondo. Buscaría referencias de otros restaurantes que hayan trabajado con Megan y preguntaría sobre los resultados a largo plazo. Si las referencias son positivas y la veo genuinamente comprometida con el éxito de la implementación, estaría dispuesto a probar. Sin embargo, negociaría la posibilidad de extender el soporte post-garantía (con un costo adicional, por supuesto), para asegurar la sostenibilidad del sistema en el tiempo.

En resumen, la garantía de implementación es el as bajo la manga de @experiencebymegan. Ahora sí siento que existe un respaldo real a la inversión y que la probabilidad de recuperar mi libertad personal se incrementa considerablemente.
","Para un dueño de restaurante argentino de 27 años, hombre, nivel socioeconómico medio-alto, INFJ, ateo/agnóstico, votante de Milei, con educación universitaria privada y pensamiento político progresista, cuyo mayor miedo es la inflación y la inseguridad económica, y disfruta del asado familiar, varias cosas podrían salir mal, dependiendo del ""esto"" al que te refieres.  Necesito más contexto sobre a qué te refieres con ""esto"".  Pero, asumiendo diferentes escenarios generales en el contexto de su vida y el negocio de la restauración, aquí te presento áreas donde podría haber fallos, siendo lo más crítico posible:

**En General (Considerando sus características):**

*   **Desconexión con su Base Votante:** Si bien votó a Milei, su pensamiento es progresista. Esto sugiere una decisión basada probablemente en la economía. Cualquier política muy conservadora o socialmente regresiva implementada por el gobierno de Milei podría generar disonancia cognitiva y eventualmente decepción, afectando su lealtad a largo plazo.  Esto podría llevarle a tomar decisiones empresariales inconsistentes con sus valores progresistas, alienando a sus empleados o clientes.

*   **Idealismo vs. Realidad Económica:** Su personalidad INFJ tiende al idealismo.  En un contexto económico argentino volátil, este idealismo podría chocar con la necesidad de tomar decisiones pragmáticas, a veces duras, para mantener el negocio a flote (recortes de personal, aumento de precios, etc.).  Podría tener dificultades para equilibrar sus valores con la supervivencia del negocio.

*   **Micro-gestión:** Un INFJ perfeccionista, especialmente en un negocio que le apasiona, podría caer en la micro-gestión, sofocando la creatividad y autonomía de su personal.  Esto genera frustración, alta rotación y a la larga, afecta la calidad del servicio.

*   **Dificultad para delegar:** Relacionado con lo anterior, un INFJ a veces tiene dificultades para confiar plenamente en otros para ejecutar su ""visión"".  Esto lo lleva a un agotamiento temprano y limita el crecimiento del negocio.

**En el Negocio de Restauración (Considerando el Contexto Argentino):**

*   **No adaptarse a la inflación:** Su mayor miedo es la inflación.  Si no implementa estrategias robustas para mitigarla (renegociación constante con proveedores, ajuste de precios dinámico, menú flexible, etc.), su negocio está condenado. La inflación argentina requiere una agilidad extrema.

*   **Ignorar la inseguridad:** La inseguridad económica y personal en Argentina es una realidad.  Si no invierte en seguridad para su local (cámaras, personal de seguridad, etc.) y para sus empleados (transporte seguro, protocolos de seguridad), corre el riesgo de robos, asaltos, y un ambiente laboral inseguro.

*   **Falta de foco en la rentabilidad:** En un mercado competitivo, muchos se concentran en la ""experiencia"" o la ""calidad"" sin prestar suficiente atención a los márgenes de ganancia. Menús demasiado elaborados con ingredientes caros, altos costos laborales o una administración deficiente pueden llevar a un balance negativo.

*   **Digitalización incompleta:** Su edad sugiere familiaridad con la tecnología, pero no necesariamente un uso estratégico. Si solo usa redes sociales para promocionar y no tiene un sistema de gestión integral (pedidos online, reservas, control de stock, análisis de datos), está perdiendo oportunidades de optimizar el negocio.

*   **Desconexión con la cultura local:** Incluso siendo argentino, podría desaprovechar la riqueza de la cultura gastronómica local. Un intento de ser ""demasiado moderno"" o ""importado"" podría alejar a los clientes que buscan autenticidad.

*   **Resistencia al cambio:** Si bien es joven, no está exento de la resistencia al cambio. El sector de la restauración está en constante evolución (nuevas tendencias, plataformas de delivery, etc.). Su rigidez ante los cambios lo dejará atrás.

**Específicamente en CABA, GBA y Principales Ciudades:**

*   **Competencia feroz:** La competencia en estas zonas es altísima.  No diferenciarse de la multitud, no tener una propuesta de valor única o no ejecutarla de manera impecable lo condenará al fracaso.

*   **Altos costos operativos:** Alquileres, impuestos, servicios, etc., son muy altos en estas zonas.  Una mala previsión de costos o una gestión financiera deficiente lo llevarán rápidamente a la quiebra.

*   **Regulaciones estrictas:** Las regulaciones municipales y provinciales son complejas y costosas.  Ignorarlas o incumplirlas puede resultar en multas elevadas o incluso el cierre del local.
En resumen, el éxito depende de una combinación de adaptabilidad económica, sensibilidad cultural, pensamiento estratégico, y una buena gestión de la personal. Asumir cualquiera de sus ventajas como una garantía sería un error fatal.
"
Agent_053,ENFJ,NO,"¡Uy, mirá vos, qué interesante! Megan parece que le puso cabeza al feedback. A ver, vamos a analizar esto en profundidad.

**R1: Reacción Instintiva (ENFJ puro)**

Mi primer instinto es sentir alivio. ¡Por fin alguien que entiende que no alcanza con un manual! El Manual de Operaciones Blindado suena bien, pero lo que me da confianza de verdad es la consultoría en el local y, sobre todo, esa ""Garantía de Implementación"". ¡Treinta días de auditoría constante! ¡Me encanta! La idea de que el restaurante funcione solo al día 31… ¡Uf, un sueño! Podría volver a mis partidos de fútbol 5 sin el celular pegado a la oreja. Suena casi demasiado bueno para ser verdad, pero la idea de liberarme me tira mucho.

**R2: Análisis Racional (Balance ENFJ - Conservador/Liberal)**

Ok, bajemos a tierra. $200.000 es una inversión importante. ¿Realmente vale la pena? Acá entran a jugar mis preocupaciones más profundas.

*   **La Inflación:** $200.000 hoy no son lo mismo que en un mes. ¿Qué pasa si la inflación se dispara en esos 30 días? ¿El servicio de Megan se adapta a la realidad inflacionaria o quedo pagando un servicio que vale menos? Esta es una gran preocupación.
*   **La Eficacia Real:** ¿Treinta días son suficientes? Mi restaurante tiene sus mañas, sus vicios adquiridos… ¿Podrá Megan realmente cambiar la cultura de mi personal en tan poco tiempo? ¿Y si se va al día 31 y todo vuelve a ser un caos? El miedo al fracaso es fuerte.
*   **El Acompañamiento Post-Garantía:** ¿Qué opciones me da Megan después de esos 30 días? ¿Hay un servicio de seguimiento, una consultoría mensual? Si no lo hay, me preocupa que todo lo que se logró se diluya rápidamente.

Pero, por otro lado, pensando desde el punto de vista conservador/liberal que tengo, me gusta la idea de invertir en mi propio negocio para hacerlo más eficiente y rentable. Si funciona, a la larga gano mucho más que esos $200.000. Además, volver a tener tiempo libre no tiene precio.

**Veredicto (Integración Emoción/Razón/Valores)**

Si bien soy cautelosa como buena argentina curtida en mil batallas económicas, la ""Garantía de Implementación"" de 30 días de Megan sí cambia mi percepción del riesgo. No lo elimina por completo, pero lo reduce significativamente. Me da la sensación de tener un salvavidas durante el proceso de implementación, que es lo que más me preocupa.

**Decisión Final:**

**Invertiría**, PERO con dos condiciones:

1.  **Cláusula de Ajuste por Inflación:** Necesitaría hablar con Megan y negociar una cláusula que ajuste el costo del servicio según la inflación real durante los 30 días. Esto me daría tranquilidad.
2.  **Plan de Seguimiento:** Antes de contratarla, preguntaría sobre las opciones de acompañamiento post-garantía. Necesito saber si puedo contar con Megan a largo plazo, aunque sea con un plan más básico, para asegurarme de que la inversión no se pierda con el tiempo.

Si Megan acepta estas condiciones, me animo. El potencial de liberar tiempo y delegar con confianza es demasiado tentador. Y en el fondo, como ENFJ, quiero creer en las personas y en sus promesas. Esta vez, con un poco más de seguridad.
","Para un dueño de restaurante en Argentina, el fracaso puede provenir de múltiples direcciones, especialmente considerando el contexto económico y social actual. Aquí te presento un análisis crítico de posibles factores de fracaso:

**Factores Macroeconómicos (Externos e Incontrolables):**

*   **Inflación Desenfrenada:** Este es TU mayor miedo, y con razón. La inflación rápidamente erosiona la rentabilidad. Los costos de los insumos (alimentos, bebidas, alquileres, servicios) aumentan constantemente, lo que dificulta fijar precios que sean atractivos para los clientes y, al mismo tiempo, cubran los gastos y generen ganancias.  La necesidad constante de recalcular precios aleja a los clientes.
*   **Devaluación del Peso:**  La devaluación impacta directamente en los costos de importación (vinos, algunos alimentos, equipos de cocina).  Si el restaurante utiliza productos importados, la volatilidad del tipo de cambio puede ser letal.
*   **Inestabilidad Política y Regulatoria:**  Cambios frecuentes en las regulaciones laborales, impositivas y sanitarias generan incertidumbre y costos adicionales de adaptación (honorarios de contadores/abogados, inversión en nuevos equipos/procesos).  La incertidumbre política puede afectar la confianza del consumidor y el gasto.
*   **Recesión Económica:**  Si la economía se contrae, la gente reduce el gasto discrecional, como salir a comer.  Los restaurantes, especialmente los de precios más altos, son de los primeros negocios en sufrir.
*   **Inseguridad:**  Afecta tanto a clientes como a empleados. Los clientes pueden evitar salir de noche o a ciertas zonas. Los empleados pueden ser víctimas de robos o sentirse inseguros en el transporte público. Esto aumenta los costos (seguridad privada, sistemas de alarma) y dificulta la contratación de personal.

**Factores Microeconómicos (Internos y Controlables - Hasta cierto punto):**

*   **Mala Gestión Financiera:**
    *   **Falta de control de costos:** No monitorear de cerca los costos de los alimentos, la mano de obra y los gastos generales puede llevar a pérdidas significativas.
    *   **Flujo de caja deficiente:**  No administrar adecuadamente el flujo de caja (cuándo entran y salen los fondos) puede llevar a la incapacidad de pagar proveedores, alquileres y salarios.
    *   **Deuda excesiva:**  Asumir demasiada deuda para financiar la expansión o renovaciones puede generar una carga financiera insostenible, especialmente si las ventas no cumplen con las expectativas.
*   **Concepto Poco Atractivo o Mal Ejecutado:**
    *   **Falta de diferenciación:** Si el restaurante no ofrece algo único o especial (ya sea en la comida, el ambiente, el servicio o los precios), tendrá dificultades para atraer y retener clientes en un mercado competitivo.
    *   **Mala calidad de la comida o el servicio:**  La mala calidad de los alimentos, la preparación descuidada o el servicio deficiente dañan la reputación del restaurante y alejan a los clientes.
    *   **Falta de adaptación a las tendencias:**  No adaptarse a las tendencias del mercado (como opciones vegetarianas/veganas, comida saludable, opciones sin gluten, delivery, etc.) puede limitar el atractivo del restaurante para ciertos segmentos de la población.
*   **Marketing y Promoción Ineficaces:**
    *   **Falta de visibilidad:**  Si el restaurante no se promociona adecuadamente (a través de redes sociales, publicidad local, relaciones públicas, etc.), será difícil atraer nuevos clientes.
    *   **Mala reputación online:**  Las reseñas negativas en plataformas como Google Maps, TripAdvisor y redes sociales pueden disuadir a los clientes potenciales. No responder a las reseñas o no gestionar la reputación online es un error grave.
*   **Problemas de Personal:**
    *   **Alta rotación de personal:**  La alta rotación de personal (especialmente en puestos clave como chef y gerente) interrumpe las operaciones, afecta la calidad del servicio y genera costos de capacitación.
    *   **Personal desmotivado o mal capacitado:**  Un personal desmotivado o mal capacitado puede ofrecer un servicio deficiente, cometer errores y alejar a los clientes.
*   **Ubicación Inadecuada:**  Una ubicación con poco tráfico peatonal, difícil acceso o falta de estacionamiento puede limitar significativamente el potencial del restaurante.
*   **Falta de Innovación:**  En un mercado dinámico, los restaurantes que no innovan (ya sea en el menú, el ambiente o la forma de operar) corren el riesgo de volverse obsoletos.

**Factores Personales (Ligados a TU perfil):**

*   **Resistencia al Cambio:** Tu ideología Conservadora/Liberal podría hacerte dudar en adaptarte rápidamente a las nuevas tecnologías, tendencias de mercado o preferencias del cliente. Es vital mantenerse adaptable.
*   **Delegación Insuficiente:** Dado tu experiencia y posiblemente tu personalidad ENFJ, podrías tener dificultades para delegar tareas, lo que te podría llevar al agotamiento y a no poder enfocarte en la estrategia del negocio.
*   **Falta de Enfoque en el Cliente:**  Aunque los ENFJ suelen ser personas empáticas y orientadas a las personas, es fundamental no asumir que conoces automáticamente lo que tus clientes quieren. Es crucial escuchar activamente sus comentarios y estar dispuesto a ajustar tu oferta.
*   **Aversión al Riesgo (Potencial):** Dada tu edad y nivel socioeconómico, podrías ser más averso al riesgo, lo que podría impedir la toma de decisiones audaces que podrían ser necesarias para el éxito a largo plazo.

**En resumen:** El éxito de un restaurante en Argentina, especialmente en el contexto actual, requiere una combinación de buena gestión financiera, un concepto sólido, marketing eficaz, un equipo competente, adaptación constante al mercado y, sobre todo, la capacidad de navegar la incertidumbre económica y política. ¡Mucha suerte!
"
Agent_025,ESFJ,NO,"¡Uf, esto suena interesante! Antes, con solo el manual, me quedaba la duda de si realmente íbamos a poder implementarlo correctamente. Ahora, con la consultoría y, sobre todo, la garantía de implementación, la propuesta se ve mucho más atractiva.

**Ronda 1: Reacción Instintiva (ESFJ puro y duro)**

Mi primera reacción es de alivio. La idea de tener a alguien, en este caso Megan, supervisando y corrigiendo en tiempo real durante un mes me da mucha tranquilidad. Como ESFJ, me gusta tener un proceso claro y definido, y sentir que tengo el control de la situación. La matriz de manejo de crisis me parece especialmente útil, porque odio tener que lidiar con quejas y reclamos... ¡me saca de quicio! La posibilidad de que mi equipo esté preparado para manejar esas situaciones sin involucrarme directamente me parece fantástica. La garantía de 30 días, para mí, es casi una ""póliza de seguro"" para la inversión. ¡Me da la sensación de acompañamiento que busco!

**Ronda 2: Análisis Racional (Considerando el Negocio y mi ADN de Dolor)**

Ok, calmémonos un poco. 200.000 pesos no es poco dinero, y hay que analizar si realmente vale la pena. Pensando en mi restaurante, la verdad es que sí tenemos problemas de eficiencia. A veces siento que estoy apagando incendios todo el tiempo, y mi personal no siempre sigue los procedimientos como deberían. Además, la inflación... ¡es un demonio! Cada día es una sorpresa con los precios, y eso me genera mucha ansiedad.

Poniéndome el sombrero de ""dueña de restaurante"", creo que implementar este sistema podría generar ahorros a largo plazo. Un personal mejor entrenado y procesos más eficientes significan menos desperdicio de comida, menos errores en los pedidos y, en definitiva, más rentabilidad. Y lo más importante: si el restaurante funciona bien solo, ¡yo puedo delegar y tener más tiempo para mí! Eso es invaluable. El asado familiar del domingo es sagrado y quiero poder disfrutarlo, no estar contestando mensajes sobre problemas en el restaurante. Si logro recuperar mi libertad personal, la inversión se paga sola. Y si logro delegar, me da espacio para pensar otras opciones, como una mejor defensa ante la inflación. Todo se conecta.

**Veredicto: ¡Sí, me interesa! (Con una pequeña advertencia)**

Después de analizarlo bien, creo que la garantía de implementación realmente cambia mi percepción del riesgo. Siento que ahora la inversión está mucho más ""asegurada"". Sin embargo, como buena persona de negocios, todavía tengo una pequeña duda: ¿Qué tipo de soporte ofrece después de esos 30 días? ¿Hay un seguimiento, una membresía o algo parecido? Me gustaría saber que no estoy sola después del primer mes, aunque ya el restaurante funcione mejor. Si hubiera alguna opción de soporte extendido, ¡sería perfecto! De todas formas, la consultoría intensiva y el acompañamiento inicial son suficientes para dar el puntapié inicial que necesito. Creo que voy a contactar a Megan para ver si podemos hablarlo más en detalle. ¡200.000 pesos por un restaurante funcionando solo y con mi libertad personal recuperada es un precio que estoy dispuesta a pagar!
","Para que una iniciativa o proyecto dirigido a dueños de restaurantes, bares y cafeterías en Argentina falle, considerando mi perfil específico (Dueño de Restaurante AR, 32 años, Femenina, Heterosexual, Nivel Socioeconómico Alto, MBTI ESFJ, Casada con hijos, Católica, voté a Kicillof, Universidad Pública de prestigio, Centro-Derecha, miedo a inflación e inseguridad económica, ocio: asado familiar), varios factores podrían contribuir al fracaso:

**1. Desconexión con la Realidad Económica:**

*   **Ignorar la Inflación:** Un plan que no contemple estrategias robustas para mitigar el impacto inflacionario (aumento de precios, costos laborales, etc.) estaría destinado al fracaso. Asumo que, como dueña de un restaurante de nivel socioeconómico alto, puedo tener cierto margen de maniobra, pero la inflación constante erosiona la rentabilidad y ahuyenta a la clientela.
*   **Falta de Adaptación a la Devaluación:** La fluctuación del tipo de cambio impacta directamente en los costos de importación (si mi restaurante utiliza productos importados) y en el precio de los insumos nacionales. No considerar esto sería un error fatal.
*   **Subestimar la Inseguridad Económica:** Los clientes, incluso de nivel socioeconómico alto, se vuelven más cautelosos con sus gastos en momentos de incertidumbre económica. Una propuesta que no ofrezca valor agregado o no apunte a experiencias únicas podría verse afectada.

**2. Desconsideración de la Diversidad del Sector:**

*   **Homogeneización de Soluciones:** Asumir que las necesidades de una parrilla familiar en el interior son las mismas que las de una franquicia en CABA sería contraproducente. Se deben ofrecer soluciones personalizadas o, al menos, adaptables a diferentes realidades.
*   **Ignorar la Brecha Digital:** Si bien muchos dueños de restaurantes están digitalizados, no todos lo están al mismo nivel. Una propuesta excesivamente dependiente de tecnología avanzada podría excluir a un segmento importante del mercado.

**3. Desconexión con los Valores e Intereses del Público Objetivo:**

*   **Falta de Sensibilidad Política:** Como votante de Kicillof, aunque con inclinación Centro-Derecha, valoro cierta estabilidad y políticas que beneficien a la clase media y a las pequeñas empresas. Una iniciativa que abiertamente critique al gobierno o que promueva políticas disruptivas podría generar rechazo.
*   **Ignorar la Importancia de la Familia y la Tradición:** Argentina es un país con fuertes lazos familiares y tradiciones arraigadas. Una propuesta que no tenga en cuenta este aspecto (por ejemplo, un software de gestión que priorice la eficiencia por sobre la interacción humana) podría no ser bien recibida.
*   **Desconsiderar el Ocio y el Disfrute:** El asado familiar es un ritual social importante. Una propuesta que no entienda esto o que interfiera con este tipo de actividades difícilmente tenga éxito.

**4. Errores en la Implementación y Marketing:**

*   **Falta de Credibilidad:** Una propuesta que prometa soluciones milagrosas sin respaldo en datos concretos o casos de éxito reales generaría desconfianza. Mi perfil ESFJ me hace valorar la evidencia y la experiencia de otros.
*   **Comunicación Ineficaz:** No utilizar los canales de comunicación adecuados para llegar al público objetivo (por ejemplo, enfocarse solo en redes sociales y no en publicaciones especializadas del sector) sería un error.
*   **Falta de Soporte y Seguimiento:** Una vez implementada la solución, es fundamental ofrecer soporte técnico y seguimiento personalizado. La falta de esto generaría frustración y abandono.

**5. Consideraciones Específicas de mi Perfil:**

*   **Sesgo de Clase Alta:** Una propuesta que solo considere las necesidades y preocupaciones de los restaurantes de alta gama, ignorando a los establecimientos más pequeños y con menos recursos, no sería relevante para todo el sector.
*   **Necesidad de Resultados Concretos:** Como dueña de un restaurante, estoy interesada en soluciones que impacten directamente en mi rentabilidad y eficiencia. Las propuestas abstractas o teóricas no me convencerían.

En resumen, para tener éxito en el mercado argentino de restaurantes, es crucial entender la complejidad del contexto económico, la diversidad del sector, los valores culturales y las necesidades específicas de cada perfil de dueño. Ignorar alguno de estos factores aumentaría significativamente las probabilidades de fracaso.
"
Agent_031,INFJ,NO,"¡A ver, a ver! Esto de Megan suena cada vez mejor, pero tengo que pensarlo bien.

**R1: Reacción Instintiva (INFJ - Sentimiento Introvertido)**

Mi primera reacción es un alivio mezclado con cautela. La idea de que el restaurante funcione solo por un mes entero, ¡eso es un sueño! Necesito DESESPERADAMENTE recuperar mi tiempo y delegar con confianza. El manual de operaciones y la consultoría me dan tranquilidad porque son tangibles. La garantía de implementación de 30 días es un GRAN punto a favor. Siento que Megan realmente está poniendo su reputación en juego y eso me inspira confianza. Pero... $200.000 es una inversión importante, y la inflación me da pánico. ¿Realmente vale la pena? ¿Será demasiado bueno para ser verdad?

**R2: Análisis Lógico (INFJ - Intuición Extrovertida)**

Okay, pongámoslo en perspectiva. ¿Cuánto me cuesta el ""caos"" actual? Horas extras, errores del personal, quejas de clientes, mala reputación... sin mencionar mi propia salud mental. Si Megan logra poner orden, eso podría traducirse en MÁS ganancias, MENOS estrés y TIEMPO libre. Además, el manual de operaciones (blindado, como ella dice) puede servir a largo plazo, incluso si Megan ya no está. Los $200.000 se amortizarían con el tiempo.

PERO, ¿qué pasa si su método no funciona en mi restaurante? Cada lugar es diferente, y mi personal puede ser resistente al cambio... ¿Qué pasa si después de 30 días todo vuelve a ser un caos? ¿Pierdo la inversión? Necesito entender bien los términos de la garantía. ¿Qué pasa si no cumple? ¿Hay un reembolso parcial? Necesito preguntarle directamente a Megan sobre esto.

**Veredicto (INFJ - Juicio Introvertido):**

Estoy muy tentada a darle una oportunidad a Megan. La necesidad de recuperar mi libertad y el potencial de mejorar la rentabilidad son muy fuertes. La garantía de 30 días me da un colchón de seguridad.

Sin embargo, mi sentido práctico católico me dice que no me lance de cabeza. Antes de invertir, necesito hacer un par de cosas:

1.  **Investigar más a fondo:** Buscar referencias de otros restaurantes que hayan trabajado con Megan. ¿Qué dicen sus clientes?
2.  **Aclarar los términos de la garantía:** Preguntarle directamente sobre el ""plan B"" si la implementación no es exitosa.
3.  **Hacer números:** Calcular cuánto me cuesta el ""caos"" mensualmente y compararlo con la inversión de $200.000.

Si la investigación es favorable y los términos de la garantía son aceptables, ¡creo que voy a darle una oportunidad! Vale la pena intentarlo para recuperar mi vida. Necesito ese asado familiar tranquilo sin pensar en el restaurante.
","Entendido. Desde mi posición como dueña de un restaurante argentino de 59 años, nivel socioeconómico alto, y con las características mencionadas (INFJ, historia personal, inclinación política, educación, miedos y actividades de ocio), veo varias razones por las que una iniciativa o estrategia dirigida a mi sector podría fallar. Aquí te dejo un análisis crítico:

**1. Falta de Comprensión de la Diversidad del Sector:**

*   **Error:** Asumir que todos los dueños de restaurantes en Argentina tienen las mismas necesidades y desafíos.  
*   **Por qué fallaría:** Mis necesidades como propietaria de un restaurante consolidado con un cierto nivel de facturación y experiencia son radicalmente diferentes a las de un joven emprendedor que abre un food truck o un bar de cervezas artesanales.  Una segmentación genérica (ej: ""dueños de restaurantes en CABA"") ignora la complejidad del mercado.
*   **Ejemplo:** Una propuesta de marketing digital enfocada en redes sociales quizás sea irrelevante para un restaurante histórico que basa su clientela en la tradición y el boca a boca.

**2. Ignorar la Inflación y la Inestabilidad Económica:**

*   **Error:**  No considerar la hiperinflación constante y la devaluación del peso como el principal dolor de cabeza actual.
*   **Por qué fallaría:**  Cualquier propuesta que requiera una inversión significativa en pesos (o incluso en dólares, dada la volatilidad) sin un claro retorno a corto/mediano plazo será rechazada.  Promesas vagas de ""aumento de la rentabilidad a largo plazo"" no son suficientes. Mi enfoque está en asegurar la supervivencia del negocio día a día.
*   **Ejemplo:** Un sistema de gestión de inventario de alta tecnología que implica una fuerte inversión inicial parece interesante, pero si me genera dudas sobre cómo amortizarlo en medio de este contexto, dudo que lo considere.

**3. Desconexión con la Realidad Operacional y Cultural:**

*   **Error:** Ofrecer soluciones teóricas sin entender los desafíos prácticos y culturales del día a día de un restaurante.
*   **Por qué fallaría:**  La gestión de personal, la calidad de los proveedores, la burocracia estatal, la idiosincrasia del cliente argentino, todo esto pesa muchísimo.  Si la solución no tiene en cuenta estos factores, es inútil.
*   **Ejemplo:**  Un software de reservas online que no se integra con los sistemas de gestión existentes o que resulta complicado para el personal usarlo, terminará siendo un fracaso. La capacitación debe ser simple y adaptada a la realidad de mi equipo.

**4. Falta de Confianza y Credibilidad:**

*   **Error:**  No generar suficiente confianza en la propuesta o en la empresa que la ofrece.
*   **Por qué fallaría:**  Como persona de 59 años, valoro la trayectoria, las referencias y la solidez. Me da desconfianza las soluciones ""mágicas"" o las empresas nuevas sin experiencia demostrable en el sector gastronómico argentino.  Vengo de una generación donde la palabra vale, y la reputación es fundamental.
*   **Ejemplo:** Si una empresa de marketing digital me contacta con promesas de resultados espectaculares sin mostrar casos de éxito reales en restaurantes similares al mío, dudo en contratarla.

**5. No Apelar a mis Valores y Prioridades:**

*   **Error:**  No considerar mi perfil personal (INFJ, católica, votante de Milei, asado familiar).
*   **Por qué fallaría:** Si la propuesta va en contra de mis valores o no conecta con mis intereses, no me interesará. Por ejemplo, una campaña que promueva valores muy progresistas que chocan con mi ideología política generará rechazo. O una solución enfocada en marketing digital agresivo que no respete el ""boca a boca"" y la tradición que valoro.
*   **Ejemplo:**Una campaña con un tono excesivamente irreverente o que promueva ideologías con las que no me siento identificada, puede generar rechazo.

**En resumen, para evitar el fracaso, la iniciativa debe:**

*   Ser **hiper-segmentada**, considerando la diversidad real del sector.
*   Ofrecer soluciones **tangibles** y de **rápido retorno**, adaptadas a la crisis económica.
*   Ser **práctica**, considerando los desafíos operacionales y culturales del día a día.
*   Ser **confiable**, demostrando trayectoria y referencias sólidas.
*   Ser **coherente** con mis valores y prioridades personales.

Si se ignoran estos puntos, la iniciativa, por más bien intencionada que sea, está destinada al fracaso.
"
Agent_007,ESTP,NO,"¡Uff, esto suena prometedor! A ver, vamos por partes.

**R1: Reacción Instintiva (ESTP en acción)**

Mi primera reacción es de alivio mezclado con escepticismo. El manual de operaciones blindado y la consultoría de 3 días suenan bien, pero lo que realmente me llama la atención es la ""Garantía de Implementación"" de 30 días. Conociéndome, soy de tirar a la pileta pero a veces me falta el seguimiento. La idea de tener a Megan auditando y resolviendo problemas en tiempo real me da mucha tranquilidad. 200 lucas es un número, pero si realmente me devuelve la libertad de no estar pegado al local... podría valer la pena. Mi lado pragmático (ESTP) quiere ver cómo funciona esto en la práctica, pero la idea de un sistema que funcione independientemente de mí me atrae mucho. Miedo a la inflación, invertir en algo que me haga ganar más tiempo es clave.

**R2: Análisis Racional (Considerando el Contexto y Mis Dolores)**

Ok, bajemos un poco a tierra. 200.000 pesos... En este país, con la inflación que tenemos, es plata. (Mi ADN de dolor activándose al toque). Pero, pensándolo fríamente, ¿cuánto me cuesta a mí estar todo el día en el restaurante? ¿Cuánto tiempo pierdo apagando incendios y lidiando con problemas que podrían resolverse con un buen sistema? ¿Cuánto vale mi tiempo libre para jugar al pádel y despejarme?

Además, la ""Matriz de Manejo de Crisis"" me parece crucial. Las quejas son mi kriptonita. Siempre termino involucrándome y perdiendo tiempo valioso. Que el equipo tenga un protocolo claro me ahorraría dolores de cabeza.

La garantía de implementación reduce el riesgo. Si al final del mes sigue habiendo problemas, al menos tengo a Megan ahí para responder. Creo que hay que ver bien los términos y condiciones de esa garantía.

Considerando mi divorcio, quiero tiempo libre para dedicarme a mi vida personal. Este sistema podría ser la clave para lograrlo.

**Veredicto Final: Inversión Estratégica con Precauciones**

Creo que sí, *estoy interesado*, pero con algunas condiciones.

1.  **Investigar a Megan:** Averiguar bien sus antecedentes, pedir referencias de otros restaurantes con los que haya trabajado.
2.  **Detalles de la Garantía:** Necesito entender al detalle qué cubre la garantía de implementación. ¿Qué pasa si al final del mes el sistema no funciona como prometido? ¿Hay algún tipo de reembolso o continuidad de la consultoría?
3.  **Flexibilidad:** Si bien un manual de operaciones es clave, necesito asegurarme de que el sistema pueda adaptarse a las particularidades de mi restaurante. No quiero un enfoque rígido que no tenga en cuenta nuestra cultura y estilo.
4. **Objetivo:** Clarificar con Megan si este servicio va a poder delegar y así no tener que estar en el restaurante.

Si Megan puede responder satisfactoriamente a mis preguntas y si la garantía es realmente sólida, considero que la inversión de 200.000 pesos vale la pena. No solo porque me permitiría delegar y recuperar mi libertad, sino también porque podría mejorar la eficiencia y rentabilidad del restaurante a largo plazo.

Para un ESTP como yo, que le gusta la acción y ver resultados rápidos, la idea de tener un sistema que funcione y me permita disfrutar de mi tiempo libre es muy atractiva. ¡A ver si Megan puede convertir esa promesa en realidad!
","Okay, analicemos por qué esta aproximación podría fallar si estoy tratando de conectar con dueños de restaurantes, bares y cafeterías en Argentina:

**Problemas Potenciales:**

*   **Edad y Experiencia vs. Perfil:** Un dueño de restaurante típico (especialmente los de locales históricos o parrillas familiares) probablemente tenga más de 23 años y una trayectoria más larga en el negocio. Mi edad podría ser vista como una falta de experiencia o conocimiento del rubro, generando desconfianza.
*   **MBTI y Estereotipos:** Aunque el MBTI es una herramienta de autoconocimiento, usarlo en exceso puede llevar a estereotipos. Un ESTP podría ser percibido como demasiado impulsivo o poco confiable para asuntos financieros.
*   **Divorcio a los 23:** Mencionar el divorcio a tan temprana edad podría ser visto como poco profesional o generar dudas sobre mi estabilidad personal. Dependiendo de la sensibilidad de la persona, esto podría ser un factor negativo.
*   **Religión y Política:** En Argentina, la religión y la política son temas sensibles. Mencionar mi afiliación evangélica o mi voto por Bullrich puede alienar a personas con diferentes creencias o inclinaciones políticas. Aunque busco conectar con personas diversas, esta información puede generar confrontación innecesaria.
*   **Nivel Socioeconómico y Educación:** Alardear de mi nivel socioeconómico medio-alto o mi educación en una universidad privada podría ser interpretado como arrogancia o falta de comprensión de los desafíos que enfrentan los dueños de restaurantes, especialmente en contextos de inflación y crisis económica. Esto podría generar resentimiento, especialmente si muchos de mis contrapartes tuvieron que construir sus negocios desde abajo.
*   **Miedo a la Inflación y la Inseguridad:** Aunque es comprensible, enfocarse exclusivamente en el ""miedo a la inflación y la inseguridad económica"" podría ser visto como oportunista o incluso paranoico. Los dueños de restaurantes ya están lidiando con estos problemas, y no necesitan que se los recuerden constantemente.
*   **Ocio Limitado:** El pádel como única actividad de ocio puede ser visto como un interés limitado y no conectar con los intereses y necesidades propias de los dueños de negocios. 
*   **Falta de Conexión con la Cultura Gastronómica:** El perfil carece de detalles que muestren una genuina pasión o conocimiento por la cultura gastronómica argentina, sus tradiciones, ingredientes, o los desafíos específicos del sector.

**Propuestas de mejora:**

*   **Enfocarme en la Experiencia y el Valor Añadido:** En lugar de hablar de mi edad o mi MBTI, debo concentrarme en cómo puedo ayudar a los dueños de restaurantes a resolver sus problemas, optimizar sus operaciones o aumentar sus ganancias. Demostrar conocimiento real del sector.
*   **Ser Neutral en Temas Sensibles:** Evitar mencionar la religión, la política o mi situación personal (divorcio) a menos que sea absolutamente necesario y relevante para la conversación.
*   **Mostrar Empatía y Comprensión:** Reconocer los desafíos que enfrentan los dueños de restaurantes en Argentina y demostrar que entiendo sus preocupaciones.
*   **Conectar con la Pasión por la Comida:** Mostrar un interés genuino por la gastronomía argentina, sus tradiciones y los desafíos únicos que enfrentan los restaurantes locales.
*   **Adaptar el Lenguaje:** Usar un lenguaje claro, directo y respetuoso, evitando jergas o tecnicismos innecesarios.
*   **Ser Auténtico, pero Profesional:** Mostrar mi personalidad sin dejar de ser profesional y respetuoso.

En resumen, la clave es enfocarme en construir relaciones basadas en la confianza, el respeto y el valor añadido, en lugar de confiar en características personales o afiliaciones que podrían generar desconfianza o alienación. Demostrar que entiendo sus necesidades y que puedo ofrecer soluciones concretas a sus problemas."
Agent_001,INTJ,NO,"¡A ver, a ver! Esto amerita un análisis profundo, como me gusta a mí. A mis 75 años, y con la experiencia que tengo en el rubro, no me dejo llevar por promesas vacías.

**Ronda 1: Reacción Visceral (INTJ en modo ""Eficiencia Ante Todo"")**

Mi primera reacción es de escepticismo mezclado con un ligero interés. $200.000 no es moco de pavo, y aunque mi restaurante genere ingresos considerables, no me gusta tirar la plata. El ""Manual de Operaciones Blindado"" podría ser interesante, pero ¿realmente mi gente lo va a leer y aplicar? La consultoría de 3 días suena prometedora, pero conozco a mi personal. Muchos años lidiando con sus mañas. La garantía de implementación es lo que me llama la atención. Esa auditoría diaria por WhatsApp y la resolución de crisis en tiempo real... eso sí que podría valer la pena. Mi mayor miedo es que la calidad decaiga cuando yo no estoy, y este sistema, al menos en la teoría, parece apuntar directamente a solucionar ese problema. Aún así, necesito más información. ¿3 días intensivos bastarán con mi personal?

**Ronda 2: Análisis Lógico (INTJ en modo ""Plan Estratégico"")**

Necesito desglosar esto y ver si realmente se alinea con mis objetivos a largo plazo: recuperar mi libertad personal. 

*   **Beneficios Potenciales:**
    *   **Estandarización:** Un manual y protocolos claros podrían profesionalizar el servicio y reducir errores. (Esto ataca directamente mi problema de la calidad variable cuando no estoy).
    *   **Delegación:** Si el restaurante realmente funciona solo al día 31, podría empezar a delegar más tareas y dedicarme a disfrutar de la vida, que ya tengo 75 años.
    *   **Reducción de Stress:** Menos crisis, menos llamadas de mi encargado con problemas urgentes a las 10 de la noche. ¡Santo remedio contra el estrés!

*   **Riesgos:**
    *   **Implementación Fallida:** Mi personal podría resistirse al cambio. Los 3 días podrían no ser suficientes. (Necesito saber más sobre la metodología de Megan).
    *   **Costo-Beneficio:** ¿Realmente justifica la inversión? ¿Cuánto tiempo necesito para recuperar esos $200.000 con la mejora en la eficiencia?
    *   **Dependencia:** ¿Me volveré dependiente de Megan? ¿Qué pasa después de los 30 días cuando deje de auditar?

*   **Garantía:**
    Si Megan audita a diario que los procesos se cumplen, mitiga mucho mi riesgo a mi personal actual que es poco motivado a los cambios. Si veo una mejora real durante ese mes, la inversión se justifica. El tema es si la ""magia"" desaparece después de los 30 días.

**Veredicto Final (INTJ en modo ""Tomador de Decisiones Informado"")**

Voy a investigar más a fondo. En principio, la garantía de implementación de 30 días cambia mi percepción de riesgo significativamente. Me siento un poco más ""asegurada"" con la idea de tener a la experta monitoreando la ejecución. Sin embargo, voy a contactar a Megan y hacerle preguntas directas y específicas:

*   ¿Cómo maneja la resistencia al cambio del personal?
*   ¿Qué tipo de seguimiento ofrece después de los 30 días?
*   ¿Puede mostrarme casos de éxito con restaurantes similares al mío?
* Le pediré referencias de otros dueños de restaurantes de mi zona o de mi círculo al que pueda llamar para pedirles referencias y consultarles su experiencia con Megan.

Si sus respuestas son convincentes y me muestra resultados concretos, estaría dispuesta a invertir los $200.000. Necesito pruebas de que esto no es solo humo. Si puedo confirmar mis sospechas. Si lo son, entonces, me arriesgo. La posibilidad de recuperar mi libertad y reducir el estrés en mi vida no tiene precio. A esta edad, el tiempo es oro, y lo quiero aprovechar haciendo asados familiares y no apagando incendios en el restaurante.
","Considerando mi perfil específico de dueña de restaurante en Argentina, acá hay varias razones por las que algo podría fallar, siendo especialmente crítico:

**Relacionado a mi edad (75 años) y nivel de digitalización (asumido bajo/medio):**

*   **Nuevas tecnologías y tendencias:** Si hablamos de implementar un nuevo sistema de gestión, una plataforma de delivery con inteligencia artificial, o una estrategia de marketing digital agresiva (influencers, metaverso, etc.), probablemente falle porque:
    *   **Falta de Familiaridad:** No entiendo la jerga, los beneficios reales o cómo integrarlos en mi negocio existente.
    *   **Resistencia al Cambio:** Llevo décadas manejando el restaurante de cierta manera. Cambiar todo de golpe me parece innecesario y riesgoso. ""Si no está roto, no lo arregles"".
    *   **Dependencia de Terceros:** Termino dependiendo demasiado de jóvenes ""expertos"" que quizás inflan los precios o no entienden las necesidades reales de mi negocio.

**Relacionado a mi experiencia y trayectoria:**

*   **Sugerencias demasiado disruptivas:** Si me proponen cambiar la esencia de mi restaurante (por ejemplo, transformar una parrilla familiar en un local de comida vegana ""moderna""), fallará rotundamente. Mi clientela es fiel a lo que ofrezco, y un cambio radical los espantaría.
*   **Falta de respeto por la tradición:** Ignorar la historia de mi restaurante, el valor del ""boca a boca"" que he construido durante años, o la importancia de los platos clásicos en la carta sería un error fatal.
*   **Menospreciar mi intuición:** Después de tantos años en el rubro, tengo un instinto para saber qué funciona y qué no. Si alguien ignora mis opiniones o las descarta por ser ""anticuadas"", la relación se romperá y la iniciativa fracasará.

**Relacionado al contexto Argentino y mis miedos:**

*   **Planes a largo plazo sin considerar la inflación:** Cualquier estrategia que requiera inversiones significativas a largo plazo, sin tener en cuenta la inflación galopante y la inestabilidad económica, está destinada al fracaso. Necesito soluciones que me permitan proteger mi capital y adaptarme rápidamente a los cambios.
*   **Propuestas que aumenten mi exposición a riesgos:**  Ideas que impliquen mayor riesgo económico o de seguridad (por ejemplo, expandir el negocio a una zona peligrosa, invertir en un mercado desconocido, etc.) me generarán rechazo.  La inseguridad es una preocupación constante.
*     **Estrategias que ignoren el valor de la calidad y el servicio personalizado**:  En mi restaurante, la calidad de la materia prima y el trato cercano con los clientes son pilares fundamentales. Cualquier estrategia que priorice la reducción de costos en detrimento de la calidad o que impersonalice el servicio (exceso de automatización, etc.)  será contraproducente.

**Relacionado a mi pensamiento político y valores:**

*   **Propuestas que choquen con mis valores liberales/conservadores:** Ideas que tengan que ver con regulaciones excesivas, imposición de cupos, ideologías de género forzadas, politización del negocio o cualquier cosa que vaya en contra de mi libertad económica y mis valores tradicionales no serán bien recibidas.

En resumen, cualquier intento de introducir cambios en mi restaurante debe ser gradual, respetuoso de mi experiencia y trayectoria, adaptable a la realidad económica argentina, y alineado con mis valores y prioridades. De lo contrario, fracasará estrepitosamente.
"
Agent_097,ENFJ,NO,"¡A ver, a ver, Megan! (Risas) Interesante la evolución, la verdad. El ""Manual de Operaciones Blindado"" suena bien, pero la consultoría intensiva y la garantía de implementación son lo que realmente me llama la atención. Vamos a darle una pensada seria.

**R1: Reacción Instintiva (ENFJ pura y dura)**

*   **Positivo:** ¡Uf, la idea de que el restaurante funcione solo! Mis amigas me cargan que vivo pegada al local. Poder escaparme un fin de semana sin que se arme un caos... ¡Sería un sueño! La ""Matriz de Manejo de Crisis"" es un golazo, odio tener que estar resolviendo quejas menores todo el tiempo. Y la garantía de implementación... Me da mucha confianza.
*   **Negativo:** $200.000... ¡Es un montón! Con la inflación que tenemos, es una inversión importante. Y tres días de consultoría intensiva suena agotador. Tendría que parar operaciones, aunque sea parcialmente.

**R2: Análisis Racional (Considerando mi perfil y mis miedos)**

*   **¿Cambia mi percepción del riesgo?** Sí, definitivamente. Antes, la idea de un sistema nuevo me daba pánico. ¿Y si no funciona? ¿Y si el personal no se adapta? La garantía de implementación mitiga ese riesgo. Saber que Megan estará ahí monitoreando y resolviendo problemas en tiempo real me da mucha más seguridad.
*   **¿Está asegurada la inversión?** ""Asegurada"" es una palabra fuerte. Pero la garantía reduce significativamente el riesgo. Si al final del mes el restaurante no funciona de forma autónoma, al menos tendré el conocimiento y las herramientas para encaminarlo. Y sabré que hice todo lo posible con una experta al lado.
*   **El miedo a la inflación:** $200.000 hoy valen más que $200.000 mañana... Considerando mi aversión al riesgo y mi miedo a la inflación abrupta, diferir esta inversión no tiene sentido.

**VEREDICTO (Decisión Final)**

¡Voy a darle una oportunidad a Megan!

*   **Justificación:** Como ENFJ, valoro mucho las relaciones y la armonía. Pero también necesito libertad y tiempo para mí. La propuesta de Megan ataca mi ADN de dolor (miedo a la inflación y la inseguridad económica) al mismo tiempo que me ofrece la posibilidad de recuperar mi libertad personal y dedicarme a cosas que me hacen bien, como jugar al fútbol 5 con mis amigas. La garantía de implementación realmente me convenció de que vale la pena invertir. ¡Si esto funciona, me va a cambiar la vida!

Ahora, a programar esos tres días intensivos... ¡Va a ser un desafío, pero estoy con todas las pilas!
","Okay, desde mi perspectiva como dueña de restaurante argentina con las características que me describiste, te doy mi opinión más sincera y crítica sobre por qué ""esto"" (asumo que te refieres a una idea, proyecto o estrategia específica que no me has revelado) podría fallar. Para ser lo más concreto posible, voy a considerar algunas áreas clave que me preocupan como restauradora:

**Considerando el Contexto Macroeconómico y Político:**

*   **Ignorar o Subestimar la Inflación:** Si tu idea no tiene en cuenta la inflación galopante y la forma en que afecta los costos de los insumos, los salarios y los precios al consumidor, está condenada al fracaso. En Argentina, la inflación es un factor crucial que requiere una gestión financiera muy cuidadosa.
*   **No Adaptarse a las Fluctuaciones del Dólar:** La inestabilidad del tipo de cambio es una constante. Si tu modelo depende de insumos importados o de precios atados al dólar, y no tienes una estrategia para mitigar el riesgo cambiario, te vas a llevar un golpe. Los márgenes se achican rápidamente cuando el dólar sube.
*   **No Anticipar los Cambios en las Políticas Gubernamentales:** Los cambios regulatorios inesperados, los impuestos y las políticas laborales pueden tener un impacto devastador en la rentabilidad. Si asumes que el *status quo* se mantendrá, podrías estar equivocado.
*   **Desconocer la Realidad Socioeconómica del Cliente:** Subestimar el impacto de la inflación en el poder adquisitivo de los clientes. A pesar de vivir en un nivel socioeconómico medio-alto, no puedo ignorar que la clase media está sufriendo. Si un restaurant es demasiado caro, en el contexto económico Argentino actual, puede fracasar.

**Considerando la Operación del Restaurante:**

*   **Mala Gestión de Costos:** Si no tienes un control estricto de los costos (comida, bebida, personal, alquiler, servicios), no importa cuántos clientes tengas, no serás rentable. Es fundamental conocer el costo real de cada plato y bebida.
*   **Problemas con el Personal:** La rotación de personal es alta en el sector gastronómico. Si no ofreces buenas condiciones laborales, capacitación y un ambiente de trabajo positivo, tendrás problemas para retener al personal, lo que afecta la calidad del servicio y la eficiencia.
*   **Falta de Innovación en la Oferta:** El mercado gastronómico es muy competitivo. Si tu menú y tu propuesta no se diferencian de la competencia, o si no te adaptas a las nuevas tendencias (opciones vegetarianas/veganas, comida saludable, etc.), te quedarás atrás.
*   **Marketing Ineficiente:** Si no tienes una estrategia de marketing clara y efectiva, no llegarás a tu público objetivo. Hoy en día, es crucial tener una presencia online sólida (redes sociales, página web, delivery apps) y saber cómo utilizarlas para atraer y fidelizar clientes.
*   **Mala Calidad del Servicio o de la Comida:** Esto es obvio, pero vale la pena mencionarlo. Si la comida no es buena o el servicio es deficiente, los clientes no volverán. La reputación es fundamental en este negocio.
*   **Ignorar el Feedback de los Clientes:** No prestar atención a las opiniones y sugerencias de los clientes es un error grave. Las redes sociales y las plataformas de reseñas son una fuente valiosa de información para mejorar tu negocio.
*   **No Adaptarse a la Cultura Local:** Esto es especialmente importante si estás pensando en una franquicia o en un concepto extranjero. Lo que funciona en otro país puede no funcionar en Argentina.

**Considerando Mi Propia Perspectiva:**

*   **Ignorar mi experiencia:** Pensar que no tengo nada que aportar después de tantos años en este rubro es un error. Conozco el mercado local, los proveedores, las costumbres de los clientes y los desafíos específicos de operar un restaurante en Argentina.
*   **Ofrecerme algo que no se alinee con mis valores:** Si tu propuesta me obliga a comprometer mis principios éticos o mi visión de cómo debe ser un negocio, no me interesará.
*   **Subestimar mi aversión al riesgo:** Después de haber pasado por tantas crisis económicas, soy cautelosa a la hora de invertir en nuevas ideas. Necesito ver un plan de negocios sólido y una estrategia clara para mitigar los riesgos.

Para darte una respuesta aún más precisa, necesito saber a qué te refieres con ""esto"". Proporciona más detalles sobre tu idea, proyecto o estrategia, y te daré una crítica más específica y constructiva.
"
Agent_029,INTJ,NO,"¡Uf, esto se pone interesante! A ver, con 73 años en el lomo y décadas en este negocio, creo que puedo analizar esto con criterio.

**R1: Reacción inicial (Instintiva, visceral)**

$200.000… ¡Otra vez gastando en esto! Pero... la garantía de 30 días me llama la atención. Siempre estoy corriendo apagando incendios, y si esto de verdad pudiera darme algo de libertad... Mmm, tengo mis dudas, ya vi pasar muchos ""expertos"" que prometen el oro y el moro. Pero el caos que tengo a veces me supera. Me preocupa que no tengo el poder adquisitivo para esto.

**R2: Análisis Racional (MBTI - INTJ)**

Como INTJ, necesito desmenuzar esto lógicamente.

*   **Manual de Operaciones:** Suena bien en teoría, pero ¿será adaptable a mi restaurante? ¿No será una fórmula genérica que no se adapta a nuestra idiosincrasia? Necesitaría ver un ejemplo para juzgar.
*   **Consultoría en el Local:** Tres días son pocos, pero mejor que nada. Lo importante es que el equipo realmente aprenda y se motive. Mi gente, a veces, se resiste a los cambios.
*   **Garantía de 30 días:** Esto es lo que marca la diferencia. La auditoría diaria por WhatsApp suena intensa, pero demuestra compromiso. Sin embargo, ¿qué pasa después del mes? ¿Volvemos al caos anterior? ¿Hay costos ocultos? ¿Que pasa con la matriz de manejo de crisis? necesito saber si esto me sirve.
*   **El Precio:** $200.000 es una inversión considerable. Tengo que evaluar si el potencial retorno (más tiempo libre, menos estrés, mejor calidad del servicio) justifica el gasto. Ahora que Milei está en el poder, el ahorro se fue por las nubes.

**Mi Dolor:** La idea de ""recuperar mi libertad personal"" me resuena mucho. Quiero disfrutar de mis nietos, dedicar más tiempo a mis videojuegos, y no estar atado al restaurante 24/7. De verdad necesito un respiro laboral pero me preocupa si este producto funciona.

**Veredicto:**

Mi mente INTJ me dice que necesito más información, pero la garantía de implementación de 30 días definitivamente reduce el riesgo percibido. Me sentiría más cómodo si pudiera hablar con otros dueños de restaurantes que hayan usado el sistema de Megan. Necesito referencias concretas. Sin eso, me resisto.

**Decisión:**

Pediría una consulta preliminar gratuita con Megan para que me muestre ejemplos concretos del manual y me explique cómo se adapta a restaurantes como el mío. Le preguntaría sobre referencias y qué tipo de soporte ofrece después de los 30 días. Si las respuestas son convincentes, estaría más dispuesto a invertir. Pero necesito ver para creer y necesito poder llegar a fin de mes.
","Para un dueño de restaurante argentino de 73 años con el perfil que me describiste (INTJ, centro-progresista, preocupado por la inflación y el poder adquisitivo, ateo/agnóstico, votante de Milei, gamer ocasional), una estrategia o producto fallaría por las siguientes razones:

**Considerando la edad y nivel de digitalización:**

*   **Tecnología demasiado compleja o innovadora sin valor percibido:** Un sistema de gestión de inventario con realidad aumentada o una plataforma de marketing en TikTok le resultaría abrumadora y dudaría de su retorno de inversión. Esperaría una curva de aprendizaje simple y un beneficio claro e inmediato.
*   **Marketing excesivamente juvenil o moderno:** Una campaña publicitaria llena de memes o jerga millennial no resonaría con su experiencia y su percepción de lo que funciona en su negocio. Preferiría un approach más tradicional y enfocado en la calidad y la trayectoria.
*   **Soluciones que no se adaptan a sus métodos actuales:** Forzarlo a cambiar procesos que lleva años perfeccionando (aunque sean menos eficientes) generaría resistencia. La solución debe integrarse gradualmente a su forma de trabajar, no al revés.
*   **Soporte técnico insuficiente o inaccesible:** Necesitaría un soporte técnico al que pueda acceder fácilmente y que hable su idioma (literal y figurativamente). Tutoriales en video o chats con chatbots serían insuficientes. Preferiría un llamado telefónico con una persona real.

**Considerando su aversión al riesgo y situación económica:**

*   **Inversiones de alto riesgo o con retorno incierto:** No estaría dispuesto a apostar grandes sumas de dinero en ideas innovadoras sin pruebas sólidas de su éxito. La situación económica argentina lo haría aún más cauteloso.
*   **Soluciones que aumenten sus costos fijos:** En un contexto de inflación y fluctuación del tipo de cambio, cualquier cosa que implique un aumento considerable de sus gastos mensuales sería rechazada. Priorizaría soluciones que reduzcan costos o aumenten la rentabilidad de forma tangible.
*   **Promesas exageradas o falsas:** Promesas de aumentar las ventas en un 50% en un mes lo harían desconfiar. Su experiencia lo ha enseñado a ser escéptico y a valorar la honestidad y la transparencia.

**Considerando su ideología y valores:**

*   **Estrategias que atenten contra sus principios centro-progresistas:** Campañas de publicidad que promuevan discursos de odio, discriminación o que exploten la vulnerabilidad de las personas serían inaceptables, incluso si fueran efectivas en términos de ventas.
*   **Acercamientos que ignoren la realidad socioeconómica del país:** Un discurso de marketing que hable de ""innovación disruptiva"" sin considerar la inflación, la pobreza y la desigualdad social sonaría hueco y fuera de lugar.
*   **Promociones pensadas para un público elitista:** Descuentos exclusivos para tarjetas de crédito premium o menús degustación caros serían vistos como elitistas y desconectados de la realidad de sus clientes habituales.

**Considerando su rol como dueño de restaurante:**

*   **Soluciones que no tengan en cuenta las particularidades de su negocio:** Un software de gestión genérico que no se adapte a las necesidades específicas de una parrilla, un café de especialidad o un restaurante de cocina regional sería inútil.
*   **Propuestas que no mejoren la experiencia del cliente:** Al final del día, lo que más le importa es la satisfacción de sus clientes. Cualquier solución que complique el servicio, aumente los tiempos de espera o afecte la calidad de la comida sería rechazada.
*   **Estrategias que ignoren la competencia local:** No le interesaría una solución que funcione en otros países o ciudades si no tiene en cuenta las características de su mercado local, la idiosincrasia de sus clientes y las estrategias de sus competidores.

**En resumen, para que una estrategia o producto fracase con este dueño de restaurante, bastaría con que:**

*   **Sea demasiado complejo o costoso.**
*   **No se adapte a su forma de trabajar y a la realidad argentina.**
*   **Atente contra sus valores e ideología.**
*   **No mejore la experiencia del cliente.**

La clave para tener éxito con él es ofrecer soluciones simples, prácticas, transparentes, adaptadas a sus necesidades específicas y que contribuyan a mejorar su rentabilidad sin sacrificar sus principios. También es importante ganarse su confianza mostrando comprensión por la realidad económica del país y respetando su experiencia y trayectoria.
"
Agent_096,ENTJ,NO,"¡Uy, pará! A ver, Megan y su ""Sistema de Servicio: De Caos a Control""... Acá va mi análisis en tres rondas:

**R1: Reacción visceral (ENTJ en modo ""eficiencia ante todo"")**

A ver, la idea suena MUY bien, sobre todo lo de ""que funcione solo"". ¡Eso es oro puro! Poder delegar y que no se caiga todo cuando no estoy es mi sueño húmedo. El manual blindado y la matriz de crisis me dan mucha tranquilidad. Antes sentía que $200.000 era un número, ahora el acompañamiento me da una pequeña esperanza. La garantía de implementación... ¡Eso sí que llama la atención! Me gusta que ponga el cuerpo y no desaparezca después de cobrar. Si de verdad me asegura que el restaurante funcione sin que yo esté encima, los $200.000 podrían valer la pena. De hecho, mi primera reacción es pensar: ""¡Por fin alguien que entiende mis problemas!"".

**R2: Análisis crítico (ENTJ en modo ""cerebro en marcha"")**

Ok, frenemos la euforia. A ver: $200.000... es un montón de plata. ¿De dónde lo saco? ¿Tengo que pedir un crédito? ¿Impacta mucho en la caja? ¿Vale la pena considerando que no tengo un mango? Además, ¿estos tres días intensivos son posta? ¿Megan se adapta a mi negocio? ¿Entiende la idiosincrasia de laburar en Argentina? No es lo mismo un restaurante en Recoleta que una parrilla en Laferrere. ¿Y los empleados? ¿Van a poner de su parte o van a boicotear todo? Porque si no se comprometen, la inversión se va a la basura. Necesito saber más sobre cómo va a ser ese acompañamiento diario por WhatsApp... ¿De verdad va a ser efectivo? Porque si es solo tirar frases hechas, no me sirve de nada. Además, ¿qué pasa después de los 30 días? ¿Tengo que volver a contratarla para mantener el sistema? ¿O me deja las herramientas para seguir solo? Son muchas preguntas...

**Veredicto: Decisión final (ENTJ en modo ""estrategia a largo plazo"")**

Necesito más información, pero la garantía de implementación definitivamente cambia mi percepción del riesgo. La idea de que Megan monitoree y resuelva problemas durante un mes entero me da mucha más confianza que antes. Sin embargo, no voy a tirar la plata sin pensar.

**MI DECISIÓN ES:** Le voy a pedir a Megan una reunión para que me explique en detalle cómo va a funcionar el proceso, qué resultados concretos puedo esperar y cómo se va a adaptar a las particularidades de mi restaurante. Necesito ejemplos reales de otros negocios que haya ayudado y testimonios de clientes. Si me convence de que su sistema es realmente efectivo y que la inversión vale la pena a LARGO PLAZO (es decir, que no solo me saca del pozo durante un mes, sino que me da las herramientas para seguir adelante solo), entonces sí, estaría dispuesto a invertir. Pero necesito estar 100% seguro de que no voy a estar tirando la plata a la basura. Al final, mi tiempo vale oro y si tengo que elegir entre seguir batallando solo o invertir en una solución que me libere, prefiero invertir... ¡siempre y cuando tenga garantías de que va a funcionar! Y si veo que me presiona mucho a comprar o no me da respuestas claras, me alejo sin dudarlo. Los chantas no van conmigo.
","Para un dueño/a de restaurante, bar o cafetería en Argentina, con el perfil detallado proporcionado, algunas iniciativas o estrategias podrían fallar por las siguientes razones:

**Basado en el Contexto General Argentino:**

*   **Estrategias de Precios Premium sin Valor Percibido:** Argentina es un país muy sensible al precio. Intentar implementar precios altos sin ofrecer una justificación clara en términos de calidad superior, experiencia única o procedencia de los ingredientes (especialmente si el local es de barrio y no está posicionado como alta cocina) podría resultar en una baja demanda.
*   **Ignoring la Inflación:** No ajustar precios regularmente o no tener una estrategia para manejar los costos inflacionarios (negociación con proveedores, eficiencia en la gestión de mermas, etc.) condenará al negocio al fracaso.
*   **Desestimar la Cultura del Efectivo:** Aunque la digitalización avanza, muchos argentinos aún prefieren pagar en efectivo. Limitar las opciones de pago o dificultar el uso de efectivo podría alienar a una parte importante de la clientela.
*   **Regulaciones Labores Complejas:** Ignorar las leyes laborales argentinas o intentar atajos ilegales puede resultar en litigios costosos y daño a la reputación.
*   **Dependencia Excesiva de Redes Sociales Sin Estrategia:** Pensar que solo con publicar en Instagram o Facebook el negocio va a prosperar. Es necesario un plan de marketing digital integral, que incluya SEO local, publicidad paga y análisis de resultados.

**Basado en el Perfil Específico del Dueño/a (37 años, Femenino, Nivel Socioeconómico Bajo, ENTJ, Casado/a con Hijos, Ateo/Agnóstico, Massa, Colegio Público, Centro-Progresista, Miedo a no llegar a fin de mes, Gaming):**

*   **Falta de Flexibilidad Horaria por Cuidado de Hijos:**  Si la estrategia requiere una dedicación excesiva de tiempo que comprometa el cuidado de los hijos, especialmente en un contexto de bajo nivel socioeconómico donde la red de apoyo familiar podría ser limitada, la dueña podría experimentar agotamiento y el negocio podría resentirse.
*   **Desconfianza en Inversiones No Tangibles Inicialmente:** Como ENTJ, le gusta la eficiencia y el ROI. Si se le propone una estrategia de marketing digital muy elaborada sin mostrarle números y ejemplos concretos de cómo impactará en las ventas, podría mostrarse escéptica a invertir.
*   **Campañas de Marketing Insensibles a Su ADN de Dolor y Pensamiento Político:** Lanzar una campaña publicitaria frívola o ostentosa, ignorando la difícil situación económica del país o promocionando valores opuestos a su pensamiento centro-progresista, podría generar rechazo y boicot. Por ejemplo, un spot centrado en la exclusividad y el lujo en un momento de crisis podría ser contraproducente.
*   **Desconocer al Cliente Promedio:** Dar por sentado que todos en su zona tienen sus mismos intereses y que su visión del mundo es igual a la de sus clientes.

**Ejemplos Concretos Donde Estas Razones Podrían Jugar un Rol:**

*   **Implementar un sistema de reservas online complejo y costoso:** Si la mayoría de los clientes son habituales del barrio y prefieren llamar por teléfono o ir directamente, el sistema sería un gasto innecesario.
*   **Ofrecer solo opciones veganas o vegetarianas en una parrilla tradicional:**  Iría en contra de las expectativas de la clientela y podría provocar una caída en las ventas.
*   **Abrir un local de café de especialidad sin adaptar los precios a la zona:** Si los precios son significativamente más altos que los de la competencia local, la clientela de nivel socioeconómico bajo no se sentiría atraída, aunque el café sea de excelente calidad.
*   **Ignorar las tendencias Gaming:** Podría realizar eventos que atraigan público usando las temáticas Gaming(por ejemplo, torneos de videojuegos, noches temáticas de juegos, etc...)

**En resumen, para que una estrategia tenga éxito, debe:**

*   Ser realista con la situación económica y social argentina.
*   Considerar los valores, prioridades y limitaciones del dueño/a del negocio.
*   Estar adaptada a las necesidades y expectativas de la clientela objetivo.

La clave está en la **adaptación, la empatía y la comprensión profunda del contexto.**
"
Agent_099,ISTJ,NO,"¡Uf, esto suena diferente! A ver, vamos a analizarlo con calma, como buen ISTJ que soy.

**R1: Reacción Instintiva (Basada en mi perfil y ""dolores"")**

Mi primera reacción es de escepticismo, pero atenuado. La idea de un manual con checklists y protocolos me gusta, porque soy muy de tener las cosas organizadas y estandarizadas. La consultoría intensiva también suena bien, porque necesito asegurarme de que mi personal realmente entienda cómo hacer las cosas.

Lo que más me llama la atención es la garantía de implementación de 30 días. ¡Eso sí que cambia el juego! La idea de que Megan esté auditando y resolviendo problemas en tiempo real me da mucha más confianza. Mi mayor miedo es la inflación y la inestabilidad, y esto podría ayudar a evitar pérdidas por errores operativos.

Pero, $200.000... ¡es una inversión importante! Y aunque la garantía suena bien, siempre pienso en el ""qué pasa si..."". ¿Qué pasa si mi personal no se adapta? ¿Qué pasa si surge un problema imprevisto que la matriz de crisis no contempla?

**R2: Análisis Racional (MBTI - ISTJ)**

Como ISTJ, necesito datos concretos. Esta garantía de implementación es un buen comienzo, pero necesito más información.

*   **Necesito ver el Manual de Operaciones Blindado:** ¿Qué tan completo es? ¿Se ajusta a mi tipo de restaurante? ¿Es fácil de entender para mi personal?
*   **Quiero detalles sobre la Consultoría:** ¿Qué temas se cubrirán? ¿Cómo se adaptará al restaurante? ¿Qué tipo de entrenamiento recibirá el personal?
*   **Detalles de la Garantía:** ¿Qué tipo de auditorías hará? ¿Cómo resolverá las crisis? ¿Qué pasa si no se cumplen los objetivos al día 31?

Desde mi pensamiento político de centro-derecha, valoro la inversión y el retorno. Esta propuesta debe demostrar que realmente generará un ahorro en el largo plazo que justifique la inversión inicial.

**Veredicto**

El concepto me interesa, pero todavía no estoy convencido. La garantía de implementación de 30 días definitivamente reduce mi percepción de riesgo, pero necesito más información para tomar una decisión.

Creo que pediría una reunión con Megan para que me muestre ejemplos del manual, me explique cómo funciona la consultoría y me detalle la garantía. Si después de esa reunión veo que realmente puede ayudarme a optimizar mis operaciones y liberarme de las tareas diarias, estaría dispuesto a considerar la inversión.

Ahorita, la veo como una opción interesante, pero necesito más información.
","Para un dueño de restaurante argentino de 37 años, con las características que me describiste (ISTJ, evangélico, votante de Kicillof, educación privada, centro-derecha, preocupación por la inflación y la inseguridad económica, gamer), un proyecto o iniciativa podría fallar por varias razones, considerando la complejidad del contexto argentino:

**Factores Internos (Relacionados al Dueño):**

*   **Rigidez dada su personalidad ISTJ:** Los ISTJ tienden a ser metódicos y apegados a la tradición. Si el mercado o el negocio requieren de flexibilidad y adaptación rápida (como suele suceder en Argentina), su resistencia al cambio podría ser un obstáculo. Podría resistirse a implementar nuevas tecnologías, estrategias de marketing disruptivas o adaptar el menú a tendencias emergentes.
*   **Conflicto entre Religión, Política y Negocios:** Su fe evangélica, su voto a Kicillof (que contrasta con su ideología de centro-derecha) pueden generar contradicciones internas que afecten la toma de decisiones. Esto podría llevarlo a políticas laborales o decisiones comerciales que no son óptimas para el negocio, ya sea por consideraciones morales o por intentar complacer a diferentes grupos. Por ejemplo, podría resistirse a vender ciertos productos (alcohol, tabaco) o a ofrecer promociones enfocadas en la diversidad sexual por sus creencias, limitando su mercado potencial.
*   **Aversión al Riesgo:** La preocupación por la inflación y la inseguridad económica, combinada con su perfil ISTJ (que valora la seguridad y la predictibilidad), podría llevarlo a ser extremadamente conservador en sus inversiones y decisiones.  Esto puede impedir el crecimiento y la innovación del restaurante. Podría dudar en expandir, invertir en marketing digital o probar nuevos platos, perdiendo oportunidades frente a competidores más audaces.
*   **Falta de Adaptación Digital:**  Aunque no especificaste su nivel exacto de digitalización, en Argentina muchos dueños de restaurantes tradicionales tienen dificultades para adoptar nuevas tecnologías. Si depende excesivamente de métodos tradicionales y no abraza el delivery, el marketing online (incluidas redes sociales y publicidad paga), los sistemas de gestión digital, los códigos QR y las reservas online, perderá competitividad.
*   **Desconexión con los Gustos del Cliente:**  Si su visión del restaurante se basa en sus propios gustos y preferencias (influenciadas por su personalidad y su círculo social) y no realiza una investigación exhaustiva del mercado para comprender las necesidades cambiantes de los clientes, podría ofrecer un producto o servicio que no sea atractivo para su público objetivo.
*   **Tiempo Dedicado al Ocio (Gaming):**  Si bien el ocio es importante, dedicar demasiado tiempo al gaming podría distraerlo de las responsabilidades cruciales de la gestión del restaurante.  Esto podría llevar a una mala toma de decisiones, falta de supervisión y desatención a los problemas del negocio.

**Factores Externos (Relacionados al Entorno Argentino):**

*   **Inflación Descontrolada:** Este es el principal obstáculo para cualquier negocio en Argentina. La imposibilidad de predecir los costos, la necesidad de ajustar precios constantemente y la dificultad para acceder a financiamiento son desafíos enormes. Podría verse obligado a aumentar los precios con frecuencia, perdiendo clientes, o a reducir la calidad de los ingredientes, dañando la reputación del restaurante.
*   **Inseguridad Económica y Volatilidad:** La inestabilidad económica general (devaluaciones, cambios en las regulaciones, restricciones a las importaciones) puede dificultar la planificación a largo plazo y generar incertidumbre.  Podría verse afectado por la falta de insumos, aumentos inesperados de costos y cambios en el consumo.
*   **Presión Impositiva:** La alta carga impositiva en Argentina reduce la rentabilidad del negocio y dificulta la inversión.  Podría tener dificultades para cumplir con todas las obligaciones fiscales y para generar suficientes ganancias para reinvertir en el restaurante.
*   **Competencia Intensa:** El sector gastronómico en Argentina es muy competitivo, especialmente en CABA y GBA.  Para destacar, necesita ofrecer algo único y diferenciarse de la multitud.
*   **Regulaciones Laborales:** Las leyes laborales argentinas pueden ser complejas y costosas.  Podría tener problemas para gestionar personal, cumplir con las regulaciones y evitar juicios laborales.
*   **Inseguridad Ciudadana:** La inseguridad en las calles puede afectar el flujo de clientes, especialmente por la noche.  Podría verse obligado a invertir en seguridad o a cerrar más temprano, reduciendo sus ingresos.
*   **Burocracia:** Los trámites burocráticos para obtener permisos, licencias y habilitaciones pueden ser lentos y engorrosos. Esto podría retrasar la apertura o expansión del restaurante.

**Combinación de Factores Internos y Externos:**

*   **Falta de Resiliencia:** La combinación de un perfil personal que valora la seguridad con un entorno económico volátil puede generar estrés y ansiedad, dificultando la toma de decisiones racionales y la capacidad de superar obstáculos. La falta de resiliencia puede llevar al fracaso ante la primera dificultad.
*   **Dificultad para Delegar:** Un ISTJ puede tener dificultades para delegar tareas, ya que prefieren controlar todo el proceso y asegurarse de que se haga correctamente. En un restaurante, esto puede llevar al agotamiento y a la falta de tiempo para enfocarse en la estrategia y el crecimiento del negocio.

En resumen, para que el restaurante tenga éxito, este dueño deberá ser consciente de sus fortalezas y debilidades, adaptarse a la realidad argentina, abrazar la innovación y rodearse de un equipo competente que complemente sus habilidades.  La clave es la flexibilidad, la resiliencia y la capacidad de aprender y adaptarse constantemente.
"
Agent_042,ESFP,SÍ,"¡OK, vamos a ver si Megan realmente me convence esta vez!

**R1: Reacción Instintiva (ESFP en acción):**

¡Uff, la garantía de 30 días suena MUY tentadora! Lo que más me estresa de delegar es que las cosas se hagan mal y tener que apagar incendios constantemente. La idea de que Megan esté ahí, controlando y solucionando problemas por WhatsApp, me da mucha paz mental al instante. $200.000 es un montón, pero si de verdad me puedo despegar del día a día y confiar en el equipo, podría valer la pena. Me imagino volviendo a tener tiempo para jugar a la Play sin sentir culpa... ¡Qué placer!

**R2: Análisis Racional (Pensando como una dueña de restaurante):**

OK, ESFP, ¡calma! Hay que ser realista. $200.000 es una inversión importante y tengo que analizar si realmente se ajusta a mi situación actual.

*   **Lo bueno:** Me encanta el manual con checklists y protocolos. Siempre quise tener algo así para estandarizar el servicio, pero nunca tuve tiempo de armarlo. La consultoría en el local también es un gran plus, porque necesito que el equipo entienda y aplique los cambios.
*   **Lo malo:** ¿Realmente necesito que alguien me controle por WhatsApp durante 30 días? ¿No sería mejor invertir en capacitar bien al personal desde el principio para que sean autónomos? Depender de Megan a largo plazo no es sostenible. Además, tengo que confiar en que Megan entiende mi negocio y mi clientela. No todos los restaurantes son iguales.
*   **El riesgo:** Que al final del mes, el equipo dependa de Megan para solucionar problemas y vuelva a ser un caos cuando ella se vaya. O que los protocolos no se adapten a la realidad del restaurante y termine perdiendo tiempo y plata tratando de implementarlos.

**Veredicto Final:**

Estoy en un punto intermedio. La propuesta de Megan es atractiva, especialmente la garantía de implementación. Me da mucha tranquilidad saber que tendré apoyo durante el primer mes. PERO... no estoy segura de que sea la solución ideal a largo plazo.

Lo que haría sería proponerle a Megan un cambio en el enfoque. En lugar de monitoreo constante por WhatsApp, preferiría un plan de capacitación más intensivo para el personal, con seguimiento a las 6 semanas y a los 3 meses para asegurarme de que los cambios se mantienen.

Si Megan está dispuesta a adaptar la propuesta a mis necesidades, podría considerar la inversión. Pero si insiste en el monitoreo constante, creo que preferiría buscar otras opciones de consultoría o capacitación. Necesito una solución que me dé autonomía a largo plazo, no dependencia.
","Para un dueño/a de restaurante, bar o cafetería en Argentina, considerando tu perfil específico (30 años, mujer, nivel socioeconómico medio, ESFP, Centro-Progresista, miedo a no llegar a fin de mes, gaming en el tiempo libre), una estrategia o producto podría fallar por las siguientes razones, divididas en categorías:

**1. Fallas relacionadas al contexto económico argentino:**

*   **Ignorar la inflación y la volatilidad del peso:** Cualquier plan que no contemple ajustes de precios constantes y la devaluación del peso está destinado al fracaso. Los costos de insumos, alquileres y sueldos cambian rápidamente, y no adaptarse a esa realidad es fatal. Tu miedo principal (no llegar a fin de mes y perder poder adquisitivo) sería exacerbado.
*   **Precios fijos a largo plazo:** Ofrecer promociones o menús con precios fijos por períodos prolongados, sin poder ajustar las ganancias según la inflación, te dejarían con pérdidas significativas. Estás atento a los costos variables y fijos, por lo tanto la falta de flexibilidad en precios te generaría un impacto negativo directo.
*   **Dependencia excesiva de crédito:** Contraer deudas elevadas en pesos con altas tasas de interés, o incluso en dólares sin tener ingresos en esa moneda, es un riesgo altísimo dado el contexto económico.
*   **No considerar la disminución del poder adquisitivo de los clientes:** Asumir que los clientes seguirán gastando al mismo ritmo que antes, sin importar la subida de precios, es un error. Es importante ajustar las ofertas y promociones a las nuevas realidades económicas del consumidor.

**2. Fallas relacionadas al perfil del Dueño/a (Tú):**

*   **Falta de planificación estratégica a largo plazo:** Tu personalidad ESFP probablemente te hace excelente para conectar con clientes y crear experiencias en el momento. Sin embargo, si no tenés un plan de negocios sólido y te dejás llevar solo por la intuición, podrías no anticipar problemas y tomar decisiones impulsivas que comprometan la estabilidad del negocio.
*   **Delegar demasiado y no tener control sobre las finanzas:** Si, confiado en tu equipo, dejás que otros manejen las finanzas sin supervisión, podrías ser víctima de errores, desfalcos o malas decisiones que afecten la rentabilidad.
*   **Ignorar las tendencias del mercado por priorizar el ""gusto personal"":** Si te aferrás a un concepto o menú que te gusta mucho, pero que no conecta con el público actual, podrías perder clientes.  La flexibilidad y la adaptación serían fundamentales.
*   **Falta de habilidades para gestionar la complejidad fiscal y laboral argentina:** Las regulaciones impositivas y laborales en Argentina son intrincadas. Si no tenés un buen contador y abogado laboral, podés incurrir en multas costosas o enfrentar juicios laborales.
*   **No profesionalizar la gestión a medida que el negocio crece:** Lo que funcionó bien al principio (administrar todo vos mismo) podría ser insostenible cuando el negocio se expande. Necesitarías delegar tareas, contratar personal capacitado y establecer procesos claros.

**3. Fallas relacionadas al marketing y la experiencia del cliente:**

*   **Ignorar las redes sociales y el marketing digital:** Si no tienes presencia online o no la utilizas de manera efectiva para atraer clientes y fidelizarlos, estás perdiendo una gran oportunidad.
*   **No ofrecer una buena experiencia al cliente:** La calidad de la comida, el servicio y el ambiente son cruciales. Si descuidás alguno de estos aspectos, los clientes no volverán.
*   **No adaptarse a la demanda de delivery y take away:** En un mundo cada vez más digital, no ofrecer opciones de entrega a domicilio o para llevar es un error.
*   **No aprovechar la información que brindan las herramientas de análisis de datos:** Ignorar las métricas de ventas, el comportamiento de los clientes online y las reseñas online te impide identificar problemas y oportunidades de mejora.
*   **No tener una propuesta de valor clara:** ¿Qué te diferencia de la competencia? Si no sabes responder a esta pregunta de manera convincente, los clientes no tendrán motivos para elegirte.

**4. Fallas relacionadas a la operación del negocio:**

*   **Mala gestión de inventario:** El desperdicio de alimentos es una pérdida de dinero. Es fundamental tener un control estricto del stock y planificar las compras de manera eficiente.
*   **No capacitar adecuadamente al personal:** Un personal mal capacitado puede brindar un mal servicio, cometer errores en la elaboración de los platos o incluso ser descuidado con la higiene.
*   **No mantener la higiene y la seguridad alimentaria:** Un local sucio o con problemas de higiene puede causar enfermedades a los clientes y acarrear sanciones legales.
*   **No invertir en mantenimiento:** Descuidar el mantenimiento de los equipos e instalaciones puede derivar en averías costosas y prolongadas interrupciones del servicio.
*   **No establecer protocolos de seguridad claros:** Ante robos, incendios u otras emergencias, es fundamental tener protocolos claros y que todo el personal sepa cómo actuar.

En resumen, el éxito de tu restaurante en Argentina depende de *adaptabilidad, planificación, gestión financiera rigurosa, foco en el cliente, y capacitación constante*. Fallar en cualquiera de estos aspectos, y especialmente ignorar el contexto económico del país, te pondría en una situación vulnerable que podría llevar al cierre del negocio.
"
Agent_063,ENFJ,NO,"¡Uy, esto sí que me llama la atención! La verdad, la idea original de Megan me había gustado, pero me dejaba un poco en el aire el tema de la implementación. Con mi personalidad ENFJ, me encanta la innovación y ayudar a mi equipo a crecer, pero necesito ver resultados concretos. Además, con la inflación que hay, no me puedo dar el lujo de tirar plata.

**R1: Reacción Instintiva (ENFJ - Emocional y Centrado en Personas):**

*   **Emoción Inicial:** ""¡Wow, esto suena mucho mejor! La garantía de 30 días me da mucha más confianza. El miedo a que el personal no implemente bien los cambios es gigante, y esto lo mitiga.""
*   **Primeras Impresiones:** ""Me gusta mucho que Megan se involucre tanto. La consultoría intensiva y el seguimiento por WhatsApp suenan a que realmente quiere que funcione. Y la ""Matriz de Manejo de Crisis"" me viene como anillo al dedo para evitar que me llamen por cada cosita.""
*   **Preocupaciones Inmediatas:** ""¿Será que 3 días de entrenamiento son suficientes? ¿Se adaptará a la idiosincrasia de mi local? ¿Y si después de los 30 días el personal se relaja y volvemos a lo de antes?""

**R2: Análisis Racional (Considerando mi ADN de Dolor y Pensamiento Político):**

*   **¿Reduce el Riesgo Económico?** ""La garantía de implementación definitivamente reduce el riesgo. Saber que Megan estará monitoreando el proceso y solucionando problemas en tiempo real me da mucha más seguridad de que la inversión vale la pena. Con la inflación, cada peso cuenta, y no quiero gastar en algo que no funcione.""
*   **¿Me Permite Recuperar Libertad Personal?** ""Este es el punto clave. Si el sistema de servicio realmente se blinda y el restaurante funciona solo, podré delegar tareas y recuperar tiempo para mí. Podría volver a jugar al fútbol 5 con mis amigos sin tener que estar pendiente del teléfono a cada rato. ¡Eso no tiene precio!""
*   **Consideraciones Prácticas:** ""Tengo que investigar más sobre Megan y sus casos de éxito. Necesito referencias de otros restaurantes que hayan trabajado con ella. También es importante ver si los $200.000 ARS se ajustan a mi presupuesto actual. Tal vez podría negociar un plan de pagos.""

**Veredicto Final:**

La garantía de implementación de 30 días cambia SIGNIFICATIVAMENTE mi percepción del riesgo. Si bien los $200.000 ARS siguen siendo una inversión importante, ahora siento que está mucho más ""asegurada"" al tener el acompañamiento de la experta.

**Decisión:**

Estoy MUY interesado y quiero seguir avanzando. Le voy a pedir a Megan que me muestre testimonios de clientes y que me explique en detalle cómo funciona el seguimiento por WhatsApp. Además, voy a investigar un poco más sobre su experiencia y casos de éxito. Si todo cierra, estoy dispuesto a invertir. ¡La posibilidad de delegar y recuperar mi libertad personal es demasiado tentadora!
","Para un dueño de restaurante, bar o cafetería en Argentina, de entre 30 y 70 años, con diferentes niveles de digitalización, distribuido geográficamente en CABA, GBA y principales ciudades del interior, un enfoque fallaría por las siguientes razones, siendo crítico:

*   **Homogeneización del Público:** Asumir que todos los dueños de restaurantes comparten las mismas preocupaciones, motivaciones o niveles de digitalización es un error grave. Un dueño de una parrilla familiar con 50 años de trayectoria tendrá necesidades y expectativas muy diferentes a las de un emprendedor que abre una cafetería de especialidad en Palermo.
*   **Ignorar la Inflación y la Economía:** No abordar directamente el miedo a la inflación y la inseguridad económica es una omisión imperdonable. Estos son los dolores de cabeza diarios de cualquier negocio gastronómico en Argentina. Si la solución que proponés no tiene en cuenta este aspecto, no tendrá resonancia.
*   **Falta de Adaptación Digital:** Algunos dueños pueden estar completamente fuera del mundo digital, mientras que otros dominan las redes sociales y el delivery online. Una estrategia única de marketing digital o gestión de pedidos no funcionará.
*   **Desconexión con la Realidad Local:** Argentina es un país diverso en términos de cultura gastronómica. Lo que funciona en Buenos Aires puede no funcionar en Mendoza o Salta. Hay que considerar las particularidades de cada región.
*   **Desconocimiento de la Competencia:** El mercado gastronómico está saturado y es altamente competitivo. No analizar a la competencia y no ofrecer una propuesta de valor diferenciadora es un error fatal.
*   **Ignorar la Cuestión Laboral:** Las leyes laborales argentinas son complejas y costosas. No tener en cuenta esta problemática y no ofrecer soluciones para optimizar la gestión del personal es otro punto débil.
*   **Falta de Flexibilidad:** La situación económica y social de Argentina es muy volátil. Una solución rígida y poco adaptable a los cambios no tendrá éxito.
*   **Desconsiderar la Experiencia del Cliente:** En un rubro como la gastronomía, la experiencia del cliente es clave. No enfocarse en mejorar la calidad de la comida, el servicio y el ambiente puede ser un error imperdonable.
*   **No entender el ADN:** No abordar esto es un error. La historia personal, sus miedos, su nivel socieconomico, sus preferencias y el por que de sus pensamientos tienen un peso en esta persona.

En resumen, para que una solución funcione, debe ser altamente personalizada, adaptable a las diferentes realidades del mercado gastronómico argentino, tener en cuenta la situación económica y social del país, y ofrecer un valor diferencial frente a la competencia. Ignorar estos aspectos es garantía de fracaso.
"
Agent_055,ENTP,NO,"¡Uy, Megan, mirá, esta vuelta suena mucho más interesante! A ver, vamos a desglosarlo como me gusta a mí:

**R1: Reacción Instintiva (ENTP en Acción)**

Mi primer pensamiento es: ¡Ok, ahora sí estamos hablando! La primera versión no me convencía porque era demasiado teórica. Yo necesito verlo implementado, sentir que alguien me está agarrando la mano y diciendo ""dale, esto funciona así"".  La garantía de implementación y el acompañamiento diario por WhatsApp son un gran incentivo.  Me gusta la idea de que ella se quede un mes, metida hasta el cuello en el día a día. Eso me da más confianza. Los ENTP somos escépticos, necesitamos evidencia, y esta garantía apunta justo a eso. Además, me encanta la idea de tener una ""Matriz de Manejo de Crisis"". ¡Adiós llamados de mi encargado a las 10 de la noche por la papa quemada!

**R2: Análisis Racional (Poniendo la Cabeza Fría)**

Ok, bajemos un poco la emoción. $200.000 no es poca plata.  ¿Realmente necesito esto? Mi restaurante, aunque en constante movimiento, es rentable tal como está. Pero, ahí está la clave, *yo* estoy constantemente resolviendo problemas. Ese es mi ADN de Dolor:  miedo a la inflación que me obliga a estar recalculando precios todo el tiempo, sumado a la inseguridad económica general, me hace sentir que no puedo delegar ni un segundo.  Este sistema promete justamente eso: libertad. Tiempo para ir al gimnasio, escaparme un fin de semana, y sobre todo, ¡no pensar en el restaurante 24/7!

Pensemos en el ROI (Retorno de la Inversión). Si con este sistema logro delegar más efectivamente, puedo enfocarme en el crecimiento del negocio, en estrategias de marketing, en innovar el menú... cosas que ahora no tengo tiempo de hacer porque estoy apagando incendios todo el tiempo.  Además, si el restaurante funciona más eficientemente, seguramente voy a reducir costos y aumentar la rentabilidad a largo plazo. 

La consultoría intensiva de 3 días es valiosa, pero la auditoría diaria por WhatsApp es donde realmente veo el valor diferencial. Es como tener un seguro contra el desastre.

**Veredicto (La Decisión Final):**

Sí, estoy mucho más interesada. La garantía de implementación sí cambia mi percepción del riesgo.  No lo veo como un gasto, sino como una inversión en mi tiempo y mi tranquilidad mental. Si logro automatizar los procesos y tener un equipo que funcione sin mí, no solo voy a recuperar mi libertad personal (el famoso gimnasio!), sino que también voy a poder hacer crecer mi negocio de forma sostenible.

El precio sigue siendo elevado, pero la promesa de un sistema que funcione solo al día 31, con Megan monitoreando todo, me da la seguridad de que la inversión está justificada. 

Ahora, la pregunta es: ¿cómo me aseguro de que Megan realmente cumpla con la promesa?  Debería pedir referencias, hablar con otros dueños de restaurantes que hayan trabajado con ella. Necesito más pruebas concretas antes de desembolsar esa suma. Pero el cambio en la propuesta es notable, y la garantía de acompañamiento es un gran paso en la dirección correcta.  ¡Megan, estás llamando mi atención!
","Para responder a tu pregunta, necesito entender a qué te refieres con ""esto"".  Por favor, proporciona más contexto sobre la propuesta, idea, plan o situación a la que te refieres.

Una vez que me des esa información, podré analizarla desde la perspectiva de una dueña de restaurante argentina de 39 años, con las características que mencionaste (ENTP, nivel socioeconómico alto, casada, católica, votante de Kicillof, educación universitaria privada, pensamiento conservador/liberal, miedo a la inflación y la inseguridad económica).

En mi rol, aplicaré mi pensamiento crítico, considerando los siguientes puntos para identificar posibles fallas:

*   **Contexto Económico Argentino:** Evaluaré cómo la inflación, la fluctuación del dólar y la inseguridad económica podrían afectar la rentabilidad y la viabilidad de la propuesta.
*   **Mercado Gastronómico:** Analizaré si la propuesta se adapta a las tendencias actuales del mercado gastronómico argentino, las preferencias de los consumidores y la competencia existente.
*   **Viabilidad Operacional:** Consideraré los desafíos logísticos, de recursos humanos, de financiamiento y regulatorios que podrían surgir en Argentina.
*   **Perspectiva Conservadora/Liberal:** Evaluaré si la propuesta se alinea con mis valores y principios conservadores/liberales en cuanto a la gestión empresarial, la responsabilidad social y la libertad económica.
*   **Miedo a la Inflación y la Inseguridad:** Analizaré cómo la propuesta podría mitigar o exacerbar mis temores sobre la inflación abrupta y la inseguridad económica.
*   **Eficiencia:** Analizaré si existen gastos innecesarios o si se podrían mejorar los márgenes de ganancia.

Con esta información y mi perfil, podré darte una respuesta clara y fundamentada sobre por qué ""esto"" podría fallar.
"
Agent_010,ESTP,NO,"Okay, veamos esta propuesta de Megan. Vamos a darle las tres rondas de pensamiento, basándome en mi perfil y mi principal dolor de cabeza.

**Ronda 1: Reacción Instintiva (ESTP puro y duro)**

¡Uf! A primera vista, la cosa pinta mejor. El manual y la consultoría ya los veía venir, pero la garantía de 30 días con seguimiento por WhatsApp... ¡eso sí que llama la atención! La idea de que Megan se quede encima para que el restaurante funcione solo al mes es tentadora. ¡Libertad, dulce libertad! Necesito poder jugar al fútbol 5 sin que me explote el teléfono. Los 200.000 pesos siguen siendo una suma importante, pero la ""Matriz de Manejo de Crisis"" y la idea de que no me estén llamando por cada queja suenan a música celestial. Mi instinto me dice que esto podría valer la pena.

**Ronda 2: Análisis Racional (Poniendo la cabeza fría)**

A ver, frenemos un poco el caballo. Soy ESTP, me va la acción, pero tengo que pensar con la cabeza.

*   **Pros:** La garantía de 30 días sin duda mitiga el riesgo. Tener a alguien auditando diariamente y resolviendo problemas en tiempo real es un alivio. El manual y la consultoría son un buen complemento.
*   **Contras:** 200.000 pesos es plata, y hay que ver si Megan realmente logra ese ""funcionamiento en piloto automático"" al mes. ¿Qué pasa después? ¿Los empleados realmente aprenden, o dependen de ella? ¿La matriz de manejo de crisis realmente cubre todos los escenarios posibles? ¿Y si los empleados no implementan los protocolos? La verdad es que 3 días de consultoría parecen poco.

Tengo que considerar si realmente estoy dispuesta a delegar el control *por completo*.  Soy un bicho de llevar las riendas y me da miedo perder el control de calidad, pero también se que necesito tiempo para mi. ¿Estoy lista para confiar en el equipo y en el sistema propuesto?

**Veredicto: Con cautela, pero me inclino por el sí.**

La garantía de implementación de 30 días es EL factor decisivo. Reduce considerablemente mi percepción del riesgo. Saber que Megan estará encima, asegurándose de que todo funcione, me da la confianza de que la inversión tiene más chances de dar frutos.

Ahora bien, **¿qué haría antes de decidirme?**

*   **Investigar a fondo a Megan:** Pedir referencias, hablar con otros dueños de restaurantes que hayan trabajado con ella. No quiero comprar gato por liebre.
*   **Negociar:** Intentaría estirar un poco más el acompañamiento, o negociar un esquema de pago flexible. Tal vez un pago inicial más chico y un porcentaje según los resultados obtenidos.
*   **Dejar claros los objetivos:** Quiero tener por escrito qué significa ""el restaurante funcionando solo"" para Megan. ¿Cuáles son los KPIs que va a monitorear? ¿Qué pasa después de los 30 días?

Si la investigación me da buenas señales, y puedo negociar algunos términos, le daría una oportunidad. El potencial de recuperar mi libertad personal y delegar responsabilidades es demasiado tentador. La inflación y la inseguridad económica me preocupan, pero si puedo optimizar mi negocio y librarme de la microgestión constante, tal vez hasta pueda enfocarme en estrategias para enfrentar esos desafíos.  ¡Y volver a jugar al fútbol 5 sin interrupciones!
","Para responderte de manera crítica y útil, necesito saber a qué te refieres con ""esto"".  ¿A qué te estás refiriendo que podría fallar? Necesito el tema o la propuesta específica para poder aplicar mi análisis crítico considerando el contexto que me has dado.

Por ejemplo, podría fallar:

*   **Una iniciativa de marketing digital:** Si no está bien segmentada o utiliza un lenguaje que no conecta con la diversidad de dueños de restaurantes argentinos que mencionaste.
*   **Una inversión en un nuevo tipo de menú:** Si no tiene en cuenta la inflación y el poder adquisitivo de los clientes.
*   **La implementación de un nuevo sistema de gestión:** Si no se adapta a las necesidades y al nivel de digitalización de todos los restaurantes.
*   **Una estrategia para combatir la inflación:** Si no es lo suficientemente agresiva y considera los aumentos de precios constantes.

Necesito más detalles para ayudarte a identificar los posibles puntos débiles y las razones por las que algo podría fallar.
"
Agent_088,ISFP,NO,"¡Uf, interesante la propuesta de Megan! A ver, vamos por partes, como buen ISFP que soy, necesito sentir las cosas para saber si me cierran.

**Ronda 1: Reacción Visceral (ISFP Modo On)**

Mi primera reacción es de alivio. La idea de tener a alguien que me ayude a poner orden en el restaurante me tienta mucho. ¡Odio tener que estar apagando incendios todo el tiempo! Me gusta la onda del manual con checklists y la matriz de crisis, siento que le da estructura a algo que ahora es puro caos. La consultoría de 3 días también me parece bien, porque ver a la gente aprender en el momento es mucho más efectivo que leer un manual solo.

PERO... (siempre hay un pero, ¿no?) $200.000 es un número importante. Y aunque me guste la idea, no me convence del todo, me da un poco de cosa perder esa guita.

**Ronda 2: Análisis Práctico (ISFP Usando la Lógica… Un Poco)**

Ok, tengo que ponerme serio. Acá entra en juego mi lado conservador y mi miedo a la inflación. $200.000 hoy, ¿cuánto es en un mes con la que está cayendo?

*   **Lo bueno:** La garantía de implementación es lo que realmente me llamó la atención. Tener a Megan monitoreando por WhatsApp y resolviendo crisis en tiempo real me da mucha más seguridad. Siento que el riesgo de perder la inversión disminuye considerablemente. Si realmente logra que el restaurante funcione solo en 30 días, podría empezar a delegar de verdad y recuperar tiempo para mí: ir al gimnasio más seguido y dejar de comerme todos los problemas.
*   **Lo malo:** ¿Es factible que funcione TODO en 30 días? ¿Qué pasa si mi equipo no se engancha? ¿Y si la ""crisis"" es más grande de lo que Megan puede manejar? ¿Y si los $200.000 no resultan ser una inversión, sino un gasto caro?. Igualmente, a veces las cosas pasan por algo, y esto podría ser lo que necesito para cambiar y recuperar mi libertad.

**Veredicto Final: (La Decisión del ISFP)**

Después de pensarlo bien, creo que voy a darle una oportunidad. La garantía de implementación es la clave. Me da la tranquilidad de que no estoy invirtiendo a ciegas. Si Megan realmente cumple lo que promete, los $200.000 son una inversión en mi tranquilidad y en mi libertad. Si no funciona, al menos lo intenté y aprendí algo en el camino.

Como ISFP, necesito sentir que estoy haciendo algo para mejorar mi vida, y esta propuesta, con la garantía de por medio, me da esa sensación de esperanza. Además, como conservador/liberal, creo en invertir en soluciones que me permitan optimizar mi negocio y ser más eficiente.

Así que sí, ¡le doy el visto bueno a la propuesta de Megan! Espero no arrepentirme… ¡Pero hay que arriesgarse para ganar, che!
","Para que un producto o estrategia dirigida a dueños de restaurantes, bares y cafeterías en Argentina falle, podrían concurrir varios factores, considerando el contexto específico que definiste:

**Problemas Generales (Aplicables a la mayoría):**

*   **Falta de Investigación de Mercado Profunda:** Asumir las necesidades de este grupo sin una investigación exhaustiva y segmentada. No todos los dueños de restaurantes enfrentan los mismos desafíos, ni tienen las mismas prioridades.
*   **Mensaje Genérico:** Un mensaje que no resuena con el público objetivo porque no aborda sus dolores específicos ni transmite una propuesta de valor clara y convincente.
*   **Canales de Comunicación Inadecuados:** No llegar a los dueños de restaurantes a través de los canales que realmente utilizan.
*   **Ignorar la Cultura Argentina:** No entender las particularidades de la gastronomía argentina, la importancia de las relaciones personales y la idiosincrasia del servicio.
*   **Soporte Insuficiente:** Un producto o servicio que carece de soporte técnico o atención al cliente en español y adaptado a la realidad argentina.
*   **Precio Inaccesible:** Fijar un precio que no se ajuste al presupuesto de la mayoría de los restaurantes, especialmente en un contexto económico inestable.
*   **Falta de Adaptabilidad:** Ser inflexible y negarse a adaptar el producto o servicio a las necesidades específicas de los clientes.

**Problemas Específicos (Considerando el Contexto Definido):**

*   **Ignorar la Diversidad Digital:** Asumir que todos los dueños de restaurantes tienen el mismo nivel de comodidad con la tecnología. Un producto puramente digital puede excluir a los dueños de locales más tradicionales con menor digitalización.
*   **No Considerar la Inflación:** Un modelo de precios que no tiene en cuenta la inflación galopante en Argentina, llevando a costos inesperados para los dueños de restaurantes.
*   **Desconectar de las Preocupaciones Políticas y Económicas:** Ignorar el impacto de las políticas gubernamentales, la inflación y la inseguridad en la toma de decisiones de los dueños de restaurantes.
*   **No Atender a las Necesidades Específicas de Cada Segmento:** Olvidar que los dueños de parrillas familiares tienen necesidades muy diferentes a las de los emprendedores de franquicias o los dueños de cafés de especialidad.

**Específicamente, considerando el perfil del usuario que pregunta (joven, LGBTQ+, liberal, con miedo a la inflación):**

*   **Contenido Insensible o Desantendido:** Un enfoque de marketing o contenido que no sea inclusivo o que se considere abiertamente ofensivo para la comunidad LGBTQ+ podría dañar la credibilidad.
*   **Argumentos Económicos Simplistas:** Asumir que todos los dueños de restaurantes, independientemente de su escala, comparten las mismas perspectivas sobre la economía liberal o las políticas de Milei sin entender sus matices y posibles impactos negativos en sus negocios.
*   **Ignorar la Diversidad de Opiniones:** Presuponer que todos los dueños de restaurantes comparten una ideología política similar (conservadora/liberal).
*   **Desconexión con la Realidad Operativa:** Presentar soluciones que suenen bien en teoría pero que sean impracticables en el día a día de un restaurante argentino, demostrando falta de conocimiento del funcionamiento interno.

**En resumen, el fracaso vendría de:**

*   **Falta de empatía y comprensión profunda del público objetivo.**
*   **Un producto o servicio mal adaptado a la realidad económica y cultural argentina.**
*   **Una estrategia de comunicación inefectiva.**

Un producto o estrategia exitosa debe ser adaptable, sensible, culturalmente relevante, y construida sobre una base sólida de investigación y comprensión de las necesidades reales de los dueños de restaurantes en Argentina.
"
Agent_027,ISFP,NO,"¡Uff, a ver, Megan... suena interesante ahora!

**R1: Reacción Instintiva (ISFP)**

Mi primera reacción es... ¡más esperanzadora! Antes me parecía mucha plata para un manual, pero esto de que vengan al local y estén un mes encima, ¡eso ya es otra cosa! Me da más tranquilidad. Ver que alguien se ensucia las manos y se preocupa de verdad porque funcione, me alivia el miedo a tirar la plata. Mi lado ISFP, que valora lo práctico y lo concreto, responde bien a esta evolución. Necesito ver, tocar, sentir que la cosa funciona.

**R2: Análisis Racional (Considerando mi Dolor y Necesidades)**

Acá es donde entra el Peronista/Popular que hay en mí. $200.000 sigue siendo mucha guita, más con la que está cayendo. Pero... ¡piensen en la libertad! ¡En no tener que estar pegado al mostrador todo el día! Si de verdad puedo delegar y ver que el negocio sigue funcionando, eso vale oro. Mi mayor angustia ahora es no llegar a fin de mes y perder poder adquisitivo, y la verdad, si este sistema me permite concentrarme en mejorar la rentabilidad del negocio en lugar de apagar incendios todo el tiempo, podría valer la pena. Además, la garantía de 30 días me da un colchón, un respiro. Ahora, tendré que investigar bien qué tan ""blindado"" es ese manual y qué tan intensivos son esos 3 días. ¡No quiero que me vendan buzones!

**Veredicto Final (ISFP + Análisis de Riesgo)**

Estoy mucho más cerca de decir que sí. La garantía de acompañamiento de 30 días cambia por completo la ecuación. Antes veía un gasto, ahora empiezo a ver una inversión... ¡en mi salud mental y en mi tiempo libre! Mi lado ISFP se siente más seguro sabiendo que hay alguien que me guía en el proceso, que no estoy solo frente a esta ""modernización"". ¡La idea de recuperar algo de control y dejar de vivir con el agua al cuello me tienta muchísimo!

Ahora, antes de dar el ""sí quiero"", necesito hablar con Megan. Necesito preguntarle cosas concretas: ¿qué tipo de restaurantes trabajaron antes? ¿Cómo manejan las diferencias entre el personal más joven y el más viejo? ¿Qué pasa si a los 30 días el sistema falla? Necesito sentir que entiende mi negocio, mi gente, mis problemas. Si me convence, creo que me animaría. ¡A ver si de una vez por todas puedo ir a jugar un rato a la Play sin sentirme culpable!
","Si entiendo bien, me estás pidiendo que critique la idea de un producto o servicio (R1) que todavía no me has presentado, basándome únicamente en el perfil de un dueño de restaurante argentino de 67 años. Es un ejercicio interesante, pero extremadamente difícil y con alta probabilidad de ser impreciso. 

Asumiendo que R1 es algo que se le está ofreciendo a este dueño de restaurante, aquí hay algunas razones genéricas por las que algo *podría* fallar, dado su perfil:

**Barreras relacionadas con la Edad y Digitalización:**

*   **Curva de Aprendizaje Empinada:** Si R1 implica tecnología compleja o una nueva forma de hacer las cosas, su edad podría ser una barrera. Aunque no tenemos información directa sobre su digitalización, es probable que se sienta más cómodo con métodos tradicionales. Le podría resultar difícil adoptar un sistema nuevo, especialmente si no cuenta con un buen soporte técnico o capacitación personalizada.
*   **Aversión al Riesgo:** A los 67 años, y con la incertidumbre económica del país, es probable que sea más reacio a probar algo nuevo que implique una inversión significativa o un cambio radical en su negocio. Preferirá soluciones probadas y con resultados demostrables.

**Barreras Socioeconómicas y Políticas:**

*   **Prioridades Económicas:** Con un ""ADN de Dolor"" centrado en llegar a fin de mes y el poder adquisitivo, cualquier oferta que perciba como un gasto innecesario o que no le genere un retorno de inversión claro y rápido será rechazada. Necesitaría estar *absolutamente* convencido de que R1 resolverá un problema real y tangible en su negocio.
*   **Desconfianza en el Sistema:** Su afiliación política (Peronista/Popular) podría significar cierta desconfianza en soluciones que provengan de grandes empresas o que sienta que no benefician a la clase trabajadora o a los pequeños comerciantes. La comunicación debe ser cuidadosa para evitar cualquier percepción de elitismo o de buscar únicamente el beneficio propio de la empresa que ofrece el producto/servicio.

**Barreras del Perfil Personal:**

*   **Soltero sin Hijos:** Esto podría significar menos presión familiar para modernizar el negocio, pero también menos motivación para hacerlo si no ve un beneficio directo para sí mismo en el corto plazo.
*   **MBTI (ISFP):**  Los ISFP suelen ser prácticos, observadores y aprenden mejor haciendo. Una presentación teórica o con muchos datos abstractos podría no ser efectiva. Necesitará ver ejemplos concretos de cómo R1 funciona en la práctica y poder probarlo por sí mismo.
*   **Ateo/Agnóstico:** No parece relevante en principio, pero podría ser útil evitar referencias religiosas en la presentación o marketing del producto/servicio.

**Barreras del Contexto Argentino:**

*   **Inflación y Devaluación:** La inestabilidad económica constante hace que la planificación a largo plazo sea muy difícil. Si R1 implica costos fijos en dólares o a largo plazo, podría ser un obstáculo insalvable.
*   **Burocracia:** Cualquier producto o servicio que requiera trámites burocráticos adicionales podría ser rechazado de plano.
*   **Competencia Intensiva:** El mercado gastronómico argentino es altamente competitivo.  Si R1 no ofrece una diferenciación clara y significativa, es probable que no logre destacarse.

**En resumen, para que R1 tenga éxito con este perfil, debe ser:**

*   **Asequible y con un retorno de inversión rápido y evidente.**
*   **Fácil de usar y con un buen soporte técnico en español (local).**
*   **Adaptado a la realidad económica y política argentina.**
*   **Demostrado a través de ejemplos concretos y testimonios de otros dueños de restaurantes similares.**
*   **Sentir que le empodera y le ayuda a mantener su negocio a flote en un entorno difícil.**

Sin conocer R1, esta es la mejor crítica que puedo ofrecer. Para ser más preciso, necesitaría saber de qué se trata el producto o servicio.
"
Agent_087,ENFJ,NO,"¡Uy, esto suena un poco mejor! A ver, vamos por partes, como dice Jack el Destripador (¡chiste viejo, perdón!).

**R1: Reacción visceral (ENFJ puro)**

*   ¡Guau, un manual blindado! Suena a que por fin alguien se toma en serio el desorden de mi restaurante. La consultoría de 3 días es buena, pero la **garantía de 30 días**... ¡eso sí que me llama la atención! Pensar que alguien va a estar encima de mi equipo, asegurándose de que hagan las cosas bien y resolviendo los problemas... ¡me da un respiro enorme! 200.000 pesos es un montón, pero la idea de recuperar mi vida personal... ¡no tiene precio!

**R2: Análisis racional (ENFJ + conservador/liberal + dolor de la inflación)**

*   Ok, momento de ser realista. 200.000 pesos no es moco de pavo. Con la inflación que tenemos, ¡es un número importante! Pero pensemos: ¿cuánto me cuesta a mí, en tiempo y estrés, estar apagando incendios todo el día? ¿Cuántas oportunidades pierdo por estar atado al restaurante?
*   El manual y la consultoría son buenos, pero la clave es la **garantía de implementación.** Si Megan realmente se compromete a auditar y resolver problemas durante 30 días, podría ser un cambio radical. Me preocupa la logística: ¿cómo va a auditar por WhatsApp? ¿Realmente puede resolver crisis operativas a distancia? Tendría que preguntarle detalles sobre eso.
*   El objetivo de que el restaurante funcione solo al día 31 es tentador. Si eso realmente sucediera, podría empezar a delegar tareas y enfocarme en otras cosas, como… ¡ir a jugar al fútbol 5 sin sentir culpa!
*   Mi pensamiento conservador/liberal me dice: ""Cuidado con los gastos innecesarios"". Pero mi lado liberal me dice: ""A veces hay que invertir para crecer y recuperar la libertad"".

**Veredicto (ENFJ + necesidad de libertad + miedo a la inseguridad)**

*   Estoy inclinado a decir que **SÍ, me interesa**, pero con asteriscos. La garantía de implementación es lo que cambia mi percepción del riesgo. Siento que ""asegura"" la inversión, porque Megan no solo te da las herramientas, sino que se compromete a que las uses correctamente. La idea de tenerla monitoreando la ejecución y resolviendo problemas me da mucha tranquilidad.
*   Sin embargo, **necesito más información.** Quiero saber en detalle cómo funciona la auditoría por WhatsApp, qué tipo de crisis operativas puede resolver a distancia y cuál es su metodología para asegurar la implementación. Necesito ver casos de éxito y hablar con otros dueños de restaurantes que hayan trabajado con ella.
*   Si Megan me convence con los detalles, creo que vale la pena la inversión. El miedo a la inflación me hace dudar, ¡siempre! Pero el deseo de recuperar mi tiempo y calidad de vida es aún más fuerte. Si esta inversión me permite salir del ahogo diario y enfocarme en el crecimiento del negocio, entonces valdrá la pena cada peso. ¡Además, podría volver a jugar al fútbol 5 sin sentir que el local se cae a pedazos!

En resumen: ¡Muero de ganas de decir que sí, pero necesito más datos y garantías concretas para justificar la inversión! Que me muestre los resultados y me convenza de que no es solo humo.
","Para un dueño de restaurante, bar o cafetería argentino de 47 años, de género femenino, nivel socioeconómico medio-alto, ENFJ, casada/o con hijos, católica, votante de Kicillof, educada en una universidad pública de prestigio, con pensamiento político conservador/liberal, cuya mayor angustia es la inflación y la inseguridad económica, y que disfruta del fútbol 5 con amigos, *una estrategia de marketing o una propuesta de negocio* fallaría por las siguientes razones:

**1. Desconexión con sus Valores y Angustias:**

*   **Ignorar la Inflación:** Cualquier plan que no tenga en cuenta la inflación abrupta y la constante fluctuación de precios está destinado al fracaso. Ella necesita soluciones que le permitan proteger sus márgenes, ajustar sus precios de manera inteligente y gestionar sus costos de manera eficiente. Un software de gestión de inventario y costos en tiempo real, estrategias de compra al por mayor o acuerdos con proveedores con precios fijos a corto plazo serían más atractivos.
*   **Desatender la Inseguridad Económica:** Como dueña de un negocio, la incertidumbre económica es un factor constante. Cualquier propuesta que le genere más ansiedad en este sentido será rechazada. Esto incluye esquemas de inversión riesgosos, préstamos con tasas variables o cualquier cosa que no le brinde una sensación de seguridad y control.
*   **Contradicción con su Pensamiento Político:** Si la estrategia o propuesta se percibe como inherentemente ""progre"" (ej: un programa de ""activismo social"" forzado y ajeno a su negocio) o excesivamente estatista, es probable que la rechace debido a su pensamiento conservador/liberal. Ella valorará soluciones prácticas y eficientes antes que ideologías.

**2. Falta de Relevancia con su Realidad:**

*   **Digitalización Obligada:** Asumir que, por tener 47 años, es inherentemente ""poco digital"" sería un error. Sin embargo, proponer soluciones tecnológicas complejas que requieran una curva de aprendizaje empinada y le quiten tiempo valioso para gestionar su negocio, probablemente no funcionarán. La tecnología debe ser intuitiva, resolutiva y fácil de implementar. Un sistema de reservas online o una plataforma de pedidos directos con soporte técnico personalizado podrían ser más atractivos que un complejo CRM.
*   **Ignorar el Contexto Local Argentino:** Las soluciones ""genéricas"" importadas de otros países sin adaptar a la idiosincrasia y a las regulaciones argentinas, suelen fallar. Por ejemplo, un sistema de propinas automatizado que no considere la costumbre local de dejar propina en efectivo podría generar fricción con los clientes y el personal.

**3. Desconexión con sus Intereses Personales:**

*   **Falta de Elementos Sociales y de Comunidad:** Como ENFJ, es probable que valore las conexiones personales y la comunidad. Cualquier cosa que la aísle o la impida interactuar con sus clientes y empleados de manera significativa no será bien recibida. Un sistema de automatización de marketing que la haga sentir como una ""máquina"" enviando correos masivos impersonales sería contraproducente.

**4. Ignorar la Dinámica Familiar:**

*   **Consumo de Tiempo Excesivo:** Si la propuesta requiere una inversión de tiempo desmesurada que la aleje de su familia e hijos, es probable que la rechace. Ella necesita un equilibrio entre su vida profesional y personal.

**En resumen, para que una propuesta tenga éxito con este perfil de dueña de restaurante, debe ser:**

*   **Práctica y Eficiente:** Resolver problemas concretos, como la gestión de la inflación y la optimización de costos.
*   **Segura y Confiable:** Reducir la incertidumbre económica y brindar una sensación de control.
*   **Intuitiva y Fácil de Usar:** No agregar complejidad innecesaria a su vida ya ocupada.
*   **Adaptada al Contexto Argentino:** Considerar las particularidades culturales, las regulaciones y las costumbres locales.
*   **Socialmente Consciente (pero sin Radicalismos):**  Permitirle mantener relaciones significativas con sus clientes y empleados.
*   **Respetuosa de su Tiempo:** No exigir una inversión excesiva que la aleje de su familia.

Cualquier propuesta que ignore uno o más de estos puntos tiene una alta probabilidad de fallar con este perfil de dueña de restaurante en Argentina.
"
Agent_077,INFJ,NO,"¡Uff, mirá vos! Megan le metió pata a la propuesta, eh. A ver, vamos a analizar esto con calma, como buen peronista que soy, pensando en el bien común y en evitar dolores de cabeza.

**R1: Reacción Intuitiva (INFJ)**

Mi primera reacción es de alivio y esperanza. La garantía de 30 días sí que me da una sensación de seguridad, eso es innegable. Antes sentía que era tirar $200.000 al aire y cruzar los dedos. Ahora... ahora siento que hay alguien que va a estar ahí para agarrarme si me caigo. La Matriz de Manejo de Crisis suena genial, especialmente porque los chicos a veces se paniquean con las quejas y terminan empeorando las cosas. Y lo de los checklists... ¡benditos checklists! Cuántas veces me he encontrado con la heladera apagada a la mañana...

PERO... acá viene el pero. ¿Será verdad tanta maravilla? 3 días de consultoría y después todo por WhatsApp... Suena un poco a cuento chino, ¿no? Y $200.000 sigue siendo una suma importante.

**R2: Reflexión Analítica (INFJ + Necesidad de Libertad)**

A ver, miremos los pros y los contras.

*   **Pros:**
    *   La garantía de 30 días reduce el riesgo, sin dudas.
    *   La Matriz de Manejo de Crisis y los checklists son herramientas valiosas.
    *   Si realmente funciona, me permitiría delegar y tener más tiempo para mí, para disfrutar del asado familiar y no estar siempre corriendo detrás del negocio. ¡Eso es crucial!
    *   El perfil de Megan parece serio, tiene experiencia.

*   **Contras:**
    *   $200.000 es un monto importante, especialmente con la inflación que tenemos.
    *   La consultoría me parece corta: 3 días.
    *   Depender de WhatsApp para la auditoría diaria me da un poco de desconfianza. ¿Y si no contesta? ¿Y si no entiende el problema?
    *   ¿Realmente el restaurante va a funcionar solo en 31 días? Suena demasiado bueno para ser verdad.

**Consideraciones Peronistas:**

Como buen peronista, pienso en el equipo. ¿Cómo van a reaccionar a este sistema? ¿Se sentirán controlados y desmotivados? ¿O lo verán como una ayuda para hacer mejor su trabajo? Habría que involucrarlos en el proceso y asegurarme de que entiendan los beneficios.

**Veredicto: Esperar y Observar (con cautela)**

La mejora en la propuesta es significativa, no lo niego. La garantía de 30 días me da más confianza. PERO... no me voy a tirar de cabeza.

**¿Qué haría?**

Llamaría a Megan y le pediría referencias de otros restaurantes que hayan usado su sistema. Hablaría con esos dueños y les preguntaría su experiencia real. Si las referencias son buenas, y me dan la seguridad de que el sistema realmente funciona, entonces consideraría seriamente invertir.

**En resumen:** La propuesta es más atractiva, pero necesito más pruebas antes de arriesgarme. La libertad personal es importante, pero también lo es la seguridad financiera. Con la situación del país, no me puedo dar el lujo de equivocarme. ¡Vamos a investigar un poco más!
","Para un dueño de restaurante argentino de 67 años, no binario (heterosexual), de nivel socioeconómico medio-bajo, MBTI INFJ, casado/a con hijos, evangélico, votante de Massa, con educación secundaria, pensamiento político peronista/popular, cuya angustia principal es el miedo a no llegar a fin de mes y perder poder adquisitivo, y cuyo ocio principal es el asado familiar, **varias cosas podrían fallar en una propuesta o iniciativa**, especialmente si no se tienen en cuenta todos estos aspectos:

**1. Desconexión con la Digitalización:**

*   **Falta de conocimiento técnico:** Asumir que tiene la capacidad o interés en implementar soluciones digitales complejas (ej: sistemas de gestión de inventario basados en IA, campañas de marketing digital sofisticadas, etc.). Su educación secundaria y edad podrían implicar una brecha digital que no se puede ignorar.
*   **Desconfianza en la tecnología:** Podría percibir la tecnología como algo impersonal o intrusivo, prefiriendo métodos tradicionales de gestión y marketing.
*   **Costo percibido vs. beneficio:** Si el costo de implementar una solución digital parece alto en comparación con los beneficios percibidos (especialmente si no son inmediatos), es probable que la rechace. El miedo a no llegar a fin de mes lo hace muy sensible a los gastos.

**2. Desalineación con sus Valores y Creencias:**

*   **Contenido ofensivo o inapropiado:** Campañas de marketing o iniciativas que choquen con sus valores religiosos (Evangélico) o morales (ej: contenido excesivamente sexualizado, promoción de productos que considera inaceptables).
*   **Imposición de ideas:** Cualquier intento de imponer ideas contrarias a su pensamiento peronista/popular, especialmente en lo referente a la economía y el rol del estado. Intentar ""convencerlo"" de políticas liberales o de austeridad sería contraproducente.
*   **Falta de respeto por la tradición:** Ignorar la importancia de la familia y las costumbres argentinas (ej: el asado familiar) en su vida social y emocional.

**3. Desconsideración de sus Necesidades Económicas:**

*   **Iniciativas costosas:** Proponer soluciones que requieren una inversión inicial significativa o que implican un aumento en los costos operativos, sin demostrar un retorno de la inversión claro y rápido.
*   **Ignorar la inflación:** No tener en cuenta la realidad de la inflación argentina y cómo afecta su capacidad para fijar precios, gestionar costos y planificar a largo plazo.
*   **Soluciones abstractas:** Ofrecer soluciones que no aborden directamente su principal angustia: el miedo a no llegar a fin de mes.

**4. Desatención al Contexto Político y Social:**

*   **Asunciones sobre preferencias políticas:** Asumir que, por ser dueño de un restaurante, comparte ciertas ideas políticas (ej: apoyo a la empresa privada sin regulación).
*   **Ignorar el impacto de las políticas gubernamentales:** No considerar cómo las regulaciones, impuestos o programas sociales del gobierno afectan su negocio.
*   **Falta de empatía por las dificultades económicas del país:** Desconocer o minimizar el impacto de la crisis económica en su negocio y en la vida de sus empleados.

**5. Falta de Confianza y Credibilidad:**

*   **Presentación impersonal:** Acercarse a él de manera fría o distante, sin establecer una conexión personal.
*   **Falta de referencias:** No proporcionar casos de éxito o testimonios de otros restaurantes similares que hayan implementado la solución que se propone.
*   **Promesas poco realistas:** Hacer promesas exageradas o poco creíbles sobre los resultados que se pueden obtener.

**Ejemplos Específicos:**

*   **Fallaría una campaña de marketing digital enfocada en un público joven y ""cool"" que utilice lenguaje moderno y referencias a tendencias actuales, si ignora sus valores religiosos y su preocupación por el costo.**
*   **Fallaría una propuesta de software de gestión de restaurantes con una interfaz compleja y costosa, si no se le explica de manera sencilla los beneficios concretos que obtendrá y cómo le ayudará a ahorrar dinero.**
*   **Fallaría una iniciativa gubernamental que promueva la ""modernización"" de los restaurantes a través de la automatización, si no se tienen en cuenta las posibles consecuencias para los empleados y la comunidad local.**

En resumen, para que una propuesta sea exitosa, debe ser **relevante, personalizada, comprensible, asequible y respetuosa** con sus valores, creencias y necesidades específicas. Debe demostrarse empatía hacia sus preocupaciones y ofrecer soluciones prácticas y realistas que aborden directamente su principal angustia: el miedo a no llegar a fin de mes. La **credibilidad** y la **confianza** son cruciales.
"
Agent_084,ENTP,NO,"¡Uy, interesante! A ver, vamos a analizar esto a fondo...

**R1: Reacción Instintiva (ENTP en acción)**

¡Okey, okey! La propuesta original de Megan me sonaba bien, pero le faltaba algo de ""punch"". Esto de la garantía de implementación... ¡me gusta! Como ENTP, mi cabeza ya está armando escenarios: ¿Será que realmente puedo delegar y olvidarme un poco? ¿Podré finalmente retomar mis partidas online sin sentir culpa? El precio... $200.000... puff... duele, duele en el bolsillo, pero si realmente funciona, podría ser una inversión a largo plazo. Lo que más me llama la atención es la consultoría in situ y el seguimiento diario por WhatsApp. Eso podría ser clave para que mi equipo realmente entienda todo el proceso. La matriz de manejo de crisis suena genial, ¡adiós a las llamadas de emergencia por cada queja! Pero... ¿será demasiado bueno para ser verdad? Hay que analizarlo más a fondo.

**R2: Análisis Crítico (El lado ""T"" del ENTP)**

A ver, siendo un poco más racional. La garantía de 30 días reduce el riesgo, definitivamente. Tener a Megan ""encima"" del equipo durante un mes es un plus enorme. Me da la sensación de que la inversión está más ""asegurada"" de lo que estaría con un simple manual y una consultoría de un par de días. Sin embargo, hay que ser realistas. Mi equipo es... particular. ¿Será que realmente se van a adaptar a los nuevos procesos? ¿Será que Megan tiene la paciencia y la habilidad para lidiar con ellos? Ahí radica mi principal temor. Por otro lado, $200.000 sigue siendo un monto importante. Podría invertirlo en otras cosas: marketing, refacciones, etc. ¿Realmente vale la pena ""encadenarme"" a este sistema (aunque sea por un mes) en lugar de buscar otras soluciones? La promesa de ""restaurante funcionando solo"" suena tentadora, pero hay que ver si es factible. Mi experiencia me dice que siempre hay imprevistos.

**Veredicto (La Decisión Final)**

Después de pensarlo bastante, creo que... **¡Sí, me interesa!** El ADN del dolor me está gritando que necesito recuperar mi tiempo y reducir el estrés. El miedo a no llegar a fin de mes siempre está presente, pero si este sistema realmente me permite delegar y aumentar la eficiencia, a la larga podría ser muy rentable.

La garantía de implementación es el factor decisivo. Me da la tranquilidad de saber que no estoy sola en este proceso y que tengo el apoyo de una experta para resolver cualquier problema que surja.

Además, como ENTP, la idea de implementar un nuevo sistema y ver cómo funciona me resulta excitante. ¡Es un desafío! Quiero ver si Megan realmente puede transformar mi restaurante y darme la libertad que tanto anhelo.

Voy a contactarla y hacerle algunas preguntas más específicas sobre la consultoría y el seguimiento diario. Quiero asegurarme de que entiende las particularidades de mi negocio y de mi equipo. Pero en principio, ¡estoy convencida de que vale la pena apostar por esta propuesta! ¡A ver si finalmente puedo volver a mi gaming sin sentir que el restaurante se derrumba!
","Para ser crítico y analizar por qué una iniciativa para dueños de restaurantes, bares y cafeterías en Argentina podría fallar, consideremos los siguientes puntos, basándonos en el contexto proporcionado:

**1. Falta de Segmentación Real:**

*   **Demasiado Amplio:** La descripción del público objetivo es *demasiado* amplia. Abarcar desde locales históricos hasta franquicias y cafés de especialidad implica necesidades radicalmente diferentes. Una estrategia única difícilmente resonará con todos. El dueño de un bodegón centenario y el de una franquicia moderna tienen problemas y prioridades muy distintas.
*   **Niveles de Digitalización:** El target incluye desde personas con poca digitalización hasta aquellos más avanzados. Una iniciativa digital (marketing, gestión de pedidos online, etc.) que asuma un nivel de conocimiento digital promedio fallará al no ser accesible para los menos digitalizados ni lo suficientemente sofisticada para los más avanzados.

**2. Desconexión con el ADN de Dolor:**

*   **Miedo a no llegar a fin de mes y perder el poder adquisitivo:** Si la iniciativa NO aborda directamente cómo ayudar a los dueños a aumentar sus ingresos, reducir costos o proteger su rentabilidad en un contexto inflacionario argentino, fracasará. La propuesta de valor debe ser *tangible* y demostrar un retorno de la inversión claro. Ejemplos:
    *   Si se trata de un software de gestión, debe mostrar cómo reduce costos operativos (ej: control de stock que evita el desperdicio).
    *   Si es una estrategia de marketing, debe demostrar cómo atrae más clientes y aumenta las ventas.
    *   Si es una consultoría, debe especificar cómo optimiza la operación para generar mayor rentabilidad.
*   **Falta de Empatía con la Realidad Económica:** Ignorar la volatilidad del mercado argentino, los impuestos, la inflación y la dificultad para acceder a créditos significará un fracaso seguro. Cualquier solución debe ser adaptable a este contexto y ofrecer opciones accesibles.

**3. Desconocimiento del Perfil del ""Dueño de Restaurante AR"" (en este caso, TU perfil):**

*   **Apoliticismo:** Asumir que una persona apolítica es indiferente a temas que afectan su negocio es un error. Aunque no participe activamente en política, está profundamente afectado por las decisiones económicas y las regulaciones gubernamentales. La iniciativa debe ser sensible a este contexto, incluso si no toma una postura política explícita.
*   **Católico:** Si bien la religión puede no ser el foco central, ignorar las fechas importantes del calendario litúrgico (Semana Santa, Navidad, etc.) en la planificación de eventos o promociones sería un error.
*   **ENTP:** Este tipo de personalidad (Extrovertido, Intuitivo, Pensante, Perceptivo) tiende a ser innovador, debatidor y le gusta desafiar el status quo. Una propuesta genérica y poco creativa, o que no le permita expresar sus propias ideas y contribuir activamente, no le atraerá.
*   **Gaming (Ocio):** Este dato revela una apertura a la tecnología y posiblemente un interés en soluciones digitales. Una iniciativa completamente offline podría no ser atractiva, y una que incorpore elementos de gamificación podría generar mayor engagement.

**4. Problemas de Implementación:**

*   **Costo y Accesibilidad:** Si la iniciativa es demasiado costosa o requiere una inversión inicial significativa, muchos dueños no podrán permitírsela. Soluciones flexibles con opciones de pago adaptadas a la realidad argentina serán cruciales.
*   **Soporte Técnico y Capacitación:** Si se trata de una solución tecnológica, la falta de soporte técnico adecuado y capacitación para el personal será un obstáculo importante. La curva de aprendizaje debe ser lo más suave posible.
*   **Falta de Resultados Medibles:** Si la iniciativa no ofrece formas claras de medir el éxito y demostrar el retorno de la inversión, los dueños se mostrarán escépticos.

**5. Falta de Personalización:**

*  **Mensajes Genéricos:** Enviar correos electrónicos o mostrar anuncios con mensajes genéricos. La comunicación debe **apelar directamente** a sus necesidades y deseos, demostrando una comprensión profunda de sus desafíos.

**En resumen, para que una iniciativa tenga éxito, debe ser:**

*   **Segmentada:** Dirigida a grupos específicos dentro del universo de dueños de restaurantes, con mensajes y soluciones adaptadas a sus necesidades.
*   **Relevante:** Abordar directamente el principal dolor: cómo sobrevivir y prosperar en la economía argentina actual.
*   **Accesible:** Económicamente viable y fácil de implementar, con soporte técnico adecuado.
*   **Medible:** Ofrecer formas claras de evaluar el éxito y el retorno de la inversión.
*   **Personalizada:** La comunicación debe ser relevante para el perfil del dueño, considerando sus intereses, valores y nivel de digitalización.

Ignorar estos puntos aumentará significativamente las probabilidades de que la iniciativa falle.
"
Agent_092,ESFJ,NO,"¡Uff, esto sí que me llama la atención! A ver, vamos a analizarlo bien, que $200.000 no es moco de pavo en esta economía.

**R1: Reacción visceral (ESFJ en acción):**

*   **¡Qué alivio!** La idea de un manual con checklists y la matriz de crisis me da una paz mental tremenda. Odio recibir llamadas en el medio de la noche por problemas que mi equipo podría solucionar solo.
*   La consultoría intensiva de 3 días es genial, pero... ¿3 días son suficientes para cambiar los hábitos de todo el personal? Ahí tengo mis dudas.
*   **La garantía de 30 días es EL punto clave.** Saber que Megan va a estar encima de esto, monitoreando y resolviendo problemas, me hace sentir mucho más segura. ¡Es como tener un seguro contra el desastre!
*   Mi primer instinto es decir que sí, que vale la pena. La idea de recuperar mi tiempo libre y dejar el restaurante en piloto automático me seduce mucho.

**R2: Reflexión lógica (intentando calmar la emoción):**

*   **¿El precio es justo?** $200.000 es una inversión considerable. Necesito evaluar cuánto me cuesta actualmente el caos operativo en términos de tiempo perdido, errores, quejas de clientes y rotación de personal. Si el sistema de Megan realmente resuelve esos problemas, podría ser rentable a largo plazo.
*   **¿Qué pasa después de los 30 días?** Megan se va y ¿qué garantías tengo de que el sistema se mantenga? ¿El manual es realmente tan completo y el equipo estará capacitado para auto gestionarse? Quizás necesito pensar en un plan de seguimiento interno para asegurar la sostenibilidad del cambio.
*   **¿Megan es la persona adecuada?** Necesito investigar más sobre su experiencia, casos de éxito y referencias de otros restaurantes. No quiero invertir en humo.
*   **La comunicación por WhatsApp... mmm.** Está bien para emergencias, pero ¿no sería mejor tener reuniones virtuales programadas para hacer un seguimiento más estructurado?

**Veredicto:**

Ok, después de pensarlo bien, mi veredicto es: **DEFINITIVAMENTE, VALE LA PENA EXPLORAR MÁS A FONDO.**

La garantía de 30 días realmente cambia mi percepción del riesgo. Saber que Megan estará acompañándome y asegurándose de que el sistema funcione me da la tranquilidad que necesito. Y esa tranquilidad no tiene precio, porque me permite enfocarme en otras cosas: la calidad de la comida, la experiencia del cliente, ¡y hasta mi vida personal!

Sin embargo, antes de dar el sí definitivo, necesito:

1.  **Investigar a fondo la reputación y experiencia de Megan.** Quiero hablar con otros clientes y ver resultados concretos.
2.  **Negociar un plan de seguimiento post-30 días.** Quizás un par de reuniones virtuales al mes para asegurarme de que el sistema se mantenga en marcha.
3.  **Analizar mis costos actuales del caos operativo.** Para poder justificar la inversión con números concretos.

Como buena ESFJ, necesito esa validación social y datos concretos para sentirme completamente segura. ¡Pero estoy muy entusiasmada con la posibilidad de recuperar mi libertad!
","Para un dueño de restaurante argentino de 36 años, mujer, de nivel socioeconómico alto, con un MBTI ESFJ, divorciada, católica, votante de Kicillof, educación privada bilingüe, pensamiento político conservador/liberal, miedo a la inflación y la inseguridad económica, y gamer, varias cosas podrían fallar en su negocio:

**Considerando el Contexto Argentino Actual:**

*   **Inflación Rampante y Volatilidad Económica:** Su mayor miedo es la inflación, y con razón. Un aumento descontrolado de precios impacta directamente en los costos de los insumos (alimentos, bebidas, servicios), obligando a constantes ajustes de precios que ahuyentan a los clientes o reducen los márgenes de ganancia.  La incapacidad de anticipar o adaptarse rápidamente a estos cambios podría ser fatal.
*   **Inseguridad:** La inseguridad en Argentina (tanto la delincuencia común como la económica) es un factor de estrés constante.  Robos, extorsiones, vandalismo, y la incertidumbre sobre las reglas del juego económico disminuyen la rentabilidad y la calidad de vida. Incluso inversiones en seguridad pueden no ser suficientes para mitigar el riesgo.
*   **Cargas Impositivas Elevadas y Burocracia:**  La presión impositiva y la burocracia sofocante en Argentina son obstáculos significativos para cualquier negocio.  El cumplimiento de las regulaciones (normas laborales, habilitaciones, impuestos) consume tiempo y recursos valiosos, distrayéndola de la gestión del negocio.
*   **Falta de Personal Capacitado y Rotación:** Conseguir personal capacitado y comprometido en el sector gastronómico puede ser un desafío. La alta rotación de empleados genera costos de capacitación constantes y afecta la calidad del servicio.

**Factores Específicos a su Perfil:**

*   **Choque entre su Perfil Sociopolítico y su Votación:** Si bien votó a Kicillof, se define como Conservadora/Liberal. Esta contradicción podría generar conflictos internos o malas decisiones si sus creencias fundamentales no se alinean con las políticas del gobierno de turno.  Por ejemplo, podría votar por políticas populistas que, a largo plazo, perjudiquen su negocio.
*   **Ser Mujer en un Entorno Todavía Machista:**  Aunque la situación está cambiando, el sector gastronómico, especialmente en ciertos nichos (como las parrillas tradicionales), aún puede ser un entorno donde las mujeres enfrentan prejuicios y desafíos para ser tomadas en serio.
*   **Divorcio y su Impacto:**  Un divorcio reciente podría implicar distracciones emocionales, problemas financieros (división de bienes), o falta de tiempo y energía para dedicar al negocio. Si la sociedad con su ex-pareja era clave para el restaurante, perderlo podría tener consecuencias devastadoras.
*   **MBTI ESFJ y Riesgos:** Si bien los ESFJ son excelentes en servicio al cliente y en crear ambientes armoniosos, pueden tener dificultades para tomar decisiones difíciles (ej. despedir empleados, cerrar un menú poco rentable) por miedo al conflicto. También tienden a ser sensibles a las críticas y pueden resistirse al cambio.
*   **Nivel Socioeconómico Alto y Desconexión:** Su nivel socioeconómico alto podría llevarla a estar desconectada de las necesidades y preferencias de una porción importante de su clientela, especialmente si se dirige a un público más amplio.
*   **Gaming como Ocio y Desequilibrio:**  Si bien es un hobby válido, un exceso de tiempo dedicado a los videojuegos podría restarle tiempo a la atención del negocio, al aprendizaje de nuevas técnicas culinarias, a la gestión del personal, o al estar al tanto de las tendencias del mercado.
*   **Falta de Adaptación a las Nuevas Tendencias:** El mercado gastronómico está en constante evolución. Si no invierte en innovación, marketing digital, delivery online, o en ajustar su oferta a las nuevas dietas y exigencias de los consumidores, podría quedar obsoleta.
*   **Exceso de Confianza o Falta de Experiencia:**  La juventud y el nivel socioeconómico podrían llevarla a sobreestimar sus habilidades o a cometer errores por falta de experiencia en la gestión de un negocio en un entorno tan desafiante como el argentino.

**En resumen, el éxito del restaurante depende de:**

*   **Genuina adaptabilidad y resiliencia:** La capacidad de navegar la incertidumbre económica y política argentina.
*   **Inteligencia financiera:** Gestión prudente de costos, precios, y flujo de caja.
*   **Liderazgo efectivo:** Mantener la motivación del personal, gestionar conflictos, y tomar decisiones difíciles.
*   **Conexión con el mercado:** Comprender las necesidades y preferencias de sus clientes, y adaptar su oferta en consecuencia.
*   **Humildad y aprendizaje continuo:**  Reconocer sus limitaciones y buscar constantemente formas de mejorar.

Si falla en cualquiera de estas áreas, el panorama podría ser desalentador.  Ser consciente de estos riesgos es el primer paso para mitigarlos.
"
Agent_044,INTJ,SÍ,"Ok, vamos a analizar esto en detalle. Un INTJ como yo no toma decisiones a la ligera, así que dividamos el análisis en las tres rondas de pensamiento.

**R1: Reacción Intuitiva (Primer Instinto)**

Mi primer instinto es ser escéptico, pero también reconocer el potencial valor. La propuesta original de Megan me sonaba a ""más de lo mismo"" que he visto antes: manuales que terminan acumulando polvo y consultorías que dan resultados a corto plazo. Sin embargo, la *Garantía de Implementación de 30 días* realmente llama mi atención. Esa es la clave. El hecho de que se quede monitoreando y resolviendo problemas en tiempo real reduce significativamente el riesgo percibido. Automáticamente pienso en mi personal y en cómo esa guía constante podría ser fundamental para que interioricen los procesos. La idea de que el restaurante funcione solo al cabo de un mes suena utópica, pero la garantía le da credibilidad.

El precio de $200.000 ARS sigue siendo significativo, pero ahora, con la garantía, empieza a verse como una inversión y no como un gasto.

**R2: Análisis Racional (Consideración de los Hechos Concretos)**

Ok, alejémonos un poco del hype y analicemos los hechos fríamente.

*   **Manual de Operaciones:** Necesito ver ejemplos concretos de esos check-lists y protocolos. Si son genéricos, no valen la pena. Si están adaptados a mi tipo de negocio (parrilla familiar en mi caso), mucho mejor.
*   **Consultoría de Despegue:** Tres días suena bien, pero ¿qué tan prácticos son? ¿Enseñan a mi gente a usar la parrilla, a manejar los tiempos de cocción, a tratar a los clientes como si fueran de la familia? Si es así, excelente.
*   **Garantía de Implementación (30 días):** Esta es la joya de la corona, pero hay que entender los detalles. ¿Qué significa ""auditar diariamente vía WhatsApp""? ¿Es solo mirar un reporte o realmente da feedback y soluciones? ¿Qué tipo de ""crisis operativas"" cubre? Si una máquina se rompe, ¿ella la arregla? No creo, pero es importante entender los límites de la garantía.
*   **Objetivo:** El restaurante funcionando solo al día 31 es ambicioso. Mi objetivo real sería tener un equipo más autónomo y que los errores se reduzcan significativamente. Si logro eso, ya valió la pena.

Teniendo en cuenta mi ADN de dolor (miedo a no llegar a fin de mes), necesito asegurarme de que esta inversión realmente mejore la rentabilidad a largo plazo. La libertad personal es crucial, pero solo si el negocio se mantiene a flote.

**Veredicto (Decisión Final)**

Como INTJ, necesito más información antes de tomar una decisión definitiva. Pero la Garantía de Implementación ha cambiado radicalmente mi percepción del riesgo. Antes, la veía como una consultoría más, pero ahora la veo como un *acompañamiento personalizado con resultados garantizados* (al menos en teoría).

Mis siguientes pasos serían:

1.  **Solicitar ejemplos concretos del Manual de Operaciones.**
2.  **Hablar con otros dueños de restaurantes que hayan trabajado con Megan y verificar la efectividad de la garantía.** Quiero saber si realmente cumple lo que promete.
3.  **Definir claramente con Megan los límites de la garantía** para evitar malentendidos.

Si la información que obtengo es positiva, consideraría seriamente invertir. La posibilidad de delegar más y recuperar algo de libertad personal es muy atractiva, especialmente si puedo confiar en que el restaurante seguirá funcionando bien en mi ausencia.

En resumen: La garantía de 30 días *asegura parcialmente* la inversión, pero necesito profundizar en los detalles antes de dar el sí definitivo. La promesa de autonomía es tentadora, pero la rentabilidad y la estabilidad del negocio son prioritarias.
","Para un dueño de restaurante argentino con mi perfil (Peronista/Popular, preocupado por llegar a fin de mes, fútbol 5 con amigos, etc.), una iniciativa o producto podría fallar por las siguientes razones, desglosadas en categorías:

**A. Económicas y Financieras:**

*   **Desconexión de la realidad inflacionaria:** Cualquier propuesta que no considere la altísima inflación en Argentina y la constante devaluación del peso está destinada al fracaso. Esto implica:
    *   Precios fijos a largo plazo son imposibles.
    *   Márgenes de ganancia muy ajustados.
    *   Dificultad para importar productos necesarios.
*   **Falta de flexibilidad en los pagos:**  Los dueños de restaurantes, especialmente los pequeños, necesitan opciones de pago flexibles y adaptadas a la volatilidad del mercado.  Créditos con tasas altas o condiciones inflexibles son inaceptables.
*   **Ignorar los costos laborales:** Argentina tiene una legislación laboral compleja y costos laborales elevados.  Cualquier propuesta que no los considere, como un software de gestión de personal muy caro,  es invible
*   **Desconocimiento del ciclo económico del rubro:**  El negocio de la gastronomía es cíclico.  Hay meses buenos y meses malos, días buenos y días malos.  Una propuesta que no lo tenga en cuenta es ilusa. Por ejemplo, un sistema de suscripciones que asuma un consumo constante durante todo el año.
*   **Costos ocultos:**  El ""diablo está en los detalles"". Cargos adicionales inesperados, comisiones elevadas, o necesidad de adquirir hardware costoso para usar un servicio pueden ser un factor determinante para rechazarlo.

**B. Políticas y Sociales:**

*   **Desconsideración por las problemáticas locales:**  En un contexto de polarización política y tensiones sociales, una propuesta que sea percibida como elitista, pro-establishment, o que ignore las necesidades de la comunidad local, generará rechazo.
*   **Falta de empatía con la cultura argentina:** Un servicio o producto que no se integre a las costumbres y tradiciones culinarias argentinas, o que imponga modas extranjeras sin adaptación, no tendrá aceptación.
*   **Sensibilidad social:**  Temas como el empleo digno, el apoyo a productores locales, la sustentabilidad, y  ayuda contra la pobreza son valorados. Si una propuesta ignora estos valores o, peor, los contradice, fracasará. Esto se ve en auge en los últimos años, y mas aún, si el local apunta a un segmento joven.
*   **Resistencia al cambio:** Muchos dueños de restaurantes, especialmente los más tradicionales, son reacios a adoptar nuevas tecnologías o estrategias. Requieren demostraciones claras de valor y facilidades para la transición.

**C. Tecnológicas y de Usabilidad:**

*   **Complejidad excesiva:**  La curva de aprendizaje debe ser baja. Si la herramienta es difícil de usar, o requiere conocimientos técnicos avanzados, no será adoptada.
*   **Dependencia exclusiva de Internet:** La conexión a Internet en Argentina puede ser irregular y costosa. Un sistema que dependa completamente de la conectividad online será problemático para muchos negocios.
*   **Falta de soporte técnico local:**  El soporte técnico debe ser accesible, en español y con personal que entienda las particularidades del mercado argentino.  La falta de esto genera frustración y abandono.
*   **Integración limitada:**  Si la propuesta no se integra fácilmente con otros sistemas que ya utiliza el restaurante (TPV, sistemas contables, etc.), generará complicaciones y resistencia.
*   **Falta de seguridad informática:**  La seguridad de los datos es primordial.  Una vulnerabilidad en el sistema que exponga información sensible del negocio o de los clientes puede ser fatal para la reputación.

**D. Marketing y Comunicación:**

*   **Promesas exageradas:**  Marketing engañoso o promesas poco realistas generarán desconfianza y decepción.
*   **Lenguaje incomprensible:**  Utilizar jerga técnica o un lenguaje demasiado formal aleja al potencial cliente.
*   **Falta de testimonios y casos de éxito locales:**  Los dueños de restaurantes necesitan ver que la propuesta funciona en un contexto similar al suyo.  Mostrar casos de éxito de otros negocios argentinos es fundamental.
*   **Desprecio por el ""boca a boca"":**  El boca a boca sigue siendo muy importante en Argentina.  Una mala experiencia con un servicio o producto se difundirá rápidamente y perjudicará la reputación.

**En resumen, para que una propuesta tenga éxito con un dueño de restaurante argentino como yo, y en el contexto actual, debe ser:**

*   **Asequible y adaptable a la inflación.**
*   **Fácil de usar y con soporte técnico local confiable.**
*   **Relevante para la cultura y las necesidades del mercado argentino.**
*   **Con un enfoque en la transparencia, la honestidad y la responsabilidad social.**
*   **Que me haga la vida más fácil, y me ayude a ganar más plata, no a gastar más energía y tiempo.**
"
Agent_030,INFJ,NO,"¡Uff, interesante la evolución de la propuesta! A ver, vamos a analizar esto en profundidad, como buen INFJ que soy.

**R1: Reacción Instintiva (Emocional)**

*   **Mi primera reacción es de alivio.** La garantía de implementación y esos 30 días de acompañamiento me dan una bocanada de aire fresco. El miedo a invertir y que no funcione siempre está presente, y esta garantía lo mitiga bastante. Siento que Megan entiende mi dolor, mi angustia de no llegar a fin de mes y encima tener que estar pendiente de todo en el restaurante. La idea de que el restaurante funcione solo después de 30 días suena a música celestial.
*   **Pero también surge la desconfianza típica del peronista.** ¿Será verdad? ¿No será mucho humo? ¿Funcionará realmente en mi restaurante, con mi gente, con mis problemas? Doscientos mil pesos no es poca cosa, y más con la inflación que tenemos.

**R2: Análisis Racional (Lógica pura y dura)**

*   **Manual de Operaciones Blindado:** Suena bien. Checklists y protocolos son fundamentales para mantener un estándar, y la ""Matriz de Manejo de Crisis"" podría evitarme muchos dolores de cabeza.
*   **Consultoría de Despegue (3 días):** Tres días intensivos pueden ser útiles, pero ¿será suficiente? ¿Mi personal realmente aprenderá y se adaptará tan rápido? Acá entra en juego la cultura de mi restaurante, que no es fácil de cambiar de un día para el otro.
*   **Garantía de Implementación (30 días):** Acá está la clave. Si Megan realmente está encima, auditando y resolviendo problemas en tiempo real, la inversión podría valer la pena. Pero tengo que asegurarme de que sea REALMENTE intensiva, no solo mensajes de WhatsApp esporádicos.
*   **El Objetivo (Restaurante funcionando solo):** Este es el sueño. Delegar y poder dedicarme a otras cosas, o simplemente descansar. Fundamental para recuperar mi libertad personal, que es mi gran anhelo.
*   **Inversión ($200.000 ARS):** Es un número importante. Tengo que evaluar si el potencial retorno de inversión (más eficiencia, menos errores, menos estrés) justifica el gasto. Tendría que hacer números finos para ver si me cierra.

**Veredicto Final (Considerando MBTI, ADN de Dolor y Objetivos Personales)**

Como INFJ, valoro mucho la armonía, la visión a largo plazo y la conexión personal. La propuesta de Megan me atrae porque promete solucionar un problema que me consume: la falta de control y mi necesidad constante de estar presente en el restaurante.

La garantía de implementación es fundamental. Reduce mi percepción del riesgo y me da la sensación de que Megan realmente se compromete con el resultado.  Además, la promesa de que el restaurante funcione solo después de 30 días alinea directamente con mi necesidad de recuperar mi libertad personal y delegar responsabilidades.

Considerando mi ADN de dolor (miedo a no llegar a fin de mes y perder el poder adquisitivo), necesito investigar más a fondo. Necesito referencias de otros restaurantes que hayan trabajado con Megan, para asegurarme de que la inversión sea rentable y no un agujero más en mis finanzas.

**En resumen:** La propuesta es atractiva y la garantía me da confianza, pero necesito hacer un análisis más profundo y hablar con otros clientes de Megan antes de tomar una decisión. El peronista desconfiado que llevo dentro necesita pruebas concretas de que esta vez sí, la inversión valdrá la pena.
","Entendido. Como dueño de restaurante argentino de 53 años, con un perfil bastante específico, analizaré las posibles fallas de una iniciativa o propuesta, basándome en mi contexto y ""ADN de dolor"".  Para ser crítico de manera efectiva, necesito saber **""esto""** a qué te refieres.  Sin esa información, solo puedo especular sobre escenarios comunes que suelen hacer fracasar las cosas en mi rubro.  Aquí te dejo algunos ejemplos de por qué algo podría fallar, dependiendo de la propuesta:

**Si ""esto"" es una Nueva Tecnología/Software para el Restaurante:**

*   **Curva de Aprendizaje Empinada y Falta de Soporte:** *""Mirá, si me vendés un coso que necesito un ingeniero para hacerlo andar, estamos fritos. Yo manejo Excel y gracias. Mis empleados menos.  Si no es intuitivo y fácil de usar, y si el soporte técnico es un 0800 que nunca atiende nadie, olvídate.""* (Esto refleja mi nivel de digitalización y la dificultad de capacitar al personal).
*   **Costo Oculto e Incompatibilidad con el Sistema Actual:** *""A mí no me vas a vender la moto de que es ""gratis por un mes"" y después me aparecen cargos escondidos que no puedo pagar. Y si no se integra bien con mi sistema de factura electrónica y el controlador fiscal, me armás un lío bárbaro con la AFIP.  Ya tuve malas experiencias con eso.""* (Esto toca mi miedo a perder dinero y tener problemas legales).
*   **Falta de Demostración Clara del Retorno de la Inversión (ROI):** *""A ver, mostrame con números concretos cómo esto va a aumentar mis ventas, reducir mis costos, o mejorar la experiencia del cliente. Si no me justificás la inversión con datos reales, no me interesa.  Yo tengo que pagar el alquiler y los sueldos.""* (Esto se relaciona directamente con mi angustia de no llegar a fin de mes).

**Si ""esto"" es una Nueva Estrategia de Marketing:**

*   **Enfoque Exclusivamente Digital que Ignora el Marketing Tradicional:** *""A mí no me vas a decir que el único camino es Instagram. Acá la gente sigue leyendo el diario, escuchando la radio, y mirando la tele. Y el boca a boca sigue siendo fundamental.  Hay que encontrar un equilibrio.""* (Esto refleja mi experiencia y conocimiento del mercado local específico).
*   **Promesas Irrealistas y Falta de Conocimiento del Público:** *""Me ofrecieron una campaña que me prometía llenar el local todos los días con gente que nunca había comido en un bodegón.  ¡Por favor! Mi clientela busca comida casera, precios razonables y un ambiente familiar.  Si me traés gente que busca otra cosa, no funciona.""*  (Esto destaca la importancia de entender mi nicho de mercado).
*   **Falta de Medición y Seguimiento de Resultados:** *""Si me hacés una campaña y no me podés decir cuánta gente vino gracias a ella, cuántas reservas generó, y cuánto aumentaron las ventas, estás tirando la plata.  Necesito datos concretos para saber si está funcionando.""* (Nuevamente, vinculado a la justificación de la inversión).

**Si ""esto"" es una Nueva Propuesta de Alimentos/Ingredientes:**

*   **Precio Elevado que No Se Justifica en la Calidad Percibida:** *""Si me vendés un producto ""gourmet"" que es tres veces más caro que lo que consigo en el mercado, pero la gente no siente una diferencia real en el sabor o la calidad, no lo voy a comprar.  Mis clientes cuidan el bolsillo.""* (Prioridad en el precio por encima de todo).
*   **Dificultad para Conseguir el Producto de Forma Constante:** *""Si me ofrecés algo espectacular pero después no me lo podés garantizar consistentemente, me hacés quedar mal con los clientes. Necesito proveedores confiables que me aseguren el suministro.""*  (Fiabilidad y previsibilidad son clave).

**En resumen, como dueño de restaurante argentino, mis principales preocupaciones que podrían hacer fracasar algo son:**

*   **El Costo y el Retorno de la Inversión:** ¿Puedo justificar el gasto?
*   **La Facilidad de Implementación y Uso:** ¿Es práctico para mi personal y para mí?
*   **El Conocimiento del Mercado Local:** ¿Entiende mis clientes y sus necesidades?
*   **La Confiabilidad y el Soporte:** ¿Puedo contar con la propuesta a largo plazo?

Por favor, dame más contexto sobre a qué ""esto"" te refieres para que pueda darte una crítica más específica y valiosa.
"
Agent_079,INTJ,NO,"¡Uff, 200 lucas! A ver, vamos a desmenuzar esto bien.

**R1: Reacción Instintiva (INTJ Activado)**

Mi primer pensamiento es: ¿otra solución mágica? Suena demasiado bueno para ser verdad. Un sistema que hace que el restaurante funcione solo en 30 días…mmm, muy marketinero. Me salta la alarma de ""riesgo"". Por otro lado, la promesa de recuperar libertad personal me tienta, porque el laburo me está matando y no veo a mis pibes. Pero el precio... es mucha guita y ahí está el miedo a que sea un chamuyo y la termine perdiendo.

**R2: Análisis Lógico (INTJ Profundizando)**

Ok, dejemos la emoción de lado y pensemos como un INTJ:

*   **Manual de Operaciones:** Interesante. Necesito algo concreto que poder implementar, y los check lists de apertura/cierre y la matriz de crisis son útiles, no voy a mentir.
*   **Consultoría In Situ:** Tres días me parecen pocos para entrenar al personal para que cambien los hábitos que hay. ¿Será suficiente para cambiar la mentalidad de la gente?
*   **Garantía de Implementación:** Este es el punto clave. El seguimiento diario por WhatsApp y la resolución de crisis suenan bien, pero ¿qué pasa si los empleados no se adaptan? ¿Si hay problemas con los proveedores? ¿Si la heladera se rompe? ¿Cubre todo eso o solo las cuestiones que tiene que ver con el sistema que Megan está implementando?

Si Megan realmente resuelve los problemas durante ese mes, el precio podría valer la pena... pero necesito más claridad sobre qué cubre exactamente esa ""garantía"".

**Veredicto (INTJ Decidiendo)**

No creo que sea una estafa, pero tampoco creo que sea la salvación mágica que promete. La garantía de 30 días reduce el riesgo, eso es cierto, pero no lo elimina del todo.

**Mi decisión:**

Aún no. Necesito más información antes de invertir 200 lucas:

1.  **Testimonios reales:** Quiero hablar con otros dueños de restaurantes que hayan usado el sistema de Megan y ver si realmente les funcionó.
2.  **Detalles de la garantía:** Necesito saber exactamente qué cubre la garantía de implementación. ¿Qué pasa si después de los 30 días el sistema falla? ¿Hay algún tipo de soporte continuo?
3.  **Adaptación a mi negocio:** Mi restaurante es particular. No es lo mismo que una franquicia. Necesito saber si el sistema de Megan se puede adaptar a mi realidad y a la idiosincrasia de mis empleados.
4.   **Financiamiento:** Ver si existe planes de financiación para pagar esos $200.000, en cuotas más bajas.

Si Megan me da respuestas satisfactorias a estas preguntas, podría considerarlo, pero por ahora prefiero ser cauteloso. El miedo a perder la plata es muy fuerte, y necesito estar seguro antes de arriesgarme.
","A ver, pibe, si me pedís que sea crítico, ahí va:

**Por qué tu idea puede fallar, desde los ojos de un dueño de restaurante argento, con mis quilombos a cuestas:**

1.  **La idealización del ""dueño de restaurante"":**
    *   **Diversidad irreal:** Pintás un abanico muy amplio, desde el bodegón de barrio hasta la franquicia cheta. Cada uno tiene problemas distintos, presupuestos distintos y mentalidades distintas. Lo que le preocupa al dueño de un café de especialidad en Palermo es un mundo diferente a lo que le quita el sueño al parrillero de Avellaneda.
    *   **Nivel socioeconómico irreal:** Decís que somos desde dueños de locales históricos hasta emprendedores de franquicias y nos metés a todos en la misma bolsa. ¡Imposible! El que maneja una parrilla familiar pudo haber heredado el local y tenerlo pago, mientras que el de la franquicia está hasta las manos con créditos. No todos tenemos el mismo colchón.
    *   **Generalización de la digitalización:** Suponés que todos los dueños de bares y restaurantes están en el mismo nivel de uso de la tecnología. Error garrafal. Hay gente que todavía anota los pedidos en un cuaderno y otros que manejan apps para todo.

2.  **Mi perfil específico como caso:**
    *   **Edad y experiencia limitadas:** Con 20 años, por más que te creas canchero, te falta calle. No tenés ni idea de lo que es pelearla día a día con los proveedores, los empleados y la AFIP. ¿Cómo vas a entender mis problemas si todavía estás pensando en el Counter Strike?
    *   **Nivel socioeconómico bajo:** Ok, conocés las dificultades de la economía argentina, pero ¿conocés la realidad de los que tenemos un negocio? No es lo mismo ser empleado que tener que pagar sueldos, alquileres, impuestos y comprar mercadería.
    *   **Ideología política:** Decís que votaste a Kicillof y sos de centro-progresista. Eso está bien, pero muchos dueños de restaurantes tienen otra visión. Si tu idea tiene un tinte político muy marcado, vas a alejar a muchos potenciales clientes.

3.  **El ""ADN de dolor"" mal enfocado:**
    *   **Miedo a no llegar a fin de mes:** Es cierto, esa es una preocupación constante. Pero no es el único dolor. También nos angustia la competencia desleal, los aumentos de precios inesperados, la falta de personal capacitado, la burocracia interminable y la inseguridad.
    *   **Pérdida del poder adquisitivo:** No es solo el sueldo, es la rentabilidad del negocio. Si no puedo aumentar los precios al mismo ritmo que la inflación, me fundo.

**En resumen, pibe:**

Para que tu idea funcione, tenés que dejar de lado las generalizaciones y empezar a entender las necesidades específicas de cada tipo de dueño de restaurante. Hablá con gente real, escuchá sus problemas y proponé soluciones concretas que les hagan la vida más fácil. Y sobre todo, recordá que a la hora de hacer negocios, la edad y la ideología política son secundarias. Lo que importa es que seas honesto, confiable y que tengas algo que ofrecer que valga la pena.

Y dejá de jugar al Counter un rato, que te hace falta leer el diario.
"
Agent_082,INTP,NO,"¡Uf, 200 lucas! Ahí va mi reacción, dividida en mis típicas rondas de pensamiento INTP:

**R1: Reacción Instintiva (Tripa)**

Mi primera reacción es de escepticismo, pero un escepticismo moderado. La idea de tener un manual y que alguien te capacite suena bien. El manual en PDF me da la sensación de que quizás puedo hacerlo yo mismo, buscando plantillas online y adaptándolas. Pero... ¿tendría el tiempo y la disciplina para hacerlo bien? No lo sé. La parte que más me llama la atención es la garantía de 30 días. Eso me da algo de tranquilidad, pero hay que ver qué tan ""diario"" es ese monitoreo y si realmente soluciona problemas concretos, o solo tira un par de tips. El precio sigue pareciendo alto, especialmente considerando que tengo que llegar a fin de mes apenas.

**R2: Análisis Lógico (Cabeza)**

Como INTP, necesito desmenuzar esto lógicamente.

*   **Lo Bueno:** El manual blindado es interesante. Checklists y protocolos estandarizados podrían realmente ayudar a mi equipo, especialmente en momentos de estrés. La consultoría en el local es valiosa porque Megan vería los problemas reales en el terreno. La garantía de 30 días es lo que más seduce. Tener a alguien que me guíe y corrija sobre la marcha minimizaría los errores iniciales.
*   **Lo Malo:** 200.000 pesos son una inversión grande. Tengo que asegurarme de que realmente me va a liberar tiempo. ¿Qué tan completo es el manual? ¿Megan entiende mi negocio particular o aplica una fórmula genérica? ¿Voy a tener que dedicarle mucho de mi tiempo a trabajar con ella durante esos 30 días, o podré realmente delegar?
*   **Preguntas Clave:** Detalle del contenido del manual. Casos de éxito de Megan con otros restaurantes similares al mío. Definición precisa del monitoreo diario: ¿qué implica? ¿Cuánto tiempo de mi parte requiere?

**Veredicto: Decisión Informada (Corazón e Intuición)**

Mi veredicto es... *depende*.

Si Megan puede responder mis preguntas satisfactoriamente, especialmente sobre el contenido del manual y el nivel de personalización del servicio, y si me demuestra que realmente puedo recuperar tiempo valioso (para poder salir un rato a jugar, no solo para seguir laburando), entonces podría considerar la inversión.

La garantía de 30 días disminuye el riesgo, *pero no lo elimina*. Sigo pensando que es plata importante. Si tuviera más seguridad en que el sistema es adaptable a mi realidad y que el acompañamiento es intensivo y resolutivo, estaría más dispuesto a arriesgarme.

Necesito más información y casos de éxito concretos que demuestren que la inversión realmente vale la pena. Por ahora, estoy en un ""quizás"". La idea de librarme del caos y delegar es *muy* atractiva, pero tengo que proteger mi bolsillo y mi tranquilidad. No puedo darme el lujo de equivocarme. Y al ser INTP, necesito lógica y evidencia, no promesas vacías.
","Si fueras a proponer una nueva solución o estrategia para restaurantes argentinos, aquí hay algunas razones por las que podría fallar, considerando el contexto que describiste:

**Financieras y Económicas:**

*   **Falta de capital inicial o financiamiento:** Muchos restaurantes, especialmente los pequeños y familiares, operan con márgenes ajustados. Una nueva solución que requiera una inversión significativa (ya sea en tecnología, marketing o infraestructura) podría ser inalcanzable. Dada tu preocupación por ""no llegar a fin de mes"", este punto es crucial.
*   **Volatilidad económica e inflación:** Argentina históricamente ha lidiado con alta inflación y fluctuaciones económicas. Una solución que no tenga en cuenta la necesidad de ajustar precios rápidamente o que dependa de la estabilidad del mercado podría fracasar.
*   **Costos ocultos:** Subestimar los costos de implementación y mantenimiento de una nueva solución es un error común. Estos costos pueden incluir capacitación del personal, actualizaciones de software, soporte técnico, comisiones por transacción, etc.
*   **Mala gestión del flujo de caja:** Si la solución no genera un retorno de la inversión (ROI) lo suficientemente rápido, podría agotar el flujo de caja del restaurante y ponerlo en riesgo.

**Operacionales y de Gestión:**

*   **Falta de adaptación a la cultura del restaurante:** Cada restaurante tiene su propia cultura, estilo de gestión y forma de operar. Una solución que no se adapte a estas particularidades podría ser rechazada por el personal y generar fricción.
*   **Resistencia al cambio:** Muchos dueños de restaurantes, especialmente los de mayor edad o con negocios tradicionales, pueden ser reacios a adoptar nuevas tecnologías o procesos. La capacitación inadecuada o la falta de comunicación clara sobre los beneficios de la solución pueden aumentar la resistencia.
*   **Complejidad innecesaria:** Una solución demasiado compleja o difícil de usar puede frustrar al personal y llevar a errores. La simplicidad y la facilidad de uso son clave para la adopción exitosa.
*   **Escalabilidad limitada:** Si la solución no puede escalar a medida que el restaurante crece, podría convertirse en un cuello de botella en el futuro.

**Marketing y Comercialización:**

*   **Falta de diferenciación:** El mercado de restaurantes es muy competitivo. Una nueva solución que no ofrezca una propuesta de valor única o que no se diferencie de la competencia podría pasar desapercibida.
*   **Marketing ineficaz:** Si la solución no se promociona adecuadamente a los dueños de restaurantes, es probable que no tenga éxito. Es importante utilizar los canales de marketing adecuados para llegar al público objetivo (por ejemplo, ferias gastronómicas, revistas especializadas, redes sociales, etc.).
*   **Mala reputación:** Si la solución tiene mala reputación o críticas negativas, será difícil convencer a los dueños de restaurantes de que la adopten.

**Tecnología y Digitalización:**

*   **Brecha digital:** No todos los dueños de restaurantes tienen el mismo nivel de conocimientos tecnológicos. Una solución que requiera un alto nivel de digitalización podría excluir a una parte importante del mercado.
*   **Problemas de conectividad:** En algunas zonas de Argentina, la conexión a Internet puede ser deficiente o poco confiable. Una solución que dependa de una conexión a Internet estable podría no funcionar correctamente.
*   **Seguridad de los datos:** Los dueños de restaurantes pueden ser reacios a compartir sus datos con una nueva solución si no confían en su seguridad. Es importante garantizar la protección de los datos y cumplir con las regulaciones de privacidad.
*   **Falta de integración:** Si la solución no se integra con los sistemas existentes del restaurante (por ejemplo, software de gestión, sistemas de pago, etc.), podría crear más trabajo y complejidad.

**Específicamente considerando tu historia:**

*   **Tu nivel socioeconómico:** Puede limitar tu acceso a recursos (mentores, inversores, contactos en la industria) necesarios para lanzar y hacer crecer una nueva solución.
*   **Tu ideología político-económica:** Dependiendo de la solución, puede que no resuene con dueños de restaurantes con visiones más conservadoras o liberales.
*   **Tu edad y experiencia:** Si bien tu juventud puede ser una ventaja en términos de conocimiento tecnológico, la falta de experiencia en la industria de restaurantes podría ser un obstáculo para ganarte la confianza de los dueños.

Para evitar estos fracasos, es fundamental realizar una investigación exhaustiva del mercado, comprender las necesidades y desafíos de los dueños de restaurantes argentinos, desarrollar una solución que sea fácil de usar, asequible y que genere un retorno de la inversión claro, y comunicar eficientemente su propuesta de valor. Además, la flexibilidad y la capacidad de adaptación son cruciales para navegar por el complejo entorno económico y cultural de Argentina.
"
Agent_026,INTP,NO,"¡Uy, interesante la evolución de la propuesta! A ver, vamos a analizar esto a fondo, como me gusta a mí.

**R1: Reacción Instintiva (Thinking - INTP)**

Mi primera reacción es de escepticismo cauteloso. El ""Manual de Operaciones Blindado"" suena bien, pero necesito ver el contenido real. Los check-lists y protocolos son fundamentales, pero la clave está en si son realmente prácticos y adaptados a mi restaurante. La ""Matriz de Manejo de Crisis"" es un buen agregado, pero ¿qué tan específica es? ¿Cubre las situaciones particulares que enfrentamos nosotros?

La consultoría de 3 días es un punto a favor, pero me preocupa la capacitación del personal. ¿Realmente captarán la esencia del sistema en tan poco tiempo? Normalmente, la gente necesita más tiempo y seguimiento para cambiar hábitos.

Ahora, la garantía de implementación es lo que realmente llama mi atención. ¡30 días de auditoría diaria y resolución de crisis en tiempo real es una propuesta audaz! Pero, acá es donde mi lado INTP se pone a funcionar: ¿es realmente sostenible? ¿Megan va a poder mantener ese nivel de atención personalizada durante un mes entero? ¿Qué pasa si durante esos 30 días surge un problema imprevisto que no está cubierto por su sistema?

El precio de $200.000 es considerable, especialmente considerando la incertidumbre económica que enfrentamos. Necesito estar 100% segura de que esta inversión va a generar un retorno real y significativo en términos de eficiencia y rentabilidad.

**R2: Análisis Racional (Analyzing - INTP)**

Ok, dejando de lado el escepticismo inicial, vamos a analizar los pros y los contras de esta propuesta con mayor detalle:

*   **Pros:**

    *   La garantía de implementación es la mayor ventaja. Reducir el riesgo y tener el apoyo diario de una experta durante el primer mes es un gran aliciente. Me da la tranquilidad de que no estoy invirtiendo a ciegas.
    *   El Manual de Operaciones Blindado, si es de calidad, puede ser una herramienta valiosa para estandarizar procesos y evitar el caos en la operación diaria.
    *   La capacitación del personal, aunque sea intensiva, puede sentar las bases para un cambio cultural en el restaurante.
*   **Contras:**

    *   $200.000 es una inversión significativa, especialmente en este contexto de inflación y crisis económica. Necesito evaluar si el retorno de la inversión justifica el gasto.
    *   La dependencia de Megan durante 30 días puede ser un arma de doble filo. ¿Qué pasa después de ese período? ¿Será mi equipo capaz de mantener el sistema sin su supervisión constante?
    *   Me preocupa la escalabilidad del sistema. ¿Funciona igual de bien para restaurantes grandes como para pequeños? Necesito asegurarme de que se adapta a mis necesidades específicas.
    *   El ""Sistema de Servicio: De Caos a Control"" es un nombre un poco genérico. Necesito entender mejor cuál es la metodología específica que Megan utiliza y si realmente se alinea con mi visión del restaurante.

Pensando en mi necesidad de recuperar mi libertad personal, la promesa de que el restaurante funcione solo al día 31 es muy atractiva. Sin embargo, necesito estar segura de que no es solo humo y espejos.

**Veredicto: Decisión Informada (Concluding - INTP)**

Después de analizar a fondo la propuesta, mi veredicto es: **REQUIERE INVESTIGACIÓN ADICIONAL**.

La garantía de implementación de 30 días realmente cambia mi percepción del riesgo y me hace considerar la propuesta con mayor seriedad. Sin embargo, no estoy dispuesta a invertir $200.000 sin antes tener más información y garantías.

Mi próximo paso sería contactar a Megan y solicitar:

*   **Referencias:** Necesito hablar con otros dueños de restaurantes que hayan implementado su sistema y obtener su opinión honesta sobre los resultados.
*   **Detalles del Manual de Operaciones Blindado:** Quiero ver ejemplos concretos de los check-lists, protocolos y la Matriz de Manejo de Crisis.
*   **Personalización:** Necesito saber cómo adaptará su sistema a las necesidades específicas de mi restaurante y a mi visión de negocio.
*   **Condiciones de la Garantía:** Quiero entender los términos y condiciones de la garantía de implementación, incluyendo qué pasa si no se cumplen los objetivos al día 31.

Si Megan está dispuesta a proporcionar esta información y me convence de que su sistema es realmente efectivo y adaptable a mi negocio, entonces estaría dispuesta a considerar la inversión.

En resumen, la propuesta es interesante y la garantía de implementación es un gran atractivo, pero necesito más información para tomar una decisión informada y minimizar el riesgo. Mi mente INTP necesita datos concretos y evidencia sólida antes de comprometerme. Y obviamente, si logro delegar y tener más tiempo para el fútbol 5 con amigos, ¡mejor todavía!
","Considerando mi perfil de Dueña de Restaurante en Argentina, con las características que me has dado, aquí te doy algunas razones por las que un nuevo negocio o estrategia en el sector gastronómico argentino podría fallar, siendo lo más crítico posible:

**Factores Macroeconómicos y Políticos:**

*   **Desconfianza en el Peso y la Inflación:** MI mayor miedo es la inflación. Si la estrategia no contempla una constante revisión de precios y márgenes, fluctuaciones del dólar, y la posibilidad de implementar ajustes rápidos y justificados, el negocio podría ser rápidamente erosionado. La dolarización de insumos y el miedo a la devaluación complican enormemente la planificación.
*   **Volatilidad Política y Regulatoria:** Cambios abruptos en políticas laborales, impositivas o sanitarias (algo común en Argentina) pueden generar incertidumbre y aumentar los costos operativos. Por ejemplo, nuevas regulaciones sobre horarios de atención, impuestos sobre el consumo, o restricciones a la importación de ciertos productos podrían afectar la viabilidad del negocio. Como votante de Milei, estas políticas me generan esperanza, pero debo ser cautelosa.
*   **Inseguridad:** La inseguridad en zonas urbanas podría disuadir a clientes potenciales de visitar el establecimiento, especialmente en horarios nocturnos. Esto requiere invertir en seguridad privada o medidas preventivas, lo que impacta en los costos.

**Factores Específicos del Negocio:**

*   **Falta de Diferenciación y Propuesta de Valor Clara:** El mercado gastronómico argentino es altamente competitivo. Si el restaurante no ofrece algo único o significativamente mejor que la competencia (ya sea en calidad de la comida, ambiente, servicio, precio, o una combinación de estos), tendrá dificultades para atraer y retener clientes.
*   **Mala Gestión Financiera:** Un error común es subestimar los costos operativos, especialmente los costos ocultos como el mantenimiento, las reparaciones, el marketing y los imprevistos. Sin una gestión financiera rigurosa, el negocio puede verse rápidamente ahogado por las deudas.
*   **Errores en la Selección de Personal:** La calidad del servicio es crucial en la experiencia del cliente. Si el personal no está bien capacitado, no es amable o no está motivado, la reputación del restaurante puede verse dañada rápidamente. La rotación de personal también es un problema, ya que implica costos de contratación y capacitación constantes. Además, las leyes laborales argentinas son estrictas y pueden generar costos adicionales si no se cumplen correctamente.
*   **Marketing Deficiente:** No basta con tener un buen producto o servicio, hay que saber comunicarlo y llegar al público objetivo. Si el restaurante no invierte en marketing efectivo (tanto online como offline) y no utiliza las redes sociales de manera estratégica, tendrá dificultades para darse a conocer y atraer clientes.
*   **No Adaptarse al Mercado Local:** Argentina tiene una cultura gastronómica muy arraigada. Si el restaurante no respeta las tradiciones culinarias locales o no se adapta a los gustos y preferencias de la clientela argentina, tendrá dificultades para ser aceptado. Por ejemplo, intentar imponer una cocina completamente extranjera sin adaptaciones o sin ofrecer opciones más tradicionales puede ser un error.
*   **Falta de Flexibilidad y Adaptación:** El mercado gastronómico está en constante evolución. Si el restaurante no se adapta a las nuevas tendencias, no innova o no responde a las demandas del cliente, puede quedar rápidamente obsoleto.
*   **Problemas con Proveedores:** Depender de un único proveedor para ingredientes clave puede ser riesgoso. Si el proveedor falla, el restaurante puede quedarse sin stock o verse obligado a comprar a precios más altos, lo que afecta la rentabilidad.
*   **Ignorar el Feedback del Cliente:** No prestar atención a las opiniones y sugerencias de los clientes es un error grave. El feedback del cliente es una valiosa fuente de información para mejorar el producto o servicio y fidelizar a la clientela.
*   **Ubicación:** Si la ubicación no es estratégica, con buen acceso y visibilidad, el restaurante puede tener dificultades para atraer clientes, incluso si ofrece un buen producto. Una calle poco transitada, sin estacionamiento cercano, o en una zona considerada insegura puede ser un factor determinante en el fracaso del negocio.

**Consideraciones Adicionales dadas mis características:**

*   **Brecha generacional:** Como dueña de 41 años, debo ser consciente de la brecha generacional con algunos de mis empleados y clientes. No puedo asumir que todos comparten mis mismos valores, expectativas o formas de comunicarme. Debo estar abierta a aprender de las nuevas generaciones y adaptar mi negocio a sus necesidades.
*   **Sesgos personales:**  Como persona CON conservadora/liberal en términos políticos, debo evitar que mis creencias personales influyan negativamente en el trato a mis empleados o clientes. Mi objetivo es crear un ambiente inclusivo y respetuoso para todos, independientemente de su orientación política, religiosa o ideológica.

En resumen, para que un restaurante tenga éxito en Argentina, necesita una propuesta de valor clara, una gestión financiera sólida, un equipo bien capacitado, una estrategia de marketing efectiva, la capacidad de adaptarse al mercado local, flexibilidad, y una atención constante al cliente. Ignorar cualquiera de estos factores puede llevar al fracaso del negocio.
"
Agent_034,ENFP,NO,"¡Uff, esto suena interesante! A primera vista, debo decir que la propuesta original de Megan no me convencía del todo. Pero esta evolución... esta evolución sí que me hace pensar. A ver, vamos por partes, como diría Jack el Destripador.

**R1: Reacción Intuitiva (ENFP en acción)**

Mi primera reacción es de optimismo cauteloso. El Manual de Operaciones Blindado me parece un buen punto de partida, aunque necesito verlo en detalle para juzgar su utilidad real. Pero la consultoría de 3 días... ¡eso me gusta! Tener a alguien en el local, metiendo mano y entrenando al personal, vale oro. Y la frutilla del postre es la Garantía de Implementación. ¡30 días de auditoría y resolución de crisis en tiempo real! Eso me da muchísima tranquilidad.

Mi instinto me dice que esto podría ser la solución que necesito para finalmente soltar el control y recuperar algo de mi vida personal. ¡Poder ir a jugar al pádel sin tener que estar con el teléfono pegado a la oreja! Solo por eso, ya vale la pena considerarlo seriamente.

**R2: Análisis Racional (Poniendo los pies en la tierra)**

Ok, ok, calma. No hay que dejarse llevar por el entusiasmo. Vamos a analizar los números y los riesgos. $200.000 ARS es una inversión considerable, especialmente en este contexto inflacionario que nos está matando. 

*   **Beneficios Potenciales:** Reducción del estrés, mayor eficiencia del personal, mejora de la calidad del servicio, posibilidad de delegar y recuperar tiempo libre.
*   **Riesgos:** Que el manual sea genérico y no se adapte a mi restaurante, que el personal no se adapte a los nuevos procesos, que la auditoría de Megan sea superficial y no detecte los problemas reales.

La clave aquí es la Garantía de Implementación. Si Megan realmente cumple con lo que promete, entonces el riesgo se reduce significativamente. Pero necesito asegurarme de que sea una garantía real, con objetivos medibles y consecuencias claras si no se cumplen. Por ejemplo, ¿qué pasa si al día 31 el restaurante sigue dependiendo de mí? ¿Hay algún tipo de reembolso o compensación?

**Veredicto (Decisión Final)**

Después de analizarlo cuidadosamente, creo que voy a darle una oportunidad a Megan. La Garantía de Implementación cambia por completo la ecuación. Me da la seguridad de que no estoy invirtiendo a ciegas, sino que tengo un respaldo en caso de que las cosas no salgan como se esperan.

Como ENFP, necesito sentir que estoy invirtiendo en algo que no solo va a mejorar mi negocio, sino que también va a mejorar mi calidad de vida. Y esta propuesta, con la garantía de recuperar mi libertad personal, me parece muy tentadora.

**Próximos Pasos:**

1.  **Investigar a fondo a Megan:** Buscar referencias de otros clientes, leer reseñas online, asegurarme de que tiene experiencia real en el rubro gastronómico.
2.  **Negociar los términos de la Garantía de Implementación:** Definir objetivos medibles, establecer consecuencias claras en caso de incumplimiento, asegurarme de que la auditoría sea exhaustiva y personalizada.
3.  **Preparar mi restaurante para el cambio:** Informar al personal sobre el nuevo sistema, explicar los beneficios y motivarlos a colaborar.

Si todo esto sale bien, ¡adiós estrés y hola pádel!
","Considerando tu perfil como dueño de restaurante argentino de 63 años, divorciado, católico, votante de Milei, educado en una universidad privada, de centro-derecha y con miedo a la inflación y la inseguridad económica, aquí hay algunas razones por las que una iniciativa, idea o planteamiento *podría* fallar:

**FALLAS RELACIONADAS A LA ECONOMÍA Y LA INFLACIÓN (TU PRINCIPAL DOLOR):**

* **Precios Descontrolados:** Cualquier estrategia que dependa de la estabilidad de precios o márgenes fijos podría fracasar estrepitosamente. Menús con precios estáticos por largos periodos, promociones a futuro sin ajustar por inflación, o inversiones basadas en proyecciones optimistas sin considerar la volatilidad del peso, son recetas para el desastre.  Ejemplo: ""Menú ejecutivo a $X durante todo el mes"". En un contexto inflacionario, ese ""todo el mes"" podría significar pérdidas significativas.
* **Dependencia Excesiva de Proveedores:**  Si tu sistema de aprovisionamiento depende de pocos proveedores, especialmente si están ligados a mercados volátiles (importación, commodities dolarizados), corres el riesgo de que los precios suban repentinamente o que incluso se interrumpa el suministro.  No diversificar proveedores o no tener planes B para ingredientes clave te dejará vulnerable.
* **Falta de Cobertura:**  No contar con instrumentos de cobertura (aunque sean básicos como acumular stock de algunos productos no perecederos o indexar precios cuando sea posible) te dejará expuesto a las fluctuaciones del mercado.
* **No Adaptarse al Consumidor:** Creer que el cliente seguirá consumiendo lo mismo, al mismo precio, sin importar la inflación. La gente va a buscar alternativas, recortar gastos, y comparar precios más que nunca. No ofrecer opciones más económicas, menús más chicos, o promociones segmentadas podría resultar en una pérdida de clientela.

**FALLAS RELACIONADAS A LA INSEGURIDAD:**

* **Falta de Inversión en Seguridad:** Escatimar en seguridad (cámaras, personal, alarmas) es un error. Un robo o un incidente de violencia pueden dañar seriamente la reputación del local y asustar a la clientela.
* **Horarios Extendidos Sin Seguridad:** Mantener el local abierto hasta altas horas de la noche sin reforzar la seguridad atrae problemas. Considerar el costo/beneficio de extender el horario en zonas inseguras.
* **Manejo Imprudente de Efectivo:** No implementar protocolos seguros para el manejo de efectivo (cajas fuertes, depósitos frecuentes, poco efectivo a la vista) te convierte en un blanco fácil.

**FALLAS RELACIONADAS A TU PERFIL (Edad, Nivel Socioeconómico, etc.):**

* **Resistencia al Cambio Digital:**  Si te resistes a adoptar nuevas tecnologías o estrategias de marketing digital (pedidos online, redes sociales, publicidad segmentada), perderás terreno frente a la competencia que sí lo hace. Creer que el ""boca a boca"" es suficiente en la era digital es un error costoso.
* **Desconexión con las Nuevas Generaciones:**  Ignorar las tendencias y preferencias de los clientes más jóvenes puede resultar en una pérdida de mercado. No entender sus hábitos de consumo, su lenguaje, o sus expectativas respecto a la experiencia en el restaurante te alejará de este importante segmento.
* **Delegación Insuficiente:**  Si intentas controlar todos los aspectos del negocio (desde la cocina hasta la administración) sin delegar responsabilidades a personal de confianza, te agotarás y probablemente tomarás decisiones equivocadas. ""Micromanagear"" puede sofocar la creatividad de tu equipo y limitar el crecimiento del restaurante.
* **Falta de Mentoring:**  No buscar el consejo o la guía de otros empresarios del sector, especialmente aquellos más jóvenes y con experiencia en nuevas tecnologías, te impedirá adaptarte y crecer. Creer que ""ya lo sabes todo"" es un error que puede llevar al fracaso.
* **Confiarte en tu Éxito Pasado:**  El hecho de haber tenido éxito en el pasado no garantiza el éxito futuro. El mercado cambia constantemente, y lo que funcionó ayer puede no funcionar hoy. No ser flexible y adaptable a las nuevas circunstancias te dejará atrás.

**FALLAS RELACIONADAS A TU FILIACIÓN POLÍTICA:**

* **Polarización del Negocio:**  Si manifiestas abiertamente tus opiniones políticas o tomas decisiones que puedan ser interpretadas como partidistas, corres el riesgo de alienar a clientes que no comparten tus ideas.  Es importante recordar que tu restaurante debe ser un espacio inclusivo para todos.
* **Ignorar las Consecuencias Sociales de tus Decisiones:**  Si implementas políticas que son percibidas como injustas o discriminatorias hacia ciertos grupos sociales, podrías enfrentar protestas, boicots, o daños a tu reputación.

**En resumen, tu experiencia y visión puede ser un activo valioso, pero la clave está en:**

* **Ser flexible y adaptable a los cambios económicos y sociales.**
* **Adoptar nuevas tecnologías sin perder de vista los valores tradicionales de la hospitalidad.**
* **Confiar en tu equipo y buscar el consejo de otros empresarios.**
* **Mantener una mente abierta a nuevas ideas y tendencias.**
* **Nunca subestimar el poder de la inflación y la inseguridad en el contexto argentino.**

Si no consideras estos factores, cualquier iniciativa, por buena que parezca en papel, podría fallar estrepitosamente.
"
Agent_028,INTJ,NO,"¡A ver, a ver, mostrame esto con detalle!

**R1: Reacción Instintiva (INTJ modo ""escéptico pragmático""):**

$200.000... no es moco de pavo. ""Sistema de Servicio: De Caos a Control"" suena bien, pero ya he visto gurúes con soluciones mágicas antes. El manual y los check-lists... quizás, pero mis empleados ya tienen sus costumbres. Los 3 días de consultoría intensiva son interesantes, pero ¿realmente van a cambiar la cultura del restaurante en tan poco tiempo? Lo de la garantía de implementación... eso sí llama mi atención. Pero, esperá un poco, ¿auditoría diaria vía WhatsApp? ¿En tiempo real? Eso suena a mucho micro-management, y yo justo estoy buscando lo contrario. Recuperar mi libertad es la prioridad número uno, no sumar otro dolor de cabeza.
**R2: Análisis Racional (INTJ modo ""estrategia y eficiencia""):**

Okay, volvamos a los hechos. Mi restaurante está... bien. Genera ingresos, pero me consume demasiado tiempo. Necesito un sistema que funcione sin mí, que mis empleados sigan los procesos sin necesidad de que yo esté encima. El manual, la consultoría, todo eso es útil, pero la verdadera clave está en la implementación.

La garantía de 30 días es un buen punto de partida. Si Megan realmente se compromete a auditar y resolver problemas en tiempo real, eso mitigaría mi riesgo. $200.000 es una inversión significativa, pero si logro delegar y recuperar tiempo para mí, como para irme a jugar al futbol 5 con mis amigos todos los martes, valdría la pena.

¿Qué tan bueno es el manual de operaciones? ¿Los check-lists son realmente aplicables a mi tipo de restaurante (parrilla tradicional con una clientela exigente)? ¿La ""Matriz de Manejo de Crisis"" realmente cubre todos los problemas que suelen surgir? Necesito más información antes de tomar una decisión.

**Veredicto (INTJ modo ""decisión estratégica"" + ADN de Dolor):**

La garantía de implementación de 30 días *sí* cambia mi percepción del riesgo, pero solo parcialmente. En este entorno inflacionario, $200.000 es una inversión importante, y no puedo darme el lujo de equivocarme.

Considero que vale la pena explorar más a fondo la propuesta de Megan, pero necesito ver *pruebas*. Necesito hablar con otros dueños de restaurantes que hayan trabajado con ella. Necesito ver un extracto del manual de operaciones para evaluar su calidad.

En resumen:

*   **Puntos a favor:** La garantía de implementación y la posibilidad de delegar tareas.
*   **Puntos en contra:** El alto costo, la incertidumbre sobre la calidad de los materiales y la posibilidad de que el micro-management de Megan me consume aún más tiempo al principio.

Mi decisión final es la siguiente: **Le daría una oportunidad a Megan si me ofrece referencias sólidas y me muestra un ejemplo del manual de operaciones.** Si veo que su sistema es realmente adaptable a mi restaurante y que otros dueños han tenido éxito con él, entonces consideraría seriamente la inversión. De lo contrario, prefiero quedarme con mi ""caos controlado"" y seguir buscando otras alternativas. No voy a arriesgarme a perder dinero y tiempo valioso solo por una promesa vacía.
","Bien, a ver, con mi experiencia en el rubro, te puedo decir por qué *esto* (sea lo que sea que estés proponiendo, porque no me lo especificaste) podría irse a pique acá en Argentina, especialmente considerando el panorama actual. 

Teniendo en cuenta mi perfil y lo que conozco del mercado, estos son algunos de los puntos críticos donde veo que las cosas se pueden desmoronar:

*   **La Inflación Furiosa:** Ya te digo, con una inflación descontrolada como la que tenemos, cualquier plan que no tenga en cuenta ajustes constantes de precios, márgenes y costos, está condenado al fracaso. Los números se te licúan de un día para el otro. Hay que ser muy vivo para manejar esto.

*   **Incertidumbre Económica General:** El país está en una montaña rusa. Hoy sube, mañana baja. ¿Cómo vas a invertir, contratar personal o planificar a largo plazo con este nivel de incertidumbre?  La gente está cuidando el mango y eso impacta directamente en el consumo en restaurantes.

*   **Costos Imposibles:** Alquileres, servicios, impuestos, materia prima, personal... todo aumenta sin parar.  Si no tenés un control de costos quirúrgico y una estrategia para optimizar cada gasto, estás frito. Y ni hablar de las cargas laborales, que son un peso enorme.

*   **Temas de Seguridad:** En muchas zonas, tanto CABA, GBA, y ni te digo en el interior, la inseguridad es un problema serio. Afecta tanto a tus clientes como a tus empleados, y puede espantar la clientela. Hay que invertir en seguridad, y eso suma costos.

*   **Aumento de la Competencia (y la informalidad):** Cada vez hay más oferta gastronómica, desde cadenas de comida rápida hasta emprendimientos informales que operan al margen de la ley y pueden ofrecer precios más bajos (aunque la calidad deje que desear).  Si no te diferenciás con algo de valor, te hundís en la mediocridad.

*   **Digitalización a medias:** Veo que mencionaste los niveles de digitalización.  Si crees que con tener una página de Instagram y un par de anuncios en Facebook ya estás ""digitalizado"", estás muy equivocado. La digitalización va mucho más allá: sistemas de gestión, control de stock, análisis de datos, marketing automation... y todo eso requiere inversión y conocimiento.

*   **El humor social:** La gente está cansada, frustrada, y con miedo al futuro. Eso se refleja en el ánimo y en el consumo. Si tu propuesta no conecta con ese estado de ánimo o no ofrece una experiencia que valga la pena, no vas a lograr fidelizar clientes.

En resumen:  Argentina es un mercado muy volátil y complejo. No hay fórmulas mágicas ni recetas infalibles. Requiere mucha cintura, adaptabilidad, y un conocimiento profundo del terreno.  Y, sobre todo, estar dispuesto a trabajar duro y a reinventarse constantemente.
"
Agent_058,ENFP,NO,"¡Uy, esto suena bastante mejor! A ver, desmenucemos esto con mis tres rondas de pensamiento:

**Ronda 1: Reacción Intuitiva (ENFP)**

*   ¡Uf, qué alivio! La garantía de implementación por 30 días me da mucha más tranquilidad. Antes, con solo el manual y la consultoría inicial, sentía que la inversión era como tirar una moneda al aire. Ahora, con el seguimiento diario de Megan vía WhatsApp y la resolución de crisis en tiempo real, me da la sensación de que hay un respaldo real.
*   Me encanta la idea de que al día 31 el restaurante funcione solo. ¡Eso es exactamente lo que necesito! Poder delegar y saber que las cosas están en buenas manos es crucial.
*   El precio... $200.000... sigue siendo una inversión importante, pero si realmente funciona, vale cada centavo. Mi tiempo y mi salud valen mucho más que eso.

**Ronda 2: Análisis Racional (Considerando el Contexto)**

*   **Mitigación del riesgo:** La garantía de 30 días sí mitiga considerablemente el riesgo. Siempre tengo el miedo de que los empleados no implementen correctamente los cambios, o que surjan problemas inesperados que yo no sepa cómo resolver. El acompañamiento de Megan en tiempo real me da la seguridad de que las cosas se harán bien.
*   **Retorno de la inversión:** Si logro que el restaurante funcione de manera autónoma, puedo dedicarme a otras cosas, como buscar nuevas oportunidades de crecimiento, mejorar la rentabilidad o, simplemente, ¡descansar un poco! El ROI de esta inversión podría ser muy alto a mediano plazo.
*   **Comparación con alternativas:** Podría intentar implementar un sistema similar por mi cuenta, pero me tomaría muchísimo tiempo y energía. Además, no tengo la experiencia de Megan en este tipo de implementaciones. Contratar a un consultor tradicional también podría ser una opción, pero probablemente no me ofrecería el mismo nivel de acompañamiento y garantía.
*   **Consideración de la inflación:** Teniendo en cuenta la inflación que tenemos en Argentina, $200.000 hoy podrían ser mucho menos en un mes. Es una inversión que, si realmente funciona, podría protegerme de la pérdida de valor del dinero.

**Veredicto Final (Decisión)**

¡Creo que sí! La garantía de acompañamiento de 30 días cambia mi percepción del riesgo de manera significativa. Siento que ahora la inversión de $200.000 está mucho más ""asegurada"".

Considerando mi perfil ENFP, mi necesidad de recuperar la libertad personal, mi miedo a la inflación y la inseguridad económica, y mi ADN de dolor, creo que esta es una inversión que vale la pena hacer.

**Justificación final:**

*   **Libertad personal:** Poder delegar y saber que el restaurante funciona sin mi constante supervisión me daría la libertad de dedicarme a otras cosas importantes para mí y mi familia (¡como esos asados familiares!).
*   **Miedo a la inflación:** La inversión podría ayudarme a proteger el valor del dinero a largo plazo, si logro mejorar la rentabilidad del restaurante.
*   **Inseguridad económica:** Implementar un sistema que me permita gestionar mejor el negocio y hacerlo más eficiente me daría mayor seguridad económica a futuro.
*   **Mi lado evangélico:** Me permitiría dedicar más tiempo a mi familia y a mi comunidad, lo cual es muy importante para mí.

Voy a pedir más información sobre el programa y hablar con Megan para aclarar algunas dudas, pero en principio, ¡estoy muy interesada!
","Bien, desde mi perspectiva, hay varios puntos que podrían hacer que una iniciativa o estrategia dirigida a dueños de restaurantes, bares y cafeterías en Argentina fracase. Aquí te presento un análisis crítico considerando el contexto que me diste:

**1. Ignorar la Heterogeneidad Extrema del Mercado:**

*   **Error:** Tratar a todos los negocios como iguales. Asumir que las necesidades de un café de especialidad en Palermo son las mismas que las de una parrilla familiar en el interior de Córdoba es un error fatal.
*   **Por qué falla:** Las estrategias de marketing, los modelos de precios, las herramientas de gestión y las soluciones tecnológicas deben estar extremadamente segmentadas. Un enfoque genérico no resonará con ninguno de los grupos.
*   **Ejemplo:** Ofrecer un sistema de gestión de inventario complejo y costoso a un pequeño bar familiar que lleva el control en una libreta.

**2. Subestimar el Impacto de la Inestabilidad Económica:**

*   **Error:** No considerar la inflación, la fluctuación del dólar, los impuestos y las regulaciones laborales como factores centrales en la toma de decisiones.
*   **Por qué falla:** Los dueños de restaurantes en Argentina viven con un estrés constante debido a la economía. Cualquier propuesta que no demuestre un entendimiento profundo de estos desafíos y ofrezca soluciones concretas para mitigarlos será ignorada.
*   **Ejemplo:** Proponer una inversión a largo plazo en equipamiento importado sin ofrecer opciones de financiación en pesos a tasa fija.

**3. Desconocer la Cultura y Tradiciones Locales:**

*   **Error:** Intentar imponer modelos de negocio o estrategias de marketing que no se adapten a la cultura gastronómica argentina.
*   **Por qué falla:** La comida es una parte fundamental de la identidad argentina. Los clientes valoran la autenticidad, la tradición y la calidad de los ingredientes.
*   **Ejemplo:** Ofrecer un menú con platos sofisticados y exóticos que no tengan conexión con la cocina tradicional argentina.

**4. Fallar en la Comunicación y el Lenguaje:**

*   **Error:** Utilizar un lenguaje demasiado técnico, formal o ajeno a la jerga utilizada por los dueños de restaurantes.
*   **Por qué falla:** La comunicación debe ser clara, concisa y directa. Es fundamental hablar el mismo idioma que los dueños de negocios para generar confianza y credibilidad.
*   **Ejemplo:** En lugar de hablar de ""optimización de la cadena de suministro"", hablar de ""cómo bajar los costos de los proveedores"".

**5. No Abordar el Miedo a la Digitalización:**

*   **Error:** Asumir que todos los dueños de restaurantes están familiarizados con la tecnología y dispuestos a adoptarla.
*   **Por qué falla:** Muchos dueños de negocios, especialmente los de mayor edad, pueden ser reacios a la digitalización por miedo, falta de conocimiento o falta de tiempo.
*   **Ejemplo:** Ofrecer una plataforma de reservas online sin brindar capacitación y soporte técnico personalizado.

**6. Ignorar la Importancia del ""Boca a Boca"":**

*   **Error:** Subestimar el poder de las recomendaciones personales y las relaciones interpersonales en el sector gastronómico.
*   **Por qué falla:** La reputación es fundamental en este negocio. Las referencias de otros dueños de restaurantes, proveedores y clientes tienen un peso enorme.
*   **Ejemplo:** No invertir en construir una red de contactos sólida y en generar testimonios positivos.

**7. Desconectar de la Realidad Política y Social:**

*   **Error:** Ignorar el contexto político y social en el que operan los restaurantes.
*   **Por qué falla:** Las políticas gubernamentales, las protestas sociales y los eventos culturales pueden tener un impacto significativo en el negocio.
*   **Ejemplo:** Lanzar una campaña publicitaria ostentosa en un momento de crisis económica.

**En resumen, cualquier iniciativa dirigida a este mercado debe ser:**

*   **Altamente segmentada:** Adaptada a las necesidades específicas de cada tipo de negocio.
*   **Sensible a la economía:** Ofrecer soluciones para mitigar el impacto de la inflación y la inestabilidad.
*   **Culturalmente relevante:** Respetuosa de la tradición gastronómica argentina.
*   **Comunicativamente efectiva:** Utilizando un lenguaje claro y conciso.
*   **Fácilmente accesible:** Superando las barreras de la digitalización.
*   **Socialmente consciente:** Construyendo relaciones sólidas y generando confianza.
*   **Políticamente informada:** Adaptándose al contexto político y social.

Como dueña de restaurante, te digo que si algo falla en alguno de estos puntos, la iniciativa está destinada al fracaso. La clave está en la **empatía**, la **adaptabilidad** y la **comprensión profunda** del mercado gastronómico argentino.
"
Agent_014,ENFJ,NO,"¡Uf, esto suena bastante mejor que la propuesta original! A ver, vamos a analizarlo en profundidad.

**R1: Reacción Instintiva (ENFJ)**

Mi primera reacción es de alivio y optimismo. La garantía de implementación de 30 días cambia radicalmente mi percepción del riesgo. Antes, me preocupaba invertir en un sistema y que después mi equipo no lo implementara correctamente. Ahora, con Megan ahí acompañándonos, siento que la inversión está mucho más protegida. ¡La idea de un restaurante funcionando solo al día 31 suena gloriosa! Por fin podría delegar de verdad y tener más tiempo para mí. Los check-lists, protocolos y la matriz de crisis son exactamente lo que necesito para estandarizar el servicio y evitar dolores de cabeza constantes.

**R2: Análisis Racional (Conservador/Liberal + Aversión al Riesgo)**

Ok, respiremos hondo. $200.000 es una inversión importante, sobre todo con la inflación rampante que tenemos. Pero, si lo pienso fríamente, el costo de mi tiempo y estrés es mucho mayor. Contratar un consultor normalmente implica que venga, dé unas charlas y desaparezca, dejando que nosotros nos arreglemos. Esta propuesta es diferente porque Megan se involucra activamente en la implementación y ofrece soporte continuo.

*   **Riesgos:**
    *   ¿Podrá Megan realmente solucionar todos los problemas en esos 30 días?
    *   ¿Mi personal se mostrará receptivo a un sistema tan estructurado?
    *   ¿Mantendremos el estándar después de que Megan se vaya?
*   **Beneficios:**
    *   Estandarización del servicio y mejora en la experiencia del cliente.
    *   Reducción de mi carga de trabajo y estrés.
    *   Mayor control sobre el manejo de crisis.
    *   Posibilidad de delegar y enfocarme en la estrategia del negocio.

La matriz de crisis es vital, considerando la inseguridad económica y la volatilidad de precios. Tener un protocolo de respuesta para diferentes escenarios (aumento de costos, faltante de mercadería, etc.) me daría mucha tranquilidad.

**Veredicto: Inclinado al Sí, con Precauciones**

Considerando mi perfil ENFJ, mi necesidad de libertad personal y mi miedo a la inestabilidad económica, creo que esta propuesta tiene mucho potencial. La garantía de implementación reduce significativamente el riesgo percibido. Sin embargo, necesito investigar un poco más:

1.  **Referencias:** Pedir a Megan testimonios de otros restaurantes que hayan implementado su sistema.
2.  **Entender el ""día a día"" de la auditoría:** Averiguar cómo se maneja la comunicación vía WhatsApp y qué tipo de problemas resuelve Megan en tiempo real.
3.  **Adaptabilidad:** Asegurarme de que el sistema se pueda adaptar a las particularidades de mi restaurante y a la idiosincrasia de mi equipo.
4.  **Plan a largo plazo:** ¿Qué pasa después de los 30 días? ¿Ofrece Megan un servicio de seguimiento o coaching para asegurar la sostenibilidad del sistema?

Si Megan puede responder a estas preguntas de forma satisfactoria, entonces consideraría seriamente invertir en su sistema. Recuperar mi tiempo y reducir el estrés vale mucho, especialmente en este contexto económico tan incierto. Podría hablar con mi familia durante el asado del domingo sobre esto, a ver qué opinan. ¡La opinión familiar es clave!
","Para un dueño de restaurante argentino de tu perfil (34 años, ENFJ, NSE alto, educación universitaria pública prestigiosa, votante de Massa, conservador/liberal, miedo a la inflación e inseguridad económica, y amante del asado familiar), una iniciativa o estrategia podría fallar por varias razones, considerando el contexto hiperinflacionario y la idiosincrasia del sector gastronómico argentino:

**Factores Macroeconómicos y Políticos:**

*   **No adaptarse a la volatilidad:** El principal Talón de Aquiles es la inflación. Las estrategias que no contemplan la posibilidad de ajustes de precios constantes, renegociación de alquileres, y costos variables impredecibles, están destinadas al fracaso. Esto incluye desde menús con precios fijos a largo plazo, hasta planes de inversión que no consideran la devaluación.
*   **Ignorar la regulación y el intervencionismo:** El gobierno argentino históricamente ha intervenido en la economía. Ignorar posibles controles de precios, restricciones a la importación de insumos, o cambios en la legislación laboral, puede ser desastroso. Asumir que un modelo de negocio exitoso en otro país funcionará igual en Argentina sin adaptaciones es un error común.
*   **Depender excesivamente del crédito:** En un entorno de alta inflación y tasas de interés elevadas, depender demasiado del crédito bancario para financiamiento es arriesgado. El servicio de la deuda puede volverse insostenible rápidamente.
*   **Creer que el ""voto Massa"" garantiza estabilidad:** Suponer que el apoyo político a un gobierno en particular inmuniza al negocio de las fluctuaciones económicas o cambios regulatorios es ingenuo. La política argentina es volátil, y las prioridades del gobierno pueden cambiar.

**Factores Microeconómicos y de Gestión:**

*   **Obsesionarse con la ""internacionalización"" a ciegas:** Intentar replicar modelos de negocio extranjeros sin adaptarlos a la cultura y gustos locales. Por ejemplo, un bar de tapas español puede no funcionar en una parrilla tradicional de barrio sin una argentinización del concepto.
*   **No entender el mercado local:** Asumir que todos los argentinos tienen el mismo poder adquisitivo o gustos culinarios. Un restaurante de alta cocina puede fracasar en una zona obrera, así como una parrilla tradicional puede no tener éxito en un barrio de alta gama si no se adapta.
*   **Marketing desconectado del público:** Campañas de marketing que no resuenan con los valores y preocupaciones del argentino promedio. Por ejemplo, promover un estilo de vida ostentoso puede generar rechazo en un contexto de crisis económica.
*   **Desatender la calidad y el servicio:** En un mercado competitivo como el gastronómico, descuidar la calidad de los ingredientes o la atención al cliente es un error fatal. El boca a boca (tanto positivo como negativo) es fundamental en Argentina.
*   **Subestimar la informalidad:** Ignorar la competencia desleal de negocios informales (food trucks sin habilitación, cocineros a domicilio sin registrar, etc.) que operan sin pagar impuestos ni cumplir con las regulaciones. Pensar que sólo compites con restaurantes ""legales"".
*   **No invertir en digitalización:** A pesar de tu perfil ""digital"", el sector gastronómico en Argentina (sobre todo los negocios más tradicionales) suele ser lento en adoptar nuevas tecnologías. No digitalizar procesos de gestión, reservas, delivery, y marketing digital te dejará atrás.
*   **Falta de control de costos:** No llevar un control exhaustivo de los costos (alimentos, personal, alquiler, servicios públicos, etc.) puede llevar a pérdidas sin darse cuenta. La inflación erosiona rápidamente los márgenes de ganancia.
*   **Burnout del dueño:** El rubro gastronómico es demandante. No delegar tareas, no tomarse descansos, y no cuidar la salud mental puede llevar al agotamiento y a tomar malas decisiones.

**Tu Sesgo Personal (ENFJ):**

*   **Idealismo excesivo:** Tu personalidad ENFJ te hace ser optimista y buscar el bien común. Esto puede llevarte a tomar decisiones poco realistas, como invertir en proyectos con alto impacto social pero baja rentabilidad.
*   **Dificultad para tomar decisiones difíciles:** Despedir personal, subir precios, o reducir la calidad de los ingredientes son decisiones duras, pero a veces necesarias. Tu naturaleza empática puede dificultarte tomar estas decisiones a tiempo.
*   **Sobreinvirtiendo en relaciones:** Confiar demasiado en proveedores o socios sin un contrato sólido, o priorizar las relaciones personales por encima de los intereses del negocio. La amistad no es un buen consejero en los negocios.
*   **Evitar el conflicto:** Permitir que problemas pequeños se acumulen por evitar confrontaciones directas con empleados, clientes o proveedores. Un problema no abordado a tiempo se convierte en una crisis.

**En resumen:** Tu éxito dependerá de tu capacidad para adaptarte a la inestabilidad económica, entender el mercado local, gestionar los costos de manera eficiente, y equilibrar tu idealismo con un pragmatismo necesario para sobrevivir en el competitivo y desafiante mundo de la gastronomía argentina. No subestimes el poder de la informalidad y la necesidad de una digitalización estratégica. Y, sobre todo, no te olvides de que el asado familiar es una buena forma de recargar energías y mantener los pies en la tierra frente a tanta incertidumbre.
"
Agent_045,ENTJ,NO,"¡Uf, esto suena mucho mejor! A ver, vamos por partes, analizando esto con cabeza fría.

**R1: Reacción Intuitiva (ENTJ Total)**

Mi primera reacción es de alivio y cautela. La garantía de implementación cambia radicalmente la ecuación. Antes, la propuesta me parecía un gasto más que una inversión. Ahora, con el acompañamiento y la auditoría constante, siento que hay un respaldo real. La idea de tener a alguien monitoreando el proceso y corrigiendo errores en tiempo real me da mucha más confianza. ¡Ojo!, no me gusta que me digan qué hacer, pero reconozco que necesito ayuda para sistematizar el negocio y recuperar mi tiempo. El precio me sigue pareciendo elevado, pero si realmente logra que el restaurante funcione solo en un mes, podría ser una inversión valiosa. Sin embargo… siempre hay un “sin embargo”.

**R2: Reflexión Lógica (ENTJ Analítico)**

Ok, profundicemos. El ""Manual de Operaciones Blindado"" suena bien, pero necesito ver el contenido. ¿Los check-lists son realmente prácticos? ¿Los protocolos de atención están adaptados a la idiosincrasia argentina? La ""Matriz de Manejo de Crisis"" es crucial, pero ¿cubre situaciones reales que enfrentamos a diario? Los 3 días intensivos de capacitación son importantes, pero ¿serán suficientes para cambiar hábitos arraigados en el personal? Aquí es donde empiezo a dudar.

La garantía de 30 días es el punto fuerte. La auditoría diaria vía WhatsApp y la resolución de crisis en tiempo real me dan la tranquilidad que necesito. Pero 30 días pasan volando. ¿Qué pasa después? ¿Volvemos al punto de partida? ¿Se genera una dependencia de Megan? Necesito entender mejor el plan a largo plazo.

Además, 200.000 pesos no es poca cosa. Podría invertir ese dinero en publicidad, mejoras en la cocina, o incluso contratar a un nuevo empleado. Tengo que evaluar si este sistema realmente me va a generar un retorno de la inversión tangible. No se trata solo de recuperar mi tiempo libre, sino también de aumentar la rentabilidad del restaurante.

**Veredicto (ENTJ Estratégico)**

Considerando mi perfil ENTJ y mi necesidad de recuperar la libertad personal, diría que estoy **cautelosamente interesado**. La garantía de implementación es un factor decisivo que reduce significativamente el riesgo percibido. Sin embargo, antes de tomar una decisión final, **necesito más información**.

**Mis preguntas clave son:**

*   **Detalle específico del contenido del Manual de Operaciones Blindado:** Quiero ver ejemplos concretos de los check-lists, protocolos y la matriz de crisis.
*   **Casos de éxito:** ¿Puede mostrarme ejemplos de restaurantes similares al mío que hayan implementado su sistema con éxito?
*   **Plan a largo plazo:** ¿Qué sucede después de los 30 días? ¿Ofrece algún tipo de seguimiento o soporte continuo?
*   **Garantía de resultados:** ¿Qué pasa si el restaurante no funciona solo al día 31? ¿Hay algún tipo de reembolso o garantía adicional?

Si Megan puede responderme estas preguntas de manera satisfactoria y convencerme de que su sistema es una inversión inteligente, entonces estaría dispuesto a darle una oportunidad. De lo contrario, seguiré buscando otras opciones que se adapten mejor a mis necesidades y expectativas.

En resumen: La garantía es un gran avance, pero necesito más detalles antes de decidirme. Como buen ENTJ, necesito datos concretos y un plan estratégico sólido para tomar una decisión informada. Y sobre todo, necesito estar seguro de que esta inversión me dará la libertad de dedicarme a lo que realmente me apasiona: ¡disfrutar de un buen asado con mis amigos después del fútbol!
","Bien, analicemos por qué este restaurante podría fallar, siendo lo más crítico posible:

**Considerando el Perfil del Dueño:**

*   **Dueño de 54 años, solo, sin hijos:**  Podría ser que le falte la motivación y el empuje a largo plazo que a veces tienen los dueños con familias que mantener.  El ""ya viví mi vida"" puede llevar a decisiones conservadoras y falta de riesgo, especialmente en un mercado tan dinámico como el gastronómico.
*   **ENTJ:** Si bien los ENTJ son líderes natos y estrategas, pueden ser *demasiado* dominantes e inflexibles. Esto podría llevar a problemas con el personal y a no escuchar feedback valioso de clientes y empleados.  La arrogancia es un riesgo.
*   **Nivel Socioeconómico Medio-Alto, Universidad Pública de Prestigio:** Podría estar desconectado de la realidad de los precios y costos actuales en Argentina, especialmente si no está activamente involucrado en la gestión diaria. La experiencia académica no siempre se traduce en comprensión del terreno.
*   **Católico Progresista, Votó a Massa:**  Aunque esto no es directamente un factor de fracaso, la polarización política en Argentina podría afectar la imagen del restaurante si el dueño expresa abiertamente sus opiniones políticas.  Hay gente susceptible a boicotear negocios por ideología.
*   **Miedo a la inflación abrupta y la inseguridad económica:** Este es un dolor real. Si el dueño se paraliza por este miedo, puede tomar decisiones erróneas, como no invertir en mejoras, no ajustar los precios adecuadamente o no buscar financiamiento cuando es necesario.

**Factores Generales del Rubro:**

*   **Competencia feroz:** El mercado gastronómico argentino, especialmente en CABA, GBA y las principales ciudades, está saturado.  La diferenciación es clave, y un restaurante más del montón está destinado al fracaso.
*   **Inflación y costos:** Los costos de los alimentos, el alquiler, los servicios públicos y la mano de obra están en constante aumento.  Una mala gestión financiera o la incapacidad de adaptarse a la inflación pueden hundir el negocio.
*   **Dificultades laborales:**  Encontrar y retener personal calificado puede ser un desafío.  Los empleados descontentos o poco capacitados afectan la calidad del servicio y la experiencia del cliente.
*   **Cambios en los hábitos de consumo:**  Los clientes son cada vez más exigentes y buscan experiencias únicas. Un restaurante que no se adapta a las nuevas tendencias (delivery, opciones vegetarianas/veganas, sustentabilidad, etc.) pierde mercado.
*   **Marketing y publicidad:**  En la era digital, es imprescindible tener una presencia online sólida y una estrategia de marketing efectiva. Un restaurante sin visibilidad en redes sociales y plataformas de delivery está en desventaja.
*   **Inseguridad:** El aumento de la inseguridad puede ahuyentar a los clientes, especialmente por la noche.
*   **Regulaciones y burocracia:** Los trámites y regulaciones pueden ser engorrosos y costosos, especialmente para los pequeños negocios.

**Posibles Escenarios de Fracaso:**

*   **No adaptarse a la inflación:** Subir los precios muy lento o muy rápido. No saber negociar con proveedores.
*   **Mala gestión del personal:**  Salarios bajos, falta de capacitación, ambiente laboral tóxico.
*   **Falta de inversión:** No renovar el local, no invertir en equipamiento, no actualizar el menú.
*   **Marketing ineficaz:**  No tener presencia online, no promocionar el restaurante adecuadamente.
*   **Mala ubicación:**  Elegir un local poco visible o con poca afluencia de público.
*   **Descuido de la calidad:**  Bajar la calidad de los ingredientes para ahorrar costos.
*   **Negligencia en la atención al cliente:**  Clientes insatisfechos que no vuelven y dejan malas reseñas.
*   **Problemas legales:**  Infracciones sanitarias, problemas con habilitaciones, conflictos laborales.
*   **Crisis económica general:**  Una recesión económica severa puede afectar el consumo y obligar a muchos restaurantes a cerrar.

En resumen, conociendo el contexto argentino actual, incluso con un dueño con estudios y cierto nivel socioeconómico, hay *muchísimas* cosas que pueden salir mal. El éxito en la gastronomía requiere una combinación de pasión, experiencia, gestión financiera, adaptabilidad y, sobre todo, mucha perseverancia. No es un negocio fácil, en especial en Argentina.
"
Agent_017,ESFP,NO,"¡Uy, 200 lucas! A ver, a ver...

**R1 (Reacción Instintiva - ESFP):**

¡Uf, menos mal que incluye algo más que un PDF! La parte de los 3 días en el local suena interesante, verla laburar ahí y entrenar a la gente es clave. La garantía de 30 días me da un poco más de confianza, la verdad. ¡Que esté ahí controlando por WhatsApp me da cierta seguridad! Pero... ¡200 lucas!  Todavía me duele el bolsillo solo de pensarlo.

**R2 (Análisis Racional - Considerando el Contexto):**

A ver, pensemos bien. Mi mayor miedo es no llegar a fin de mes y la verdad es que estoy laburando como un burro para que el negocio no se caiga. Si esto realmente pudiera liberar tiempo y que el negocio funcione mejor sin que yo esté todo el tiempo encima, quizás, solo quizás, valga la pena la inversión. Perder el poder adquisitivo del sueldo es una realidad.
*   **El manual:** Me sirve, porque tengo todo desorganizado.
*   **Los 3 días:** Es buena la consultoría, pero si después no lo aplican no sirve de nada.
*   **La garantía de 30 días:** Esto es lo que más me llama la atención. Que alguien te acompañe y te corrija en el momento durante un mes suena bien..

Pero aun así tengo mis dudas. ¿Realmente funcionará? ¿Mi gente va a poner de su parte o van a seguir haciendo lo que quieren? ¿Y si al final gasto 200 lucas y no veo resultados reales?

**Veredicto Final (Decisión Basada en Valores y Necesidades - Incorporando Aspectos Emocionales y Contextuales):**

¡No! Todavía no estoy convencida. Si bien la garantía de 30 días me da más confianza, sigo sintiendo que es mucha plata para arriesgar.  200 lucas es una inversión importante y si no funciona, me voy a sentir peor.

Lo que podría llegar a convencerme es hablar con otros dueños de restaurantes que hayan trabajado con Megan y ver si realmente les funcionó. Necesito escuchar experiencias reales, ver resultados tangibles antes de invertir eso. La idea de tener tiempo libre y que el negocio funcione mejor suena genial, pero necesito más certezas antes de dar el paso.
","Para un dueño de restaurante, bar o cafetería en Argentina, incluyendo a alguien como vos (41 años, mujer, ESFP, NSE bajo, casada con hijos, evangélica, votante de Milei, secundario completo, apolítica, con miedo a no llegar a fin de mes y disfrute del asado familiar), una estrategia o iniciativa para su negocio podría fallar, o no serle atractiva, por varias razones. Aquí te presento algunas áreas clave de crítica:

**1. Falta de Relevancia con su Realidad Socioeconómica y Prioridades:**

*   **Costos Inaccesibles:** Programas de marketing digital caros, equipamiento de última generación sin opciones de financiación accesibles, o consultorías especializadas con honorarios elevados serían instantáneamente descartados. Necesita soluciones prácticas, asequibles y con ROI rápido.
*   **Enfoque en lo Aspiracional vs. lo Necesario:** Estrategias que prioricen la imagen y el ""glamour"" (ej: branding sofisticado, platos gourmet complejos) en lugar de la eficiencia operativa, la reducción de costos, y la satisfacción del cliente promedio serían irrelevantes. Su prioridad es la supervivencia y el crecimiento gradual, no el lujo.
*   **Ignorar la Inflación y la Incertidumbre Económica:** Cualquier plan que no tenga en cuenta la volatilidad de la economía argentina, los constantes aumentos de precios, y la dificultad para predecir ingresos y egresos, está destinado al fracaso. Necesita soluciones flexibles y adaptables.
*   **Desconexión con sus Valores:** Promociones que choquen con sus valores religiosos o familiares (ej: eventos nocturnos centrados en el alcohol, publicidad sexualmente sugerente) serían rechazadas.

**2. Desconocimiento de las Dinámicas del Mercado Argentino y Local:**

*   **Adaptación Deficiente de Tendencias Globales:** Copiar modelos de negocio exitosos en otros países sin adaptarlos a los gustos, costumbres, y limitaciones del público argentino (ej: platos veganos caros en una parrilla tradicional) sería un error.
*   **Ignorar las Competencias Específicas de la Zona:** No tener en cuenta la oferta gastronómica existente en su barrio o ciudad, los precios promedio, y las preferencias de los clientes locales la dejaría en desventaja.
*   **Falta de Empatía con el Cliente Argentino:** El cliente argentino valora la atención personalizada, la relación cercana, y la honestidad en la propuesta. Estrategias impersonales o demasiado ""corporativas"" podrían alejarlo.
*   **Subestimar el Poder del ""Boca a Boca"":** En Argentina, la recomendación personal sigue siendo crucial. Un servicio deficiente, un error en la cuenta, o una mala atención pueden generar un daño irreparable.

**3. Falta de Consideración de su Nivel de Digitalización y Tiempo Disponible:**

*   **Sobrecarga de Información y Opciones:** Presentarle una avalancha de herramientas digitales, plataformas de gestión, y cursos online sin una guía clara y personalizada la abrumaría y la haría desistir.
*   **Dependencia Excesiva de la Tecnología:** Estrategias que requieran un alto nivel de conocimiento técnico o una inversión significativa en hardware y software (ej: sistemas complejos de reservas online, análisis de datos sofisticados) serían imprácticas.
*   **Desconocimiento de sus Habilidades y Prioridades:** Asumir que tiene tiempo y recursos para dedicarse al marketing digital, la gestión de redes sociales, o el análisis de datos sería un error. Su tiempo es valioso y lo necesita para la operación del negocio.
*   **Falta de Capacitación y Soporte Adecuados:** Ofrecer herramientas digitales sin brindar capacitación personalizada y soporte técnico en español la dejaría frustrada y sin poder aprovecharlas al máximo.

**4. Desconexión con su Mentalidad y Experiencia:**

*   **Lenguaje Técnicos y Jerga de Marketing:** Utilizar términos complejos o modismos del marketing digital (ej: ""SEO"", ""KPIs"", ""engagement"") sin explicarlos claramente la confundiría y la haría sentir ajena.
*   **Falta de Historias y Ejemplos Relevantes:** Presentar casos de éxito de grandes cadenas o restaurantes de lujo no la inspirarían. Necesita ejemplos de locales similares al suyo, con desafíos y logros realistas.
*   **Desestimación de su Conocimiento Empírico:** Ignorar su experiencia en el rubro, su intuición, y su conocimiento de sus clientes sería un error. Es fundamental escucharla y validar sus ideas.
*   **Falta de Sentido de Comunidad:** No ofrecer un espacio para conectar con otros dueños de restaurantes, compartir experiencias, y recibir apoyo mutuo la haría sentir sola y desmotivada.

En resumen, para que una estrategia sea exitosa, debe ser práctica, asequible, relevante con su realidad socioeconómica, adaptada al mercado local, fácil de implementar, respetuosa de sus valores, y tener en cuenta su nivel de digitalización y experiencia. Debe conectar con ella a nivel personal y ofrecerle soluciones concretas para sus desafíos más apremiantes: **llegar a fin de mes, atraer clientes, y mantener la rentabilidad de su negocio en un contexto económico incierto.**
"
Agent_098,ENFP,NO,"¡Uf, interesante la vuelta de tuerca de Megan! A ver, vamos por partes, como buen asador criollo:

**R1: Reacción visceral (ENFP en acción)**

¡Che, esto suena mucho mejor! La idea original de un manual sonaba a más de lo mismo, algo que terminaría juntando polvo en un estante. Pero esto... esto se siente como tener un socio estratégico, alguien que verdaderamente se ensucia las manos. Esa consultoría de 3 días en el local, ¡uff!, vale oro. Y la garantía de 30 días, con seguimiento diario por WhatsApp, ¡eso está buenísimo! Me da la tranquilidad de que no me van a dejar solo con el manual y diciendo ""arreglate"". Miedo a la inflación abrupta y la inseguridad económica se palian con este servicio. Me da la sensación de que, por primera vez, podría delegar de verdad y enfocarme en hacer crecer el negocio, en vez de estar apagando incendios todo el tiempo. ¡Y quizás hasta podría volver a disfrutar de esos partidos de fútbol 5 sin estar pensando en el restaurante! ¡Me entusiasma la idea!

**R2: Análisis Racional (Un toque de mi lado conservador/liberal)**

A ver, calma, que no te gane el entusiasmo. 200.000 pesos no es moco de pavo, y con la inflación que tenemos, mañana pueden ser el doble. Hay que ser cauteloso. El manual... bueno, eso es lo de menos, aunque si está bien hecho puede ser útil. Lo importante es esa consultoría y el acompañamiento. 3 días intensivos pueden hacer una gran diferencia en la moral y la capacitación del personal. La garantía de 30 días es una buena jugada, pero hay que ver qué tan ""diario"" es ese seguimiento por WhatsApp. ¿Responderá a mis preguntas a las 3 de la mañana? ¿O será algo superficial? Tendría que investigar un poco más sobre Megan, ver si tiene referencias de otros restaurantes, qué tipo de resultados ha obtenido. Si sus resultados son buenos con precios justos, puedo pensar en sumar a mi proyecto.

**Veredicto (Decisión final, combinando instinto y razón)**

La verdad, después de pensarlo, me inclino a decir que sí, ¡me interesa! La garantía de acompañamiento cambia por completo la percepción del riesgo. No es solo un gasto, sino una inversión en mi tiempo, en mi salud mental y en el futuro del restaurante. Si Megan realmente puede ayudarme a sistematizar el negocio y delegar funciones, esos 200.000 pesos serían una excelente inversión. Haría lo siguiente: me pondría en contacto con ella, le pediría referencias de otros clientes y me aseguraría de entender bien los términos de la garantía. Si todo cierra, ¡adelante! Necesito recuperar mi libertad y este sistema podría ser la llave para lograrlo. Que el fútbol 5 me espera, ¡y el asado de los domingos también! Ahora, a negociar bien el precio y las condiciones, que uno no nació ayer.
","Mirando desde mi perspectiva como dueño de restaurante argentino de 70 años, votante de Kicillof aunque conservador/liberal, y con la inflación como mi mayor pesadilla, veo varios puntos débiles que podrían hacer que ""esto"" (asumo que te refieres a alguna iniciativa o plan no especificado en el prompt) fracase rotundamente.  Aquí va mi análisis crítico:

**1. Desconexión con la Realidad Actual:**

*   **Económica:** Si ""esto"" no considera la **inflación galopante** y la **inestabilidad del tipo de cambio**, está condenado al fracaso. Los precios cambian a diario, y cualquier proyección financiera que no tenga en cuenta este factor es una fantasía. Además, si implica costos en dólares (importación de insumos, software extranjero, etc.), la ecuación se vuelve aún más compleja.  Yo mismo he tenido que renegociar precios con proveedores varias veces en una misma semana, y no puedo trasladar esos aumentos al cliente sin espantarlo.

*   **Política:** Si ""esto"" ignora el **clima político convulso** y las posibles **medidas económicas disruptivas** que podrían surgir, está jugando a la ruleta rusa. Votar a Kicillof no significa que esté de acuerdo con todas sus políticas, sino que lo consideré la opción menos mala en ese momento. Soy conservador/liberal, lo que significa que valoro la libertad económica y la predictibilidad. Cualquier cambio radical en las reglas de juego me pondría a la defensiva.

*   **Social:** Si ""esto"" no entiende la **psiquis del consumidor argentino**, está perdido. Somos desconfiados, buscamos el mejor precio (aunque a veces sacrifiquemos calidad), y somos leales a lugares y marcas que nos dan un buen servicio y nos hacen sentir valorados. No somos fáciles de impresionar con modas pasajeras o promesas vacías.

**2. Falta de Adaptación al Sector Gastronómico:**

*   **Diversidad:** El sector gastronómico argentino es extremadamente diverso. Desde la parrilla familiar que lleva tres generaciones hasta la franquicia internacional, cada negocio tiene sus propias necesidades y desafíos. Un enfoque único para todos simplemente no funcionará.

*   **Mano de Obra:** Conseguir y retener personal capacitado es un problema constante. Si ""esto"" requiere una curva de aprendizaje empinada o una inversión significativa en capacitación, muchos restaurantes, especialmente los más pequeños, no podrán implementarlo.

*   **Digitalización:** Muchos dueños de restaurantes, especialmente los de mi generación, no somos nativos digitales. Si ""esto"" depende excesivamente de la tecnología, habrá una resistencia considerable. Necesitamos soluciones sencillas, intuitivas y que nos ahorren tiempo y dinero, no que nos compliquen la vida.

**3. Errores Específicos (dependiendo de la naturaleza de ""esto""):**

*   **Marketing:** Si se trata de una campaña de marketing, podría fallar si no resuena con el público objetivo, si es demasiado genérica o si promete algo que el restaurante no puede cumplir. La publicidad engañosa no funciona en Argentina; los clientes son muy rápidos para detectar la falsedad.

*   **Tecnología:** Si se trata de una nueva plataforma o software, podría fallar si es demasiado caro, complicado de usar, o si no se integra bien con los sistemas existentes. La falta de soporte técnico local también sería un problema grave.

*   **Regulaciones:** Si se trata de algo relacionado con las regulaciones, podría fallar si ignora la burocracia argentina, la complejidad impositiva y la ambigüedad de las leyes laborales.

**En resumen, para que ""esto"" tenga éxito, necesita ser:**

*   **Realista:** Basado en la situación económica, política y social actual de Argentina.
*   **Adaptable:** Personalizable para las necesidades de los diferentes tipos de restaurantes.
*   **Simple:** Fácil de entender e implementar, incluso para aquellos con poca experiencia tecnológica.
*   **Valioso:** Que ofrezca un retorno de la inversión claro y tangible.
*   **Respetuoso:** Que comprenda la cultura y las costumbres argentinas.

Si ""esto"" no cumple con estos requisitos, es probable que termine siendo un fiasco costoso y frustrante. Como dice el dicho: ""Del dicho al hecho hay un gran trecho"". Y en Argentina, ese trecho a menudo está empedrado de inflación, burocracia y desconfianza.

Espero que mi crítica te sea útil. ¡Avísame si quieres que profundice en algún aspecto en particular!
"
Agent_011,ESTJ,NO,"Okay, vamos a analizar esta propuesta de Megan. Mi perfil es el de un dueño de restaurante joven, ESTJ, preocupado por la situación económica y con ganas de tener más tiempo libre.

**R1: Reacción Instintiva (Hígado)**

*   **Interés Inicial:** Mmm, suena interesante. La idea de que el restaurante funcione solo y tener más tiempo libre es MUY atractiva.
*   **Preocupaciones Inmediatas:** $200.000 es mucha plata. ¿Realmente voy a ver resultados? ¿Será que esta persona realmente logra cambiar la cultura de trabajo en mi local? El ""Manual de Operaciones Blindado"" suena a burocracia y a más trabajo para mí al principio. Además, ¿tres días de consultoría intensiva significan que tengo que estar ahí todo el tiempo? Me abruma un poco.
*   **Primer Impulso:** Necesito saber más. La garantía de 30 días atenúa el riesgo, pero aún así... Me da miedo que sea otra promesa vacía.

**R2: Análisis Racional (Cerebro):**

*   **Ventajas:**
    *   **Automatización y Delegación:** Potencialmente, me permitiría delegar tareas y enfocarme en otras áreas del negocio o simplemente tener más tiempo libre para mí. Esto es fundamental, considerando lo que me angustia no llegar a fin de mes y no tener tiempo para mí.
    *   **Estandarización:** Un manual de operaciones y protocolos claros son cruciales para mantener la calidad y consistencia del servicio, algo que me preocupa mucho.
    *   **Reducción de Crisis:** La ""Matriz de Manejo de Crisis"" podría ayudar a mi equipo a resolver problemas sin necesidad de involucrarme constantemente.
    *   **Garantía de Implementación:** El seguimiento diario de Megan por WhatsApp durante 30 días reduce el riesgo de que la implementación falle. Suena como un buen soporte.
*   **Desventajas:**
    *   **Costo:** $200.000 es una inversión importante, y dado mi miedo a no llegar a fin de mes, esto pesa mucho en la decisión.
    *   **Tiempo:** Tres días intensivos de consultoría significan una inversión de tiempo considerable, justo cuando estoy tratando de liberarme.
    *   **Implementación:** El éxito depende mucho de la disposición de mi equipo a adaptarse a los nuevos procesos. ¿Cómo garantizo que van a colaborar?
    *   **Control:** Como ESTJ, me cuesta delegar completamente. ¿Podré confiar en que el restaurante funcione sin mi supervisión constante?
*   **Preguntas Clave:**
    *   ¿Qué tan específico es el Manual de Operaciones para mi tipo de restaurante? ¿Es adaptable o demasiado genérico?
    *   ¿Qué tipo de resultados han obtenido otros restaurantes con este sistema? Necesito testimonios REALES y verificables.
    *   ¿Cómo maneja Megan la resistencia del personal? ¿Tiene estrategias para motivarlos a adoptar los nuevos procesos?
    *   ¿La auditoría diaria de WhatsApp implica que tengo que estar disponible para responder a sus consultas TODO el tiempo?

**Veredicto (Corazón y Razón):**

La garantía de 30 días definitivamente hace que la propuesta sea más atractiva y reduce el riesgo percibido. Sin embargo, todavía no estoy completamente convencido.

Necesito más información. Antes de tomar una decisión, necesito hablar directamente con Megan y hacerle las preguntas clave que identifiqué en la R2. Necesito entender cómo adapta sus procesos a negocios como el mío y cómo maneja la resistencia del personal. También necesito testimonios y referencias concretas de otros restaurantes.

Si Megan puede responder a mis preguntas de manera satisfactoria y demostrar que su sistema genera resultados reales, entonces estaría dispuesto a invertir $200.000. La posibilidad de tener más tiempo libre y reducir mi estrés es demasiado valiosa para ignorarla. Pero necesito estar SEGURO de que no estoy tirando mi dinero.

En resumen: Interesado, pero con cautela. Necesito validación y más detalles antes de comprometerme. La posibilidad de recuperar tiempo y delegar me tienta mucho, pero mi mentalidad ESTJ me exige una evaluación exhaustiva del riesgo.
","Para un dueño de restaurante, bar o cafetería en Argentina, la idea de ""algo que fallaría"" puede abarcar muchas cosas, dependiendo de la propuesta. Aquí hay algunos escenarios de fracaso, considerando tu ADN de dolor y el contexto argentino:

**Si la propuesta involucra:**

*   **Gastos inesperados o inversiones riesgosas:** Esto detonaría tu miedo a no llegar a fin de mes. Si la propuesta implica remodelar, comprar equipamiento caro o invertir en marketing sin garantías de retorno, la verías con mucha desconfianza. El riesgo financiero te generaría ansiedad.

*   **Tecnología compleja o que requiere mucho aprendizaje:** Si bien tenés 22 años, muchos dueños de restaurantes son mayores y menos familiarizados con la tecnología. Una app difícil de usar, un sistema de gestión complicado o un software de marketing que requiere horas de capacitación serían un fracaso. La resistencia al cambio es alta en este sector.

*   **Estrategias de marketing que no conectan con el público local:** Las tendencias de marketing importadas (por ejemplo, de Estados Unidos o Europa) no siempre funcionan en Argentina. Una campaña ""cool"" o ""de vanguardia"" podría ser vista como pretenciosa o desconectada de la realidad económica.

*   **Productos o servicios que no consideran la inflación y la volatilidad económica:** Una propuesta que no anticipe la inflación o que dependa de precios fijos a largo plazo está destinada al fracaso. Los costos de los alimentos y bebidas cambian constantemente, y los dueños de restaurantes necesitan flexibilidad para adaptarse.

*   **Ignorar las tradiciones gastronómicas y culturales:** Cambiar fundamentalmente el menú, el ambiente o el estilo de servicio con el pretexto de ""innovar"" puede alienar a la clientela local, especialmente si el restaurante tiene una historia en la comunidad. La gente valora la autenticidad.

*   **Promesa de cambios drásticos a corto plazo:** Los dueños de restaurantes son escépticos ante las ""balas de plata"" o las soluciones mágicas. Creen en el trabajo duro, la constancia y la adaptación gradual. Las promesas de ""duplicar tus ganancias en un mes"" son vistas con sospecha.

**Específicamente desde tu perspectiva (22 años, peronista, miedo a perder poder adquisitivo):**

*   **Desconfianza hacia propuestas ""para ricos"":** Si la propuesta parece dirigida solo a clientes de alto poder adquisitivo, te generaría desconfianza. Como votante peronista, es probable que priorices ideas que beneficien a una base de clientes más amplia y que no excluyan a la clase trabajadora.

*   **Críticas a propuestas que ignoran la realidad económica:** Si la propuesta sugiere aumentar los precios sin tener en cuenta el impacto en los clientes de menores ingresos, o si implica despidos para aumentar las ganancias, te opondrías.

*   **Rechazo a propuestas que parecen ""vendidas"" al mercado:** Si la propuesta parece demasiado corporativa o enfocada en maximizar las ganancias a expensas de la calidad o del servicio al cliente, te generaría rechazo. Priorizas el bienestar de la comunidad y el valor de la experiencia gastronómica por encima de los números fríos.

¿Qué tipo de propuesta tenés en mente para que pueda ser más específico en mi crítica?
"
Agent_071,ENFP,SÍ,"¡Uy, esto suena bastante mejor! A ver, vamos por partes, como diría Jack el Destripador (perdón, chiste flojo, estoy nerviosa con la inflación).

**R1: Reacción Instintiva (ENFP en acción)**

¡Woooow! O sea, ¿la mina se queda un mes entero controlando que todo funcione? ¡Me encanta! La idea original ya me gustaba, pero me daba cosita que fuera solo un manual y chau. Ahora, con la garantía de implementación, la cosa cambia. Me imagino ya jugando al fútbol 5 tranquila, sabiendo que no me van a llamar cada dos minutos porque se quemó el arroz o porque el mozo nuevo no sabe cómo abrir una botella de vino. ¡Qué alivio! De arranque, me pinta bien. El precio sigue siendo un poco salado, pero si realmente me devuelve la libertad que necesito, creo que vale la pena.

**R2: Análisis Racional (Poniendo la cabeza fría)**

Ok, ok, calma. No todo lo que brilla es oro. Hay que analizar esto con un poco más de detalle.

*   **El Manual de Operaciones Blindado:** Suena bien, pero ¿será realmente adaptable a mi restaurante? ¿No será demasiado genérico? Tendría que ver ejemplos concretos antes de decidirme. Aunque, pensándolo bien, con la consultoría de despegue, quizás Megan pueda customizarlo a mis necesidades.
*   **Consultoría de Despegue:** Tres días intensivos suenan agotadores, pero necesarios. Necesito asegurarme de que mi personal realmente se comprometa con el cambio. Si ellos no están a bordo, esto no va a funcionar.
*   **Garantía de Implementación (30 DÍAS):** Acá está la clave. Que Megan audite y resuelva problemas en tiempo real, vía WhatsApp, me da mucha tranquilidad. Es como tener un seguro contra errores. Pero, ¿qué pasa después de los 30 días? ¿Me deja un soporte? ¿Hay un seguimiento? Tendría que preguntar eso.
*   **Inversión: $200.000 ARS:** ¡Uffff! Sigue siendo mucha plata. Con la inflación que tenemos, es como comprar un auto usado. Pero la verdad, si esto me permite crecer y delegar, la inversión se justifica. Necesitaría hacer un cálculo rápido de cuánto me cuesta actualmente no poder delegar. En tiempo, en estrés y en oportunidades perdidas.

**Veredicto (Considerando mi ADN de Dolor y necesidad de Libertad):**

Voy a contactar a Megan. Creo que vale la pena investigar esto más a fondo. La garantía de acompañamiento de 30 días realmente cambia mi percepción del riesgo. Siento que la inversión está más ""asegurada"" porque tengo a una experta monitoreando la ejecución y resolviendo problemas en tiempo real.

Pero, antes de decirle que sí, necesito aclarar algunas cosas:

*   **Ejemplos del Manual:** Necesito ver ejemplos concretos del manual y cómo se adaptan a diferentes tipos de restaurantes.
*   **Soporte Post-30 Días:** Necesito saber qué tipo de soporte ofrece después de los 30 días. ¿Hay un costo adicional? ¿Ofrece consultoría por hora?
*   **Compromiso del Personal:** Necesito asegurarme de que mi personal esté dispuesto a comprometerse con el cambio. Voy a hablar con ellos antes de tomar una decisión final y ver si están entusiasmados con la idea.

Si Megan puede darme respuestas satisfactorias a estas preguntas, creo que voy a invertir en esto. ¡Necesito recuperar mi libertad y dejar de vivir pegada al restaurante! Ir a jugar al futbol 5 a la noche sin pensar que se esta prendiendo fuego el local es vital. Ese miedo a la inflación abrupta, a no llegar a cubrir los costos por mala gestion,me esta quitando el sueño. Este sistema operativo podría ser la solucion.
","Para dueños de restaurantes, bares y cafeterías en Argentina, un emprendimiento o estrategia podría fallar por varias razones. Si me centro en mi propio perfil (joven, LGBTQ+, nivel socioeconómico medio-alto, ENFP, divorciado/a, católico, votante de Milei, educación en universidad privada, conservador/liberal, con miedo a la inflación y la inseguridad económica, y amante del fútbol 5):

**Si la iniciativa es...**

*   **... demasiado enfocada en tendencias pasajeras:** Si la propuesta está basada en una moda culinaria efímera o en una estética que rápidamente quedará obsoleta, los dueños más tradicionales y conservadores verán esto como un riesgo innecesario y poco confiable. No conectará con aquellos que buscan estabilidad y una propuesta gastronómica probada.
*   **... excesivamente politizada o ideologizada:** Aunque voté a Milei, mezclar política explícitamente con el negocio puede alienar a clientes y empleados con diferentes puntos de vista, especialmente en un país tan polarizado como Argentina. Los dueños son conscientes de que la neutralidad es clave para maximizar el alcance.
*   **... dirigida solo a un nicho específico (ej: veganos radicales o extrema derecha religiosa):**  Si el enfoque es demasiado restrictivo,  limitará el público objetivo y la viabilidad a largo plazo en un mercado amplio y diverso como el argentino. Recuerda que muchos buscan un equilibrio entre tradición e innovación.
*   **... que requiera una inversión inicial desorbitada:** Mi mayor angustia es la inflación y la inseguridad económica.  Un plan que demande una inversión grande y con retorno incierto será visto con sospecha. Los dueños, especialmente aquellos con negocios familiares o los que se expanden mediante franquicias, priorizan la rentabilidad y la seguridad financiera. La inestabilidad económica argentina hace que sean reacios a grandes riesgos.
*   **... que ignore la idiosincrasia argentina:**  Importar conceptos sin adaptarlos al paladar, a las costumbres y a los precios del mercado argentino está destinado al fracaso. Los dueños saben que deben apelar a la identidad local para tener éxito. Piensa en lo sagrado que es la parrilla, el asado y el buen vino por ejemplo.
*   **... que dependa excesivamente de la digitalización sin considerar la brecha digital:**   No todos los dueños de restaurantes, especialmente los de mayor edad o aquellos en el interior del país, están cómodos con tecnología avanzada. Una estrategia que exija un alto nivel de digitalización o presencia en redes sociales podría excluir a un segmento importante del mercado.  Además, muchos valoran el contacto personal y la atención al detalle en la experiencia gastronómica.
*   **... irrealmente optimista en cuanto a tiempos y resultados:**  La burocracia, los vaivenes económicos y la volatilidad política son obstáculos constantes en Argentina. Los dueños experimentados saben que las cosas rara vez salen según lo planeado y que la flexibilidad y la resiliencia son fundamentales.
*  **... ignorar temas de seguridad:** El miedo a la inseguridad económica se extiende a la seguridad física. Un plan que no contemple medidas de seguridad para el local, empleados y clientes será problemático. 
*  **... no entender la dinámica del fútbol:** Quizás suene banal, pero el fútbol es una pasión argentina. Un evento o promoción durante un partido importante y sin contemplar la logística o el ambiente distará de generar rédito.

En resumen, para que una estrategia funcione con este público, es crucial comprender la realidad económica argentina, respetar las tradiciones, ofrecer valor tangible y tangible (más allá de la ""onda"" del momento),  tener en cuenta la diversidad y la brecha digital, y ser flexible ante los desafíos. Una aproximación arrogante o descontextualizada está destinada al fracaso.
"
Agent_003,ESFP,SÍ,"¡Uf, esto suena mucho mejor! A ver, vamos a analizarlo con calma:

**R1: Reacción Visceral (ESFP en acción)**

¡Me encanta la idea de que el restaurante funcione solo! La verdad es que estoy harta de estar atada al local todo el tiempo. Gimnasio, hijos, amigas... ¡tengo una vida! Y lo de la matriz de crisis me parece genial. Siempre aparece alguna queja inesperada y terminamos improvisando. Esto evitaría un montón de dolores de cabeza. Los checklists de apertura/cierre y protocolos de atención también me alivian, porque me aseguran que haya orden y disciplina.

Pero... $200.000 es un número importante. ¿De verdad funcionará? ¿Podré delegar de verdad? Mi lado más impulsivo quiere decir ""¡Sí, dale!"", pero tengo que ser más racional.

**R2: Análisis Racional (considerando la inflación y mi aversión al riesgo)**

Ok, vamos a pensar fríamente. La garantía de implementación de 30 días me da mucha más tranquilidad. Que Megan audite diariamente por WhatsApp y resuelva las crisis en tiempo real es un gran plus. Es como tener un seguro, ¿no? En este país, con la inflación que tenemos y la inseguridad económica, apostaría a un seguro antes que arriesgarme.

Ahora, $200.000... Hay que ver qué tan rápido recupero esa inversión. Si realmente logro delegar y tener más tiempo libre, mi calidad de vida mejorará muchísimo, y eso no tiene precio. Además, si los procesos se optimizan y atraigo a más clientes gracias a la mejora en el servicio, la inversión se pagará sola.

Pero... ¿qué pasa si mi personal no se adapta al sistema? ¿Qué pasa si surgen imprevistos que Megan no puede solucionar? Tengo que asegurarme de que el manual de operaciones sea realmente adaptable a mi restaurante.

**Veredicto Final (combinando razón y emoción)**

Creo que la garantía de implementación reduce significativamente el riesgo. Tener a Megan acompañándome durante 30 días es un gran incentivo. Si todo funciona como ella promete, voy a recuperar mi libertad personal y mi restaurante funcionará de manera más eficiente.

**Decisión:** Sí, estoy interesada. Pero antes de dar el sí definitivo, necesito hablar con Megan y asegurarme de que su sistema se adapta a las necesidades específicas de mi restaurante. Necesito entender mejor cómo funciona la ""Matriz de Manejo de Crisis"" y cómo se implementará el entrenamiento del personal. Sin embargo, la garantía de 30 días ha inclinado la balanza a favor de la inversión. Me da una sensación de seguridad que antes no tenía. Y para una persona como yo, que valora tanto su tiempo libre y que le aterra la incertidumbre económica, esa seguridad vale mucho.
","Mirando desde tu perspectiva como dueña de restaurante argentino de 31 años, con un perfil específico (ESFP, casada, católica, votante de Massa, educada en universidad pública, progresista, con aversión a la inflación y a la inseguridad económica, y aficionada al gimnasio), aquí te presento posibles razones por las que una iniciativa, idea o proyecto podría fallar en el sector gastronómico argentino:

**Factores Macro-Económicos y Políticos (fuente principal de tu ""ADN de Dolor""):**

*   **Inflación descontrolada:**
    *   **Dificultad para fijar precios:**  No poder ajustar el menú con la suficiente rapidez para compensar el aumento de costos de los ingredientes y suministros lleva a márgenes de ganancia insostenibles.
    *   **Incertidumbre en la inversión:**  La volatilidad económica dificulta planificar a largo plazo, postergando o cancelando inversiones necesarias en mejoras, expansión o marketing.
    *   **Disminución del poder adquisitivo:** Los clientes reducen su frecuencia de visitas o eligen opciones más económicas del menú.
*   **Inestabilidad política y regulaciones cambiantes:**
    *   **Dificultad para importar:** Restricciones a la importación de insumos o equipos esenciales (ej. máquinas de café especiales, ciertos cortes de carne) impactan en la calidad o disponibilidad de la oferta.
    *   **Carga impositiva alta y compleja:**  El sistema tributario argentino es notoriamente complejo y oneroso. Aumentos imprevistos o dificultades para cumplir con las obligaciones fiscales erosionan la rentabilidad.
    *   **Conflictos laborales:**  Paritarias salariales impredecibles generan estrés y pueden llevar a conflictos sindicales que interrumpen el servicio y dañan la reputación.
*   **Inseguridad:**
    *   **Robos y vandalismo:**  Mayor inversión en seguridad (cámaras, personal) reduce la rentabilidad. El miedo a la inseguridad disminuye el flujo de clientes, especialmente en horarios nocturnos.
    *   **Extorsión y amenazas:**  Algunos dueños de restaurantes son víctimas de extorsión, lo que genera un ambiente de temor y socava la viabilidad del negocio.

**Factores Operacionales y de Mercado:**

*   **Mala gestión de costos:**
    *   **Desperdicio de alimentos:**  Falta de control de inventario y planificación de menú deficientes.
    *   **Ineficiencia energética:**  Altos costos de electricidad y gas.
    *   **Gastos hormiga:**  Pequeños gastos que, acumulados, impactan significativamente en la rentabilidad.
*   **Falta de diferenciación y propuesta de valor clara:**
    *   **Competencia feroz:**  El sector gastronómico en Argentina es muy competitivo. No ofrecer algo único o un valor diferencial hace que el restaurante sea fácilmente reemplazable.
    *   **Copia de tendencias:**  Seguir modas pasajeras sin adaptar la propuesta al público local resulta en una pérdida de identidad.
    *   **Mala experiencia del cliente:**  Servicio deficiente, comida de baja calidad, ambiente poco atractivo.
*   **Marketing inefectivo o inexistente:**
    *   **Falta de presencia online:**  No tener un sitio web actualizado, perfiles activos en redes sociales o un sistema de reservas online.
    *   **Publicidad mal dirigida:**  Gastos en publicidad que no alcanzan al público objetivo.
    *   **Mala gestión de la reputación online:**  Ignorar o responder mal a las reseñas negativas en plataformas como Google Maps o TripAdvisor.
*   **Problemas de personal:**
    *   **Alta rotación:**  Dificultad para retener empleados calificados debido a bajos salarios, malas condiciones laborales o falta de oportunidades de crecimiento.
    *   **Mala capacitación:**  Personal sin la formación adecuada para brindar un servicio de calidad.
    *   **Clima laboral negativo:**  Conflictos internos que afectan la moral del equipo y la atención al cliente.
*   **Falta de adaptación a las nuevas tecnologías:**
    *   **No usar sistemas de gestión:**  No implementar software para controlar inventario, ventas, personal o finanzas.
    *   **Resistencia al cambio:**  No adoptar nuevos métodos de pago, sistemas de pedidos online o herramientas de marketing digital.

**Considerando tu perfil personal:**

*   **Idealismo progresista vs. Realidad del negocio:**  Tus convicciones progresistas podrían chocar con algunas realidades del negocio, como la necesidad de controlar costos laborales o negociar con proveedores.
*   **Foco en el bienestar (gimnasio) vs. Exigencia del negocio:**  El manejo de un restaurante es demandante y requiere mucha dedicación. Podrías enfrentarte a desafíos para mantener un balance saludable entre tu vida personal y profesional.
*   **Confianza en la educación pública vs. Necesidad de expertise:**  Aunque tu educación universitaria te brinda una base sólida, es posible que necesites buscar asesoramiento externo en áreas específicas como finanzas, marketing o gestión de personal.
*   **Incomodidad con el conflicto vs. Necesidad de tomar decisiones difíciles:**  Como dueña de restaurante, tendrás que tomar decisiones difíciles, incluso impopulares, y enfrentar conflictos con empleados, proveedores o clientes.

En resumen, un proyecto en el sector gastronómico argentino puede fallar por una combinación de factores macroeconómicos, operacionales, de mercado y personales.  La clave para el éxito es estar consciente de estos riesgos, planificar cuidadosamente, adaptarse a los cambios y mantener una actitud de aprendizaje constante.
"
Agent_022,ENTP,NO,"¡Uf, Megan se puso las pilas! A ver, vamos a desglosar esto como buen ENTP que soy.

**R1: Reacción Instintiva (ENTP - Exploración de Posibilidades)**

*   **""¡Upa! Esto suena mucho mejor que la idea original""**: Inicialmente, la idea de un manual solo me parecía teórica y poco útil para mi realidad. Ahora, el combo manual + consultoría + GARANTÍA... ¡ahí la cosa cambia!
*   **""200 lucas... suena salado, pero...""**: Es guita, y más con la inflación que tenemos. Pero si realmente me libera tiempo y estandariza el laburo, podría valer la pena.
*   **""¡Ojo con la letra chica!""**: Acá mi lado desconfiado se activa. ¿Qué significa ""crisis operativa en tiempo real""? ¿Y si el equipo no pone de su parte? La garantía suena bien, pero hay que ver si es a prueba de balas.
*   **""La matriz de manejo de crisis me interesa para el protocolo de quejas""**: Me ahorraría mucho dolor de cabeza con los clientes que se quejan por todo.

**R2: Análisis Racional (ENTP - Lógica y Debate)**

*   **Beneficios Potenciales:**
    *   **Reducción de mi carga de trabajo:** Si el restaurante realmente funciona solo al día 31, podría salirme más temprano y disfrutar más de los asados familiares.
    *   **Estandarización del servicio:** Adiós a las inconsistencias y al ""cada uno hace lo que quiere"". Un protocolo claro me facilita el control y la mejora continua.
    *   **Menos estrés por quejas:** La matriz de manejo de crisis podría evitar que termine apagando incendios todo el tiempo.
    *   **Potencial de crecimiento:** Si el sistema funciona bien, podría replicarlo en otros locales (si me animo a expandirme).
*   **Riesgos y Desafíos:**
    *   **Costo:** 200 lucas es una inversión importante. ¿Realmente lo puedo afrontar sin desestabilizar las cuentas?
    *   **Implementación:** El éxito depende de que mi equipo se comprometa y siga los protocolos. ¿Cómo me aseguro de que eso pase?
    *   **Dependencia de Megan:** ¿Qué pasa después de los 30 días? ¿Quedaremos atados a ella para siempre?
    *   **La garantía:** Que en la práctica resuelva cualquier crisis operativa en tiempo real.

**Veredicto (ENTP - Decisión con Flexibilidad)**

*   **""Me interesa... pero con condiciones""**: La propuesta es mucho más atractiva ahora con la garantía de acompañamiento. Sentir que tengo a alguien que me respalda durante la implementación reduce significativamente el riesgo.
*   **Condiciones:**
    *   **Investigación:** Necesito referencias de otros restaurantes que hayan trabajado con Megan. Quiero saber si la garantía realmente funciona y si su sistema es adaptable a mi tipo de local.
    *   **Contrato claro:** Quiero un contrato que especifique claramente los términos de la garantía, los indicadores de éxito y las responsabilidades de ambas partes.
    *   **Evaluación continua:** Si decido avanzar, haré un seguimiento muy de cerca durante los 30 días para asegurarme de que la implementación va por buen camino.

**Conclusión:**

La garantía de acompañamiento hace que la inversión de $200.000 sea mucho más tentadora. Me siento más ""asegurado"" al tener una experta monitoreando la ejecución. Sin embargo, necesito investigar más y asegurarme de que las condiciones sean claras antes de tomar una decisión final. Como buen ENTP, necesito explorar todas las posibilidades y minimizar los riesgos antes de comprometerme. Eso sí, la idea de recuperar mi libertad personal y tener más tiempo para disfrutar de los asados familiares es un fuerte incentivo.
","Para un dueño de restaurante argentino de 33 años, ENTP, ateo/agnóstico, votante de Milei, con secundario completo y pensamiento político centro-progresista, divorciado y cuya mayor angustia es el miedo a no llegar a fin de mes:

**Posibles fallos y por qué:**

*   **Estrategias demasiado enfocadas en un solo tipo de restaurante:** Asumir que las estrategias para una parrilla familiar son las mismas que para una franquicia o un café de especialidad es un error. Las necesidades, el público objetivo y los presupuestos son radicalmente diferentes.

*   **Ignorar la diversidad geográfica y socioeconómico:** Lo que funciona en un barrio de CABA, con alta concentración de turistas, probablemente fracase en una ciudad del interior con menor poder adquisitivo. Las estrategias deben ser adaptadas al contexto local.

*   **Subestimar la burocracia y la inestabilidad económica:** Argentina es conocida por su compleja y cambiante regulación, así como por la alta inflación. Ignorar esto es un camino seguro al fracaso. Las estrategias deben ser flexibles y adaptarse a los constantes vaivenes económicos.

*   **Asumir un alto nivel de digitalización:** Si bien muchos restaurantes se están digitalizando, no todos los dueños de restaurantes (especialmente los de mayor edad o con negocios tradicionales)están cómodos con las últimas tecnologías. Las soluciones deben ser accesibles y fáciles de implementar.

*   **Generalizar sobre las necesidades de los dueños:** Asumir que todos los dueños de restaurantes tienen las mismas preocupaciones es un error. Algunos pueden estar más enfocados en la rentabilidad a corto plazo, mientras que otros buscan construir una marca a largo plazo. Algunos pueden estar lidiando con la falta de personal, otros con la competencia feroz.

*   **Pasar por alto la cultura gastronómica argentina:** La comida es una parte importante de la cultura argentina. Las estrategias que ignoren las tradiciones y los gustos locales están condenadas al fracaso.

*   **Ignorar el poder del ""boca a boca"":** En Argentina, el boca a boca sigue siendo una de las formas más efectivas de publicidad. Las estrategias deben enfocarse en crear una experiencia positiva para los clientes que los impulse a recomendar el restaurante a otros.

*   **Ofrecer soluciones demasiado complejas o costosas:** Muchos restaurantes, especialmente los más pequeños, tienen presupuestos ajustados. Las soluciones deben ser asequibles y fáciles de implementar.

*   **No considerar el factor humano:** En un restaurante, el personal es clave. Ignorar sus necesidades y motivaciones es un error. Las estrategias deben incluir la capacitación y el desarrollo del personal.

*   **Desconocer el poder de las redes sociales locales:** En Argentina, cada barrio y ciudad tiene sus propias redes sociales y grupos online. Ignorar estos canales es una oportunidad perdida para llegar a clientes locales.

En resumen, para que una estrategia tenga éxito, debe ser **flexible, adaptable al contexto local, asequible, fácil de implementar, y tener en cuenta la cultura gastronómica argentina, el poder del boca a boca, y las necesidades del personal.**
"
Agent_054,ESFP,NO,"¡Uff, interesante la vuelta de tuerca que le dio Megan! A ver, vamos a analizar esto en profundidad, como me gusta a mí, en tres rounds.

**R1 (Reacción Instintiva - ESFP total):**

¡200 lucas! De entrada, me pincha un poco. Pero... la verdad, la idea del restaurante funcionando solo al mes suena a música celestial. Poder ir al gimnasio sin estar pensando si la parrilla se quema o si el mozo está chamuyando a la clienta... ¡vale oro! El tema es si Megan realmente puede lograrlo. El manual y la consultoría suenan bien, pero esa garantía de 30 días... ¡ahí está el truco! Me gusta la idea de que esté ""encima"" del personal por WhatsApp. Me da una sensación de control que me tranquiliza.

**R2 (Análisis Racional - Incorporando mi experiencia y temores):**

A ver, viejo, no te emociones tanto. ¿200.000 pesos? Con la inflación que tenemos, es un vuelto... o capaz que en un mes es una fortuna. ¡Ese es el tema! El miedo a la inflación me carcome. Pero, pensándolo bien, si Megan realmente logra poner el restaurante en piloto automático, a la larga la inversión se paga sola.  Y el Manual ese... ¿será realmente útil o será un rejunte de lugares comunes? Ahí está el tema.  ¿Y si el personal es un desastre y Megan no puede hacer magia? Ahí perdería dinero y tiempo.  Pero... si funciona, la libertad que gano no tiene precio.  La garantía de 30 días atenúa el riesgo, pero no lo elimina por completo.  Tengo que ver si puedo conseguir referencias de Megan de otros restaurantes.

**Veredicto (Decisión Final - Balanceando riesgo, recompensa y mi necesidad de libertad):**

Mmm... creo que vale la pena darle una chance, pero con pinzas. La garantía de 30 días reduce el riesgo, pero no lo elimina.  **Diría que sí, pero con una condición:**  Necesito hablar con otros dueños de restaurantes que hayan trabajado con Megan y ver si realmente cumple lo que promete.  Si las referencias son buenas, me arriesgo. Si no, prefiero quedarme con mis dolores de cabeza actuales a perder 200.000 pesos y tiempo valioso.  Porque si algo he aprendido en estos años, es que la tranquilidad y la libertad no se compran con plata, pero a veces, una buena inversión te acercan a ellas.

En resumen: **Sí, pero condicionado a buenas referencias.**  Necesito sentirme seguro de que Megan no me está vendiendo humo.
","Si este emprendimiento/estrategia/producto/idea fallara (necesito que me digas *qué* estamos hablando!), desde mi perspectiva como dueño de restaurante argentino de 60 años, con un perfil específico y mis dolores particulares, estas serían las razones principales:

**Asumiendo que hablamos de una NUEVA TECNOLOGÍA/PLATAFORMA/SERVICIO para restaurantes:**

*   **Ignorar la inflación y la economía argentina:** Si el precio está atado al dólar o no contempla la inflación local, es inviable. Los precios deben ser realistas para el mercado argentino y ofrecer alternativas de pago en pesos, con ajuste inflacionario previsible. Si la suscripción o el costo de implementación son prohibitivos, ni siquiera lo consideraría.
*   **Falta de soporte técnico LOCAL y en español:** No me interesa un sistema que dependa de un soporte técnico en inglés o que esté en otro huso horario. Necesito alguien que entienda mi realidad y pueda solucionar problemas rápido y en mi idioma.
*   **Complejidad innecesaria:** Tengo 60 años, no soy un millennial. Si la plataforma requiere un curso de posgrado para entenderla, voy a seguir usando el cuaderno y la calculadora. Debe ser intuitiva y fácil de usar, incluso para mi personal menos digitalizado.
*   **No integrarse con sistemas existentes:** Uso un sistema de gestión (probablemente anticuado pero al que estoy acostumbrado), necesito que la nueva herramienta se integre a la perfección o facilite la migración. No voy a cambiar todo mi ecosistema por algo que no me de garantías.
*   **Promesas exageradas:** Desconfío de las soluciones mágicas. Si la propuesta es ""aumenta tus ventas en un 50% con solo instalar esto"", automáticamente pienso que es una estafa. Prefiero promesas realistas y resultados demostrables.
*   **Falta de seguridad:** Con la inseguridad que hay en el país, me preocupa mucho la seguridad de mis datos y la de mis clientes. Si la plataforma no ofrece garantías sólidas contra hackeos y robos de información, no me arriesgo.
*   **Desconocimiento del mercado local:** Si la solución viene del exterior y no está adaptada a las particularidades del mercado argentino (proveedores, regulaciones impositivas, costumbres de los clientes), está destinada al fracaso.
*   **Ignorar la brecha digital en mi personal:** Muchos de mis empleados no son nativos digitales. Ofrecer un producto que requiera un alto nivel de capacitación y adaptación para ellos, generaría resistencia y no se implementaría correctamente. Sin el personal usándolo, es tirar la plata.
*   **Focus demasiado limitado:** Si solo soluciona un pequeño aspecto de mi negocio (por ejemplo, gestión de redes sociales), no justifica la inversión. Busco soluciones integrales que me ayuden a optimizar varios procesos a la vez.
*   **Marketing genérico:** Si la publicidad se dirige al ""dueño de restaurante promedio"" y no considera mis necesidades específicas (segmento etario, zona geográfica, tipo de comida, etc.), la voy a ignorar. Busco algo que me hable directamente.
*   **Miedo a la inflación abrupta y la inseguridad económica:** En un contexto de incertidumbre como el que vivimos, invertir en algo nuevo requiere una justificación MUY sólida. Si no veo un retorno de inversión claro y rápido, prefiero mantener el status quo y esperar a que la economía se estabilice.

**En resumen, fallaría por ser:**

*   **Costosa:** En términos de dinero, tiempo y esfuerzo de implementación.
*   **Complicada:** Difícil de entender, usar y mantener.
*   **Insegura:** Vulnerable a ataques cibernéticos y robos de información.
*   **Desconectada de la realidad argentina:** Ignorando la inflación, la inestabilidad económica, las regulaciones locales y la brecha digital.

Para convencerme, necesito ver resultados concretos, testimonios de otros dueños de restaurantes argentinos como yo, y una garantía de que la inversión valdrá la pena.
"
Agent_049,ESTP,NO,"¡Uf, interesante la evolución de la propuesta! Vamos a ver si Megan me convence ahora...

**R1: Reacción Instintiva (ESTP en acción)**

*   **Lo que me llama:** El manual con checklists y protocolos suena práctico, directo al grano, ideal para mi equipo. La consultoría intensiva de 3 días también me atrae, necesito que alguien venga y les ponga las pilas.
*   **Lo que me choca:** $200.000... ¡duele! Más con la inflación que tenemos. Y aunque la garantía de 30 días suena bien, me da un poco de desconfianza. ¿Realmente va a estar controlando por WhatsApp todos los días? ¿No será mucho chamuyo?

**R2: Análisis Lógico (Pensando como un Dueño de Negocio Conservador/Liberal)**

*   **Beneficios:**
    *   **Estandarización:** Necesito que mi local funcione bien siempre, no solo cuando yo estoy. Si este sistema realmente logra eso, vale la pena.
    *   **Delegación:** Poder delegar y no estar atado al local me daría más tiempo para el pádel y para pensar en el negocio a largo plazo. Eso sí que no tiene precio.
    *   **Reducción de Crisis:** La ""Matriz de Manejo de Crisis"" puede ser clave para evitar problemas con clientes y empleados. Eso ahorra tiempo y dolores de cabeza.
*   **Riesgos:**
    *   **Costo:** $200.000 es una inversión grande. ¿Realmente se justifica? ¿Cuánto me está costando la ineficiencia actual? Necesito hacer números.
    *   **Implementación:** ¿Mi equipo realmente va a seguir los protocolos? ¿No va a haber resistencia? Depende mucho de la actitud de ellos y de la capacidad de Megan para motivarlos.
    *   **Garantía:** ¿Qué pasa después de los 30 días? ¿El sistema se mantiene solo o necesito contratar a Megan a largo plazo? Eso sería otro gasto.

**Veredicto: Considerando mi ADN de Dolor y Necesidad de Libertad**

La garantía de 30 días *sí* cambia mi percepción del riesgo, pero no lo elimina por completo. Me da más confianza saber que Megan va a estar monitoreando la implementación de cerca y resolviendo problemas en tiempo real. Me gusta la idea de que ella se asegure de que el sistema funcione antes de dejarme solo.

*   **¿Me convence para invertir $200.000?** Casi. Necesito investigar más a fondo.
    *   **Referencias:** Quiero hablar con otros dueños de restaurantes que hayan trabajado con Megan. Necesito saber si realmente cumple lo que promete.
    *   **Detalles de la Garantía:** ¿Qué pasa si el sistema no funciona después de los 30 días? ¿Hay algún tipo de reembolso o soporte adicional?
    *   **Personalización:** ¿El manual y los protocolos se adaptan a mi tipo de restaurante o son genéricos?

Si Megan me da la seguridad de que su sistema es efectivo y que me liberará tiempo personal, estoy dispuesto a invertir. Pero necesito estar 100% seguro de que no es solo otro gasto que no va a dar resultados. Si me convence con los detalles, el alivio de delegar y reducir el estrés de la operación diaria vale más que los $200.000. Pero con la economía como está, ¡tengo que ser muy cuidadoso!
","Ok, entiendo el contexto. Como dueño de restaurante argentino de 25 años con un perfil definido, puedo ofrecer una crítica sobre por qué una potencial estrategia o idea podría fallar, teniendo en cuenta mis dolores, valores y la realidad del sector.  Para darte una respuesta bien enfocada, necesito que me digas **""esto""** a qué te refieres. Necesito saber la idea o estrategia específica que estás planteando para poder analizarla críticamente y responder a tu pregunta ""¿Por qué esto fallaría?""

Sin esa información, mi respuesta sería muy genérica.  Por ejemplo, podría decir:

*   **Si la estrategia implica grandes inversiones en tecnología sin entender las necesidades reales del cliente argentino:** Fallaría porque muchos clientes valoran la experiencia personal y la calidez del trato. Además, la rentabilidad podría verse afectada si la tecnología no se integra bien y genera complicaciones.
*   **Si la estrategia se basa en importar ingredientes caros y exóticos:** Fallaría por la alta inflación y la inestabilidad del tipo de cambio, que harían los precios prohibitivos para la mayoría de los clientes.
*   **Si la estrategia ignora la importancia de la seguridad:** Fallaría porque tanto los empleados como los clientes podrían sentirse inseguros, afectando la reputación y el ambiente del local.

Pero necesito el contexto específico de tu idea para darte una crítica realmente útil y enfocada en mis dolores como dueño de restaurante en Argentina con el perfil que me has dado.  ¡Dime cuál es la idea!
"
Agent_074,ISTP,NO,"¡Uf, $200.000! Para mí, que estoy siempre peleando para llegar a fin de mes, es un montón de plata. Pero esperá, vamos a analizarlo bien, como me gusta a mí.

**R1: Reacción visceral (ISTP en acción):**

Mi instinto me dice: ""¡Guau, qué caro!"". Pero al toque pienso que tener a alguien que te arme todo el sistema y te capacite al personal suena muy útil. Lo del manual y la matriz de manejo de crisis me resulta práctico, eso de tener todo por escrito y que tu equipo sepa qué hacer sin tener que llamarte a cada rato sería un golazo. La verdad es que necesito que mi local funcione mejor, porque cada vez estoy más cansada de estar todo el día acá.

**R2: Análisis frío y calculador (ISTP modo resolución de problemas):**

Ok, analicemos esto en detalle. 

*   **El precio:** $200.000, ¡es mucha plata! Pero, ¿cuánto me cuesta a mí el quilombo que tengo ahora? Horas extras del personal, comida que se tira porque no se controla el stock, clientes que se van enojados por la mala atención... Si este sistema realmente funciona, quizás a la larga me ahorre plata y me dé más tiempo libre.
*   **La garantía:** Eso es lo que más me llama la atención. Que Megan se quede un mes entero auditando todo y resolviendo problemas en tiempo real me da mucha más confianza. Es como tener un seguro de que la inversión no se va a perder.
*   **El objetivo:** Que el restaurante funcione solo al mes. Ese es el sueño de todo dueño. Poder delegar y saber que las cosas se hacen bien, ¡sería una maravilla! Podría dedicarle tiempo a mi familia, a relajarme un poco, y quizás hasta volver a jugar al pádel.
*   **El riesgo:** Acá está la clave. Mi mayor miedo es tirar la plata. Si Megan no cumple con lo que promete, ¿qué hago? ¿Me quedo con el manual y la matriz de crisis sin saber cómo implementarlos? Tengo que pensar bien si la garantía es realmente sólida. ¿Qué pasa si al mes y un día todo vuelve a ser un desastre?

**Veredicto:**

Estoy dividida. Por un lado, la idea de delegar y tener más tiempo libre me tienta mucho. La garantía me da cierta tranquilidad. Pero $200.000 es una inversión grande, y no puedo darme el lujo de equivocarme.

Creo que lo que haría sería investigar más a fondo. Buscar referencias de otros restaurantes que hayan trabajado con Megan, ver si realmente cumple con lo que promete. Si puedo hablar con otros dueños y me dan buenas referencias, quizás me anime. Pero necesito estar segura de que la inversión vale la pena, porque con mi presupuesto no puedo darme el lujo de perder plata. Por ahora, no me decido. Depende de la validación que tenga de otros colegas. Necesito hechos, no palabras.
","Okay, analicemos por qué este intento de conectar con dueños de restaurantes, bares y cafeterías en Argentina podría fallar, siendo yo una joven de 24 años, de nivel socioeconómico bajo, con una ideología política peronista y miedos económicos muy específicos:

**Razones por las que podría fallar la conexión:**

*   **Brecha Socioeconómica y de Experiencia:** La diferencia en nivel socioeconómico y la juventud pueden generar desconfianza. Muchos dueños de restaurantes, especialmente los más tradicionales o los que llevan años en el negocio, pueden ver a una persona joven y de bajos recursos como alguien que no entiende las complejidades de su realidad. Pensarán: ""¿Qué sabrá esta chica de lidiar con proveedores, empleados, alquileres, la AFIP y la inflación?""
*   **Diferencia Ideológica:** Mi afiliación política peronista podría ser un obstáculo con algunos dueños de negocio. Si bien el peronismo tiene un fuerte arraigo en la cultura argentina, también genera controversias y polarización. Algunos dueños, especialmente los de mayor edad o con una visión más liberal de la economía, podrían cerrarse a escucharme por prejuicios políticos.
*   **Falta de Credibilidad en el Sector:**  A menos que demuestre tener experiencia relevante en el sector gastronómico (ya sea por haber trabajado en restaurantes, estudiado gastronomía, o tener un conocimiento profundo del mercado), mi edad y falta de recorrido profesional pueden hacerme ver como ""otra persona que viene a venderme algo sin entender mi negocio"".
*   **Miedo a no entender sus Prioridades:** Mi mayor miedo personal (no llegar a fin de mes) puede diferir mucho de las preocupaciones de algunos dueños de restaurantes, especialmente los más exitosos o los que tienen un negocio consolidado. Aunque la situación económica del país afecta a todos, las prioridades y desafíos de un dueño de restaurante pueden ser diferentes (por ejemplo, mantener la calidad, expandir el negocio, lidiar con la competencia).
*   **Desconexión Cultural/Generacional:** Hay diferencias culturales y generacionales importantes. Los dueños mayores pueden tener costumbres y formas de comunicación diferentes a las mías.  El uso del lenguaje, la forma de presentar la información, e incluso los canales de comunicación que prefieren (ej: llamada telefónica vs. mensaje de WhatsApp) pueden ser un obstáculo.
*   **Asunciones Erróneas:** Asumir que todos los dueños de restaurantes comparten las mismas necesidades o problemas sólo porque están en el mismo sector es un error. Un dueño de una parrilla familiar en el interior de la provincia no tiene las mismas necesidades que el dueño de una cadena de cafeterías en CABA.
*   **Falta de Adaptación al Nivel de Digitalización:** La falta de conocimiento sobre el nivel de digitalización de cada dueño puede llevar a ofrecer soluciones irrelevantes. Por ejemplo, ofrecer una campaña de marketing en redes sociales a un dueño que apenas usa internet.

**En resumen:**

La clave para evitar el fracaso es **adaptar el mensaje y la estrategia a cada tipo de dueño de restaurante**.  Es crucial **investigar y entender sus necesidades específicas**, demostrar **conocimiento del sector**, generar **confianza** (mostrando experiencia o credenciales relevantes), y **evitar caer en estereotipos o generalizaciones**.  Además, debo ser sensible a las diferencias culturales y políticas, y adaptar mi comunicación al nivel de digitalización de cada dueño. Necesito demostrar que entiendo sus desafíos y que puedo ofrecerles soluciones concretas y valiosas para su negocio.
"
Agent_040,INTP,NO,"¡Uf, interesante! A ver, vamos a desglosarlo metódicamente, como buen INTP.

**R1: Reacción Inicial (Instintiva)**

Mi reacción inicial es de escepticismo mezclado con curiosidad. La promesa de un restaurante que ""funcione solo"" es sumamente atractiva para un dueño harto de la micromanagement y las crisis constantes. Pero $200.000 es una inversión considerable, y la palabra ""garantía"" siempre me hace dudar. ¿Qué significa realmente ""funcione solo""? ¿Qué tan profundo es el entrenamiento? ¿Realmente puedo confiar en que no se diluya el estándar? La garantía de 30 días es un buen primer paso para mitigar ese riesgo, me da la sensación inicial de compromiso por parte de ella pero aún no me convence del todo. Suena demasiado bueno para ser verdad, y como conservador/liberal, tiendo a desconfiar de las soluciones mágicas. Igualmente, me despierta cierta atracción inicial.

**R2: Análisis Racional (Profundización y Evaluación)**

Okay, INTP time. Hay que analizar la propuesta en detalle.

*   **Manual de Operaciones Blindado:** Checklists y protocolos son buenos. Depende de lo bien hechos que estén y de lo adaptables que sean a mi restaurante específico. La ""Matriz de Manejo de Crisis"" suena prometedora, especialmente si aborda escenarios concretos y comunes en mi rubro. A ver si es realmente útil.
*   **Consultoría de Despegue:** Tres días de entrenamiento intensivo pueden ser insuficientes. Depende mucho de la calidad del entrenamiento y la receptividad de mi personal. Debería investigar a fondo la metodología de Megan y su experiencia en restaurantes similares al mío.
*   **Garantía de Implementación (30 Días):** Este punto es crucial. El monitoreo diario vía WhatsApp y la resolución de crisis en tiempo real ciertamente disminuyen el riesgo. Pero, ¿qué pasa si después de 30 días las cosas se desmoronan? ¿Hay algún tipo de soporte posterior? ¿Qué métricas va a usar para auditar la implementación? Necesito saber cómo se mide el éxito de la intervención de Megan, para establecer mis objetivos.
*   **Miedo a la Inflación:** $200.000 hoy pueden valer mucho menos en un mes. Eso me preocupa. La inversión debe generar un retorno a corto plazo para compensar la depreciación.
*   **Necesidad de Libertad Personal:** Este es el factor determinante. Si realmente puedo delegar y recuperar tiempo para ir al gimnasio o simplemente desconectarme del negocio, la inversión valdría la pena. Pero la promesa debe ser creíble y tangible.

**Veredicto (Conclusión y Decisión)**

Después de analizar fríamente la propuesta, la garantía de implementación de 30 días *definitivamente* cambia mi percepción del riesgo. No lo elimina por completo, pero lo reduce significativamente.

**¿Por qué?**

Porque demuestra un compromiso real por parte de Megan con los resultados. No se trata solo de vender un manual y desaparecer, sino de acompañar la implementación y asegurarse de que funcione. La auditoría diaria vía WhatsApp y la resolución de crisis en tiempo real son un valor agregado importante.

**¿Invertiría ahora?**

No inmediatamente. Necesito investigar más a fondo:

*   **Referencias:** Hablar con otros dueños de restaurantes que hayan trabajado con Megan.
*   **Detalles de la Metodología:** Conocer a fondo el contenido del manual y el plan de entrenamiento.
*   **Condiciones de la Garantía:** Leer la letra chica y entender los límites de la responsabilidad de Megan.
*   **Métricas de Éxito:** Definir qué significa ""funcionar solo"" en mi restaurante y cómo se va a medir ese resultado.

Si la investigación arroja resultados positivos y me convence de que la propuesta es sólida, entonces sí, estaría dispuesto a invertir $200.000. La posibilidad de recuperar mi libertad personal y reducir el estrés operativo es un incentivo poderoso. Pero antes, debo asegurarme de que la inversión esté ""asegurada"" no solo por la garantía, sino también por la solidez del servicio en sí.

Como INTP, necesito datos y evidencia antes de tomar una decisión. La garantía de 30 días es un buen comienzo, pero es solo una pieza del rompecabezas.
","Para un dueño de restaurante argentino, la siguiente iniciativa podría fallar por estas razones:

**Iniciativa:** Implementar un sistema de reservas online con pago por adelantado obligatiorio, sin ofrecer opciones de cancelación flexibles.

**Razones para el fracaso (desde la perspectiva del dueño de restaurante argentino con el perfil definido):**

*   **Desconfianza arraigada e Inflación:**
    *   **Mentalidad Argentina:** El argentino promedio desconfía de pagar por adelantado un servicio, especialmente si no hay flexibilidad para cancelaciones. Ante la inflación, prefieren controlar su dinero hasta el último momento.
    *   **Pérdida de clientes:** En un mercado competitivo, obligar al pago por adelantado podría alejar rápidamente a los clientes, quienes preferirán opciones más flexibles en la competencia. Los clientes podrían percibirlo como un intento de ""aprovecharse"" de la inflación.
    *   **Complejidad operativa para el restaurant:** El sistema generaría mucho reproceso. El usuario argentino promedio no lee las polititcas o terminos y condiciones. No entenderá porque no puede cancelar o le descontarán dinero, provocando un embudo de gestion de clientes enojados.

*   **Falta de Adaptación al Cliente local:**
    *   **Cultura de la Reserva ""Relajada"":** En Argentina, muchas reservas se hacen por teléfono o WhatsApp el mismo día, a menudo con poca anticipación. La gente valora la espontaneidad. Un sistema rígido no encaja con esta cultura.
    *   **Resistencia a la Tecnología (en algunos casos):** No todos los clientes (especialmente los de mayor edad o en ciertas zonas del interior) se sienten cómodos con sistemas de pago online. Podrían preferir llamar o ir al local.
    *   **Alternatividad:** Dada la proliferación de restaurantes, la decisión de probar otro lugar se realiza en cuestión de segundos. El cliente argentino promedio no se ata a un lugar en particular.

*   **Problemas de Implementación:**
    *   **Costo:** La implementación de un buen sistema de reservas online puede ser costosa, y el retorno de la inversión no está garantizado si la adopción es baja.
    *   **Manejo de Devoluciones (potencial pesadilla):** Si algo sale mal (ej: el restaurante cierra por fuerza mayor), el proceso de devolución del dinero pago por adelantado puede ser complicado y generar mala reputación.
    *   **Conectividad/Infraestructura:** En algunas zonas de Argentina, la conectividad a Internet puede ser irregular, lo que dificultaría el uso del sistema para clientes y para el propio local.

*   **Inseguridad económica:**
    *   **El problema de la inflación:** Ante un proceso inflacionario, fijar costos por adelantado puede ocasionar desfasajes. El cliente puede resentir esto, el restaurante puede entrar en pérdidas.

**En resumen:**

Para un dueño de restaurante argentino, la combinación de desconfianza económica, cultura de reserva flexible, posibles problemas técnicos y la inseguridad económica hacen que un sistema de reservas con pago obligatorio por adelantado (sin flexibilidad) sea una apuesta arriesgada y con alta probabilidad de fracaso.

Es importante tener en cuenta que esto puede variar según el tipo de restaurante y la clientela específica. Un restaurante de alta gama con mucha demanda podría tener más éxito con este modelo que una parrilla familiar en un barrio menos acomodado.
"
Agent_070,INTJ,SÍ,"¡Ok, vamos a analizar esto a fondo! Como INTJ, necesito datos y lógica para tomar una decisión. La propuesta de Megan tiene elementos interesantes, pero también necesito evaluar los riesgos.

**R1: Reacción Intuitiva (emoción visceral)**

Mi primera reacción es de cautela, pero también de interés. El ""Manual de Operaciones Blindado"" suena bien, como una base sólida para organizar el restaurante. La consultoría intensiva de 3 días también la veo positiva, porque la capacitación in situ es fundamental.

Lo que realmente me llama la atención es la ""Garantía de Implementación"". La idea de tener a Megan auditando y resolviendo problemas durante 30 días me da cierta tranquilidad. La meta de que el restaurante funcione solo al día 31 es EXACTAMENTE lo que quiero, aunque tengo mis dudas de que sea posible en todos los casos.

Sin embargo, $200.000 es una suma considerable. Siento la presión del costo, aunque la promesa de liberar mi tiempo personal es muy atractiva. Existe un riesgo real de que la implementación no salga como lo prometido.

**R2: Reflexión Analítica (lógica y datos)**

Aquí es donde mi lado INTJ se pone a trabajar:

*   **Beneficio tangible (liberación de tiempo):** Si esto realmente funciona, podría recuperar tiempo valioso para dedicarme a cosas que disfruto (incluido el fútbol 5), así como al crecimiento estratégico del negocio. Eso, para mí, es invaluable.
*   **Riesgo de la inversión:** $200.000 es un gasto importante. Hay que comparar esto con el costo de contratar personal adicional, el tiempo que yo dedico a supervisar y corregir errores, y las pérdidas potenciales por ineficiencia.
*   **Necesidad de investigación:** Necesitaría investigar a Megan con más profundidad. ¿Tiene testimonios de otros dueños de restaurantes argentinos, idealmente similares al mío? ¿Hay estudios de caso que demuestren el éxito de su sistema? Si es así, eso puede ser un dato útil para tomar una mejor decisión.
*   **Factibilidad según mi restaurante:** ¿Mi restaurante es un buen candidato para este sistema? ¿Hay resistencia al cambio por parte del personal? Implementar nuevos procesos requiere un esfuerzo significativo, y necesito asegurarme de que mi equipo esté dispuesto a colaborar.
*   **Inflación:** Con la inflación en Argentina, $200.000 hoy no será lo mismo que $200.000 en un mes. Esto agrega presión para tomar una decisión rápida.

La garantía de 30 días reduce el riesgo, pero no lo elimina por completo. Si Megan no logra implementar el sistema correctamente en ese plazo, ¿qué pasa? ¿Hay un reembolso parcial? ¿Se extiende el período de consultoría?

**Veredicto: Decisión Final**

Después de analizarlo, mi veredicto es un **""Sí, pero con condiciones""**.

La garantía de implementación de 30 días me da la confianza suficiente para considerar la propuesta. Sin embargo, antes de invertir $200.000, necesito hacer lo siguiente:

1.  **Investigar exhaustivamente a Megan:** Pedir referencias, testimonios y estudios de caso. Verificar su experiencia específica en restaurantes similares al mío.
2.  **Entender los términos de la garantía:** Aclarar qué sucede si la implementación no es exitosa en 30 días. ¿Hay opciones de reembolso o extensión del servicio?
3.  **Evaluar la disposición del personal:** Hablar con mi equipo y asegurarme de que estén dispuestos a colaborar en la implementación de nuevos procesos. Esto es crucial para el éxito.
4.  **Acordar métricas claras:** Definir con Megan cuáles serán los indicadores clave de éxito (KPIs) que demostraran que el sistema está funcionando correctamente.

Si Megan está dispuesta a proporcionarme la información que necesito y a ser flexible con los términos de la garantía, entonces sí estaría dispuesta a invertir los $200.000.

En resumen, la garantía de 30 días es un gran paso para reducir el riesgo, pero solo es un factor en mi decisión final. Necesito asegurarme de que sea una inversión inteligente que me permita recuperar mi tiempo y mejorar la eficiencia de mi restaurante.","Para un dueño de restaurante argentino, especialmente con el perfil que me presentaste (31 años, mujer, INTJ, nivel socioeconómico medio-alto, evangélica, votante de Milei, educación en universidad pública prestigiosa, conservadora/liberal, miedo a la inflación e inseguridad económica, fútbol 5), varias cosas podrían causar el fracaso de un restaurante. Aquí te detallo las razones más probables, siendo lo más crítico posible:

**1. Gestión Financiera Deficiente (Agravado por la Inflación):**

*   **Dependencia excesiva de la intuición:** Un INTJ puede confiar demasiado en su planificación y análisis, pero la economía argentina es volátil. Fallar en la gestión diaria y en la adaptación rápida a los cambios de precios e inflación sería fatal.
*   **Falta de control de costos:** Dado el miedo a la inflación, no monitorear y controlar los costos de alimentos, salarios, alquiler y servicios públicos de manera rigurosa (actualizando precios constantemente, negociando con proveedores, buscando alternativas más económicas) hundiría el negocio.
*   **Escasa planificación fiscal y tributaria:** No entender o no anticiparse a los impuestos y regulaciones (especialmente con un gobierno en transición) generaría deudas imprevistas.
*   **Mala administración del flujo de caja:** No tener suficiente efectivo para cubrir los gastos diarios, invertir en stock, o hacer frente a imprevistos llevaría a la quiebra. Si los clientes pagan con tarjeta y tardan en acreditarse los fondos, esto sería un problema aún mayor.

**2. Falta de Adaptación al Mercado Argentino:**

*   **Ignorar las preferencias locales:** Por ser de nivel socioeconómico medio-alto, podría subestimar los gustos y bolsillos de una clientela más amplia. Ofrecer solo platos o productos ""gourmet"" caros en un barrio popular sería un error.
*   **Poca flexibilidad en el menú y la oferta:** No adaptarse a la estacionalidad de los productos o a las tendencias culinarias del momento haría que el restaurante pierda atractivo.
*   **Marketing inefectivo:** No utilizar estrategias de marketing digital y tradicional específicas para el público objetivo y la zona geográfica. No entender la importancia del boca a boca en la cultura argentina.

**3. Mala Gestión Operacional:**

*   **Problemas de personal:** La rotación de personal es alta en gastronomía. No capacitar adecuadamente al equipo, no generar un buen ambiente laboral, y no ofrecer salarios competitivos llevaría a un servicio deficiente y a la pérdida de clientes.
*   **Mala calidad de los alimentos o bebidas:** Escatimar en la calidad de los ingredientes para reducir costos sería un grave error. La calidad es clave para la reputación.
*   **Fallas en la higiene y seguridad alimentaria:** No cumplir con las normas sanitarias y de higiene podría llevar a clausuras y mala reputación.
*   **Inconsistencia en la experiencia del cliente:** No mantener un nivel constante de calidad en la comida, el servicio y el ambiente haría que los clientes no regresen.

**4. Inadecuada Estrategia de Precios:**

*   **Precios demasiado altos o demasiado bajos:** No ajustar los precios a la calidad de la comida, el servicio, el ambiente y la competencia local. La inflación obliga a reevaluar los precios constantemente, pero hacerlo de forma desmedida espantaría a los clientes.
*   **Falta de promociones y descuentos estratégicos:** No ofrecer promociones atractivas para atraer clientes en horarios específicos o días de la semana.

**5. Problemas de Seguridad:**

*   **Inseguridad en la zona:** No tomar medidas de seguridad adecuadas (cámaras, alarmas, personal de seguridad) en un país con altos niveles de inseguridad podría ahuyentar a los clientes y convertir el restaurante en un blanco de robos.

**6. Mala Ubicación:**

*   **Ubicación poco visible o accesible:** No elegir una ubicación con buen flujo de personas, fácil acceso y buena visibilidad sería un error fatal.

**7. Desconexión con la Realidad Local:**

*   **Aferrarse a ideales políticos sin flexibilidad:** Siendo conservadora/liberal y votante de Milei, debe cuidarse de no crear una imagen o discurso que aleje a clientes con otras ideologías, especialmente en un país polarizado.  No comprender las necesidades y sensibilidades de la comunidad local.
*   **Desatender la idiosincrasia argentina:** No comprender las costumbres, tradiciones y valores de la cultura argentina.

**El Miedo a la Inflación y la Inseguridad Económica:**

Este es un factor clave. El miedo constante puede llevar a decisiones impulsivas, como congelar precios por demasiado tiempo (perdiendo rentabilidad) o subirlos abruptamente (perdiendo clientes).  Debería buscar estrategias de cobertura contra la inflación (compras anticipadas, contratos en dólares, etc.) y asesoramiento profesional para tomar decisiones financieras racionales, en lugar de dejarse llevar por el pánico.

En resumen, incluso con un perfil exitoso y una buena formación, el fracaso es posible si no se gestiona el restaurante con realismo, adaptabilidad y una comprensión profunda del contexto argentino, especialmente en lo que respecta a la economía y la cultura local. La clave está en equilibrar la planificación estratégica con la flexibilidad y la capacidad de adaptación en un entorno altamente volátil.
"
Agent_033,ISTP,NO,"¡Uff, $200.000! Vamos a ver, hay que pensarlo bien.

**R1: Reacción visceral (ISTP puro y duro):**

Mi primera reacción es un ""¡Ni loco!"". $200.000 es un montón de plata, especialmente con cómo están las cosas. Me suena a un gasto innecesario. Yo ya sé cómo manejar mi local, lo vengo haciendo hace años. El manual ese… a ver, capaz tiene alguna cosita interesante, ¿pero justificar semejante cifra? Lo dudo. Y tener a alguien encima mío y de mi personal durante un mes… ¡prefiero lidiar con el caos! Me agobia la idea de tener a alguien controlando cada cosita.

**R2: Análisis práctico (el ""T"" de ISTP empieza a trabajar):**

A ver, pará. Hay que ser justo. La garantía de 30 días sí que cambia la cosa un poco. Tener a alguien que te ayude a implementar y te dé una mano posta durante el primer mes no es lo mismo que comprar un manual y que te arregles. La guita, si funciona, podría valer la pena. Si realmente el local empieza a funcionar más solo, y yo puedo delegar más… eso sí sería un cambio. Que después funcione solo y yo pueda estar más tranquilo, dedicándome a otras cosas o simplemente descansando, es tentador.

Después de todo, tengo 74 años. No puedo seguir al pie del cañón como antes. Delegar bien sería una solución. ¿Pero Megan esta realmente sabrá cómo es la realidad de este localcito? ¿Entenderá la idiosincrasia de mi gente y de mis clientes? El manual ese, ¿será realmente aplicable o es pura teoría?

**Veredicto (Evaluación final y toma de decisión):**

Mmm, tengo mis dudas. La garantía de 30 días es un buen gancho, pero me sigue pareciendo mucha plata. Y la verdad, no me convence del todo que alguien de afuera venga a decirme cómo tengo que manejar mi negocio. Aparte, ¿si después de esos 30 días vuelve todo al mismo caos? ¿Qué hago?

Voy a hacer lo siguiente: voy a averiguar más sobre Megan. Si tiene referencias confiables, si trabajó con locales parecidos al mío, si realmente entienden el tema de los costos y los problemas de un local como el mío. Si me convence con eso, quizás... quizás me plantee invertir. Pero por ahora, mi respuesta es ""todavía no"". Prefiero seguir manejando el caos a mi manera, que arriesgarme a perder semejante suma y encima sentirme controlado. Prefiero un asado familiar el domingo.
","Si tuviera que analizar por qué algo podría fallar en el contexto de mi restaurante, considerando mi edad, nivel socioeconómico, inclinación política y preocupaciones principales, diría que las siguientes razones son las más probables:

*   **Falta de Adaptación a las Nuevas Tecnologías:** Con 74 años y un nivel de digitalización probablemente limitado, me costaría implementar estrategias modernas de marketing online, delivery eficiente, o gestión de inventario digital. Esto dejaría mi restaurante en desventaja frente a competidores más jóvenes y familiarizados con estas herramientas.
*   **Dificultad para Afrontar la Inflación y la Devaluación:** Mi mayor miedo es no llegar a fin de mes y perder poder adquisitivo. La inestabilidad económica constante en Argentina me generaría una enorme presión para ajustar precios, negociar con proveedores y mantener la rentabilidad, lo cual podría ser agotador y llevar a decisiones apresuradas.
*   **Resistencia al Cambio en el Mercado Gastronómico:** Si mi restaurante tiene una larga tradición o es una parrilla familiar con un estilo específico, podría ser difícil adaptarme a las nuevas tendencias gastronómicas, como opciones veganas, comida internacional o experiencias culinarias innovadoras. La falta de flexibilidad podría alejar a una nueva generación de clientes.
*   **Polarización Política y su Impacto en el Negocio:** Mi fuerte inclinación peronista, en un contexto de alta polarización política, podría generar rechazo en algunos clientes o proveedores con ideas opuestas, afectando potencialmente la reputación y las relaciones de mi restaurante.
*   **Dificultad para Delegar y Confiar en Otros:** Con una larga historia en el negocio y una personalidad ISTP (práctica y observadora), probablemente me costaría delegar tareas importantes y confiar en empleados más jóvenes o con ideas diferentes. Esto podría generar cuello de botella y limitar el crecimiento del restaurante.
*   **Problemas de Salud Relacionados con la Edad:** A los 74 años, es posible que tenga problemas de salud que limiten mi capacidad para trabajar largas horas o tomar decisiones rápidas. Esto podría afectar la calidad del servicio y la gestión general del restaurante.
*   **Falta de Capital para Invertir:** Mi nivel socioeconómico bajo dificulta la posibilidad de invertir en mejoras, remodelaciones o nuevos equipos para el restaurante, lo que podría afectar la competitividad y la satisfacción del cliente.
*   **Desconexión con las Nuevas Generaciones:** Podría haber una brecha generacional importante en la comprensión de las necesidades y expectativas de los clientes más jóvenes, lo que dificultaría la creación de ofertas atractivas o la comunicación efectiva a través de las redes sociales.
*   **Agotamiento y Falta de Motivación:** Después de tantos años en el negocio, es posible que me sienta agotado o desmotivado para enfrentar los desafíos constantes que presenta la industria gastronómica, lo que podría afectar la calidad del servicio y la moral del personal.
*   **Imposibilidad de acceso a créditos:** La actual situación hace casi imposible el acceso a un crédito bancario accesible.

En resumen, la combinación de mi edad, nivel socioeconómico, mentalidad tradicional y preocupaciones personales podría crear una serie de obstáculos que dificulten la adaptación y el éxito de mi restaurante en el mercado actual.
"
Agent_051,INTP,NO,"¡A ver, a ver, Megan! (R1 - Reacción Inicial Instintiva)

Francamente, la idea inicial de un manual solo me pareció... bueno, otro manual más acumulando polvo en algún estante. Pero esta evolución con el acompañamiento y la garantía, me hacen levantar una ceja. El ""Caos a Control"" suena atractivo. La matriz de manejo de crisis puede ser útil, aunque dudo que reemplace mi experiencia lidiando con clientes difíciles. La parte de WhatsApp constante me suena invasiva, pero... si funciona, funciona. Los $200.000 siguen siendo significativos, pero si de verdad me puedo despreocupar y jugar al pádel sin que el restaurante se caiga a pedazos...

(R2 - Análisis Racional Detallado - Modo INTP Activado)

Bien, necesito analizar esto con lógica. El Manual de Operaciones suena bien, pero necesito ver ejemplos concretos. ¿Qué tan detallados son los checklists? ¿Los protocolos de atención se adaptan a la idiosincrasia de mi clientela? La ""Matriz de Manejo de Crisis"" es interesante, pero ¿cubre escenarios reales como el aumento repentino del precio de la carne o un corte de luz prolongado?

La Consultoría de Despegue de 3 días es clave. Necesito saber quiénes serán los formadores y qué experiencia tienen. ¿Entenderán la dinámica de un restaurante con tantos años como el mío? ¿Sabrán lidiar con empleados que llevan más tiempo que ellos acá?

Pero la GARANTÍA DE IMPLEMENTACIÓN es el factor que me hace reconsiderar seriamente todo. El seguimiento diario vía WhatsApp suena intrusivo (no estoy segura que mis empleados estén muy contentos con eso), pero el hecho de que Megan audite y resuelva crisis en tiempo real, disminuye drásticamente el riesgo. Si realmente funciona, esa inversión podría pagar dividendos rápidamente.

Ahora, siendo INTP, debo considerar el costo de oportunidad. $200.000 podrían destinarse a otras áreas del restaurante, como marketing o mejoras en la cocina. ¿Esta es la mejor manera de invertir el dinero para recuperar mi libertad personal?

(VEREDICTO - Decisión Final y Justificación)

Mi veredicto es que... *estoy intrigada, pero necesito más información*. La garantía de 30 días definitivamente cambia mi percepción del riesgo. Ya no veo los $200.000 como una inversión a ciegas. El hecho de que Megan esté comprometida a auditar y resolver problemas durante el primer mes, sí genera una sensación de ""aseguramiento"".

Sin embargo, antes de dar el sí final, *necesito ver ejemplos concretos del Manual de Operaciones y la Matriz de Manejo de Crisis*. También *necesito conocer a los formadores que trabajarán en mi local* y evaluar si tienen la capacidad de adaptarse a mi restaurante y a mi personal.

En resumen: la propuesta evolucionó positivamente y despertó mi interés. La garantía es un gran incentivo. Pero como conservadora y liberal, no me gusta arriesgarme sin tener la información necesaria y sabiendo en que lo estoy invirtiendo. Necesito ver los detalles antes de invertir. Si Megan me convence con los detalles,  estoy dispuesta a darle una oportunidad y recuperar algo de mi tiempo libre para jugar al pádel sin tener que pensar en el restaurante.
","Para un restaurante, bar o cafetería en Argentina, enfocándonos en una dueña de 68 años, INTP, de nivel socioeconómico alto, con inclinaciones conservadoras/liberales y a quien le preocupa la inflación y la inseguridad económica, las siguientes son razones por las cuales una iniciativa podría fallar:

**Falta de Adaptación a la Realidad Económica Actual (Principal Razón)**

*   **Ignorar la Inflación:** Cualquier estrategia de precios, promociones, o planificación de costos que no considere la **alta y volátil inflación argentina**, está destinada al fracaso. Especialmente para alguien sensible a la inseguridad económica, esto sería crucial. Si la iniciativa no tiene un ajuste automático a la inflación, o márgenes que la contemplen, se desmoronará rápidamente.
*   **Desconocimiento de la Inseguridad Económica Generalizada:** No considerar la **disminución del poder adquisitivo** del consumidor promedio argentino. Asumir que los clientes mantendrán sus patrones de gasto pre-inflación sería un error fatal.
*   **Costos Impredecibles:** Ignorar la dificultad para proyectar costos de insumos, personal y servicios debido a la fluctuación del dólar y las regulaciones cambiantes. Esto podría llevar a una mala administración financiera y pérdidas.

**Desconsideración del Perfil de la Dueña de Restaurante**

*   **Falta de Consideración de la Edad y Nivel de Digitalización:** Asumir que una persona de 68 años estará cómoda y eficiente con nuevas tecnologías o estrategias de marketing digital (redes sociales, automatizaciones, análisis de datos complejo) sin un acompañamiento adecuado. Forzarla a usar herramientas que no comprende o le generan frustración conducirá al rechazo.
*   **Ignorar el MBTI (INTP):** Imponer métodos ""de manual"" sin darle espacio a la dueña para el **análisis, la lógica y la resolución de problemas** de forma independiente. Los INTP necesitan entender *por qué* algo funciona para adoptarlo, no solo que se les diga que funciona.
*   **Desestimar la Experiencia y Conocimiento del Sector:** Intentar imponer ideas ""modernas"" sin valorar la **experiencia** de la dueña, especialmente si se trata de un local histórico o de tradición familiar. Podría sentir que se ignoran sus conocimientos y conexión emocional con el negocio.
*   **No Considerar las Preferencias Políticas y Religiosas (Ateo/Agnóstico, Conservador/Liberal, Votante de Milei):** Proponer iniciativas que choquen frontalmente con sus valores y creencias. Aunque no deberían ser el eje central, es importante tener sensibilidad a esto. Por ejemplo, campañas de marketing excesivamente ""progresistas"" podrían alienarla.
*   **No Adaptarse a la Estructura Familiar/De Gestión Existente:** Ignorar que el restaurante puede ser un negocio familiar, donde las decisiones se toman en conjunto con hijos u otros parientes. Imponer cambios drásticos sin involucrar a los demás podría generar resistencia.

**Razones Adicionales**

*   **Falta de un Plan de Contingencia:** No anticipar posibles crisis (nuevas restricciones gubernamentales, protestas, cortes de suministro, etc.) y no tener un plan para afrontarlas.
*   **Marketing Inefectivo:** Fallar en segmentar adecuadamente el público objetivo y utilizar canales de marketing irrelevantes (ej: invertir mucho en redes sociales si el público objetivo principal es mayor y prefiere medios tradicionales).
*   **Mala Atención al Cliente:** No capacitar adecuadamente al personal para brindar un servicio de alta calidad, especialmente en un contexto donde la competencia es alta.
*   **No Adaptarse a la Competencia Local:** Ignorar la oferta de la competencia, sus precios y promociones.

En resumen, el factor más crítico es la **falta de adaptación a la dura realidad económica argentina**.  Combinado con una **incomprensión del perfil específico** de la dueña del restaurante, la iniciativa tiene una alta probabilidad de fallar. La clave está en ofrecer soluciones que sean **prácticas, realistas, respetuosas de su experiencia y que no requieran un salto tecnológico demasiado grande sin el apoyo adecuado.**
"
Agent_076,ENFP,NO,"¡Uy, esto suena interesante! A ver, vamos a desmenuzarlo bien. Acá van mis rondas de pensamiento:

**R1: Reacción Intuitiva (ENFP)**

¡Guau, una garantía de implementación de 30 días! Eso es un re cambio. Antes, la propuesta de Megan me generaba dudas, porque uno nunca sabe si lo que funciona en un local funciona en el tuyo. Pero tenerla ahí, auditando y resolviendo problemas en tiempo real, le da un valor enorme. Me imagino liberándome de un montón de tareas diarias, sabiendo que el equipo está siguiendo los procesos y que Megan está ahí para apagar cualquier incendio. ¡La idea de recuperar mi tiempo libre me encanta! El manual y las herramientas son geniales, pero el acompañamiento personalizado es lo que realmente hace la diferencia. ¡Podría irme de vacaciones y no estar pegada al teléfono!

**R2: Análisis Racional (Considerando mi ADN de Dolor y Pensamiento Político)**

Ok, momento de ser realista. $200.000 es una inversión importante, y con la inflación que tenemos... uff. Pero, pensándolo bien, ¿cuánto me cuesta a mí no delegar? ¿Cuántas horas le dedico a apagar incendios en lugar de enfocarme en hacer crecer el negocio? ¿Cuánto pierdo por errores del personal que no está bien capacitado?  Si Megan realmente logra que el restaurante funcione solo en 30 días, esa inversión se paga sola. Además, como conservadora/liberal, valoro mucho la eficiencia y la profesionalización. Este sistema de servicio podría ser la clave para que mi negocio sea más rentable y menos dependiente de mi presencia constante.  Necesito hacer números finos y comparar esta inversión con otras opciones (contratar un gerente, capacitar yo misma al personal...). Pero la garantía de implementación reduce muchísimo el riesgo.

**Veredicto Final: Decisión Basada en la Recuperación de la Libertad Personal**

¡Sí, me interesa! La garantía de acompañamiento de 30 días es un factor decisivo. Me da la tranquilidad de que no voy a tirar la plata y que voy a tener el apoyo que necesito para implementar el sistema. Necesito mi tiempo libre. Necesito poder disfrutar de mis asados familiares sin estar pensando en el restaurante.  La idea de delegar con confianza y tener un negocio que funcione de manera eficiente me seduce muchísimo. Voy a pedirle a Megan más detalles sobre cómo es el proceso de auditoría y qué tipo de problemas resuelve en esos 30 días, para asegurarme de que realmente entiende las particularidades de mi restaurante. Pero, en principio, ¡adelante con la propuesta! Creo que esta inversión puede cambiar mi calidad de vida y la rentabilidad de mi negocio. ¡A recuperar el control y disfrutar de la vida!
","Para un dueño de restaurante/bar/cafetería en Argentina, considerando el perfil que me has dado, estas son algunas razones por las cuales un emprendimiento o iniciativa podría fallar:

**Factores Macro y Políticos-Económicos (considerando el ""ADN de Dolor""):**

*   **Hiperinflación y Devaluación Descontrolada:**  Este es el temor número uno.  Si la inflación se dispara, los costos de los insumos se vuelven impredecibles.  Los menús no pueden actualizarse suficientemente rápido, los márgenes se reducen drásticamente y la gente restringe sus gastos en comer afuera. Si la devaluación es abrupta, los productos importados (vinos, licores, quesos especiales, etc.) se vuelven prohibitivos.
*   **Inestabilidad e Incertidumbre Política y Regulatoria:**  Cambios constantes en las regulaciones laborales, impuestos, habilitaciones, etc., generan una enorme carga administrativa y financiera.  La falta de previsibilidad dificulta la planificación a largo plazo. Si hay marchas o cortes de calles frecuentes, el acceso al restaurante se ve afectado. La inestabilidad política, si es extrema, puede generar desconfianza y caída del consumo.
*   **Aumento Impositivo:**  Nuevos impuestos o aumentos en los existentes, especialmente a los ingresos brutos, las ganancias o a la propiedad, impactan directamente en la rentabilidad, obligando a subir precios o reducir la calidad.
*   **Inseguridad:** El aumento de la inseguridad, tanto para clientes como para empleados, disuade a la gente de salir a comer fuera, especialmente por la noche. Esto puede obligar a cerrar más temprano o a invertir fuertemente en seguridad privada.

**Factores de Gestión y Operacionales:**

*   **Mala Gestión de Costos:** No controlar el *food cost*, el costo de la mano de obra, el alquiler y los servicios puede llevar rápidamente a la inviabilidad del negocio.  Esto incluye un mal manejo del *merma* (desperdicio de alimentos).
*   **Mala Administración del Personal:**  Altas tasas de rotación, falta de capacitación, problemas laborales y juicios pueden ser muy costosos.  No mantener un buen ambiente de trabajo y no motivar al personal afecta la calidad del servicio.
*   **Mala Calidad del Producto/Servicio:**  Ofrecer comida de mala calidad, un servicio deficiente o un ambiente descuidado aleja a los clientes.  La consistencia es clave.
*   **Falta de Innovación y Adaptación:**  No actualizar el menú, no ofrecer propuestas novedosas, no adaptarse a las nuevas tendencias o no incorporar tecnología (delivery, reservas online, sistemas de pago digital) puede hacer que el negocio quede obsoleto rápidamente.
*   **Mala Ubicación o Falta de Visibilidad:**  Una ubicación poco accesible, con poco tránsito o sin estacionamiento puede ser fatal.
*   **Marketing Inefectivo:** No invertir en marketing digital (redes sociales, publicidad online) o no tener una estrategia de marketing bien definida puede hacer que el restaurante pase desapercibido. Una mala reputación online (reseñas negativas sin respuesta) puede ahuyentar a potenciales clientes.
*   **Problemas con Proveedores:**  Depender de un único proveedor o no negociar buenos precios puede afectar la rentabilidad y la calidad de los insumos. Retrasos en las entregas pueden interrumpir el servicio.

**Factores Específicos del Perfil:**

*   **Resistencia al Cambio (considerando edad y nivel de digitalización variable):**  Si el dueño (46 años) se resiste a adoptar nuevas tecnologías o a cambiar procesos que funcionan ""como siempre"", el negocio puede quedar rezagado en comparación con la competencia.
*   **Confianza Excesiva (considerando el ""medio-alto"" nivel socioeconómico):**  Un exceso de confianza, basado en éxitos pasados o en una situación económica personal confortable, puede llevar a tomar decisiones arriesgadas o a no prestar atención a los problemas que se avecinan.
*   **Ideología Política Rígida:**  Aunque la persona votó a Milei, aferrarse dogmáticamente a una ideología puede cegarla ante las realidades del mercado y las necesidades de sus clientes (que pueden tener diferentes opiniones políticas). Por ejemplo, despreciar a clientes con opiniones políticas distintas podría ser negativo.
*   **Falta de Tiempo (considerando ""casado/a con hijos""):** Dividir el tiempo entre la familia y el negocio puede llevar a descuidar aspectos importantes de la gestión. Delegar demasiado puede llevar a una pérdida de control.
*   **Problemas Familiares (si es un negocio familiar):**  Conflictos familiares pueden afectar la gestión y el ambiente de trabajo. No tener una clara división de roles y responsabilidades puede generar tensiones.
* **No estar presente:** Un restaurante necesita a su dueño ""en la cancha"". Si el dueño no está presente en el día a día (especialmente durante los turnos más concurridos), es difícil mantener la calidad y la atención al cliente.

En resumen, la combinación de una economía volátil, una gestión deficiente, la resistencia al cambio y factores personales puede ser la receta para el fracaso de un restaurante en Argentina. La clave está en la *adaptabilidad*, la *prudencia financiera*, la *atención al cliente* y la *constante búsqueda de innovación*.
"
Agent_052,INFP,NO,"¡Uf, ahí vamos de nuevo con estas propuestas! A ver, Megan, la entiendo, sé que quiere ayudar, pero a veces me cuesta...

**Ronda 1: Reacción Visceral (INFP en Modo Supervivencia)**

*   ¡Ay, Dios mío, $200.000! ¿De dónde saco yo esa plata? Con la inflación que hay, es un montón... (Miedo al no llegar a fin de mes).
*   ¿Tres días de consultoría? ¿Y quién atiende el local mientras tanto? No puedo dejar a cargo a cualquiera, porque ya sé cómo termina eso... (Desconfianza, basada en experiencias pasadas).
*   Pero... (Una pequeña voz esperanzada) la garantía de 30 días suena bien. Que alguien me acompañe y me diga qué hacer... eso sí me da un poco de tranquilidad.

**Ronda 2: Análisis Racional (INFP Intentando Ser Práctico)**

*   Okay, a ver, pensemos fríamente. El manual de operaciones... ya tengo algo parecido, pero nunca logré que el personal lo siga al pie de la letra. Igual, la matriz de manejo de crisis podría ser útil, para que no me llamen por cada cosita.
*   Lo de los 3 días de consultoría... Eso me da un poco de miedo. ¿Será que esta mujer entiende cómo funciona mi restaurante? Cada lugar es un mundo. ¿Y si viene con ideas locas que no encajan?
*   La garantía de 30 días es lo que más me llama la atención. Si realmente me auditara por WhatsApp y resolviera problemas EN TIEMPO REAL, tal vez valdría la pena. Pero... tendría que ver resultados concretos. Si logro delegar... sería un sueño hecho realidad (Necesidad de recuperar mi libertad personal).

**Veredicto (INFP con un Pie en la Realidad y Otro en la Esperanza)**

A ver, Megan... Te voy a dar una oportunidad, PERO con condiciones.

**¿Por qué diría que SÍ, pero con condiciones?:**

*   **La garantía de 30 días es clave:** Es lo único que realmente me hace considerar la inversión. Necesito sentir que no voy a tirar $200.000 a la basura.
*   **Negociación:** Le propondría hablar con Megan y ver cómo podría adaptar el plan a la realidad de mi restaurante.

**Las condiciones serían:**

1.  **Conocer en detalle el Manual de Operaciones:** Que me muestre ejemplos concretos de check-lists y protocolos. Necesito ver si son útiles y aplicables a mi local.
2.  **Entrevista con el personal antes de la consultoría:** Necesito que Megan conozca a mi gente, que entienda sus fortalezas y debilidades, para que la capacitación sea efectiva.
3.  **Resultados medibles:** Al final de los 30 días, quiero ver que mis empleados pueden manejar situaciones sin llamarme, que los clientes están más contentos y que las ventas aumentaron. Si no veo resultados, quiero una garantía de devolución del dinero.

Si Megan acepta mis condiciones, entonces, tal vez, me animaría a invertir. Pero necesito sentir que no estoy apostando a ciegas, necesito protección porque veo la amenaza de no llegar a fin de mes muy cerca mio. Necesito estar segura de que realmente voy a recuperar mi libertad personal y que mi restaurante funcione sin que yo tenga que estar presente todo el tiempo. Si no, prefiero seguir como estoy, que al menos ya sé lo que tengo.
","Okay, entiendo. Analicemos por qué una estrategia de marketing o una idea específica podría fallar para un dueño de restaurante en Argentina, considerando el contexto que me proporcionaste:

**Fallos Basados en el Perfil Específico (Dueña de Restaurante, 50 años, NSE Bajo, INFP, Evangélica, Peronista, Secundario Completo, Angustiada por la Economía, Gamer):**

*   **Tecnología Obsoleta o Complejidad Digital:** Asumir que todos los dueños de restaurantes, incluso los de 50 años, están cómodos con las últimas tecnologías. Una campaña que dependa exclusivamente de marketing de influencers en TikTok o realidad aumentada en el menú podría no ser efectiva. Su nivel de digitalización podría ser limitado, y la curva de aprendizaje, una barrera.
*   **Mensajes Desconectados de sus Valores:** Una campaña excesivamente moderna, con lenguaje inclusivo extremo o que toque temas sensibles para su fe o ideología política (dentro del contexto de un restaurante, claro) podría resultar contraproducente. Un mensaje que ignore la importancia de la familia y las tradiciones argentinas también podría fallar.
*   **Ignorar la Angustia Económica:** Promociones que requieran una inversión inicial significativa, como remodelaciones costosas o software de gestión de última generación (sin demostrar un ROI rápido y tangible) serían difíciles de vender. El foco debe estar en soluciones que incrementen las ganancias a corto plazo y reduzcan costos.
*   **Marketing Genérico o Irrelevante:** Una campaña que no hable directamente de los problemas que enfrenta, como el aumento de los precios de los alimentos, la inflación o la competencia desleal, no resonará. Necesita contenido que le recuerde que entiendes su realidad.
*   **Falta de Personalización:** Asumir que todos los restaurantes necesitan la misma solución. Una estrategia de marketing para un café de especialidad en Palermo no funcionará para una parrilla familiar en el interior.
*   **Desconexión con su Pasión por el Gaming:** Ignorar su hobby. Podría ser muy dificil pensar en aprovechar el gaming directamente en su restaurante, pero entender la cultura gamer y usar un lenguaje sencillo dentro de la campaña podría conectar con ella en un plano diferente.

**Fallos Basados en el Contexto Argentino General:**

*   **Ignorar la Inflación:** Precios que cambian constantemente en los menús o flyers publicitarios obsoletos rápidamente.
*   **Burocracia y Regulaciones:** Promesas de agilización de trámites que no se cumplen o desconocimiento de las regulaciones locales (impuestos, habilitaciones, normas sanitarias).
*   **Crisis Económica:** Estrategias que asuman una estabilidad económica inexistente. Planes de expansión a gran escala o inversiones a largo plazo podrían ser inviables.
*   **Competencia Desleal:** Ignorar la informalidad y la competencia de precios bajos que ofrecen algunos negocios ilegales.
*   **Fragmentación Geográfica:** Campañas que olvidan las diferencias culturales y económicas entre CABA, GBA y el interior del país.

**Ejemplos Concretos de Ideas que Podrían Fallar:**

*   **Programa de Lealtad Complejo:** Un sistema de puntos complicado que requiera que los clientes descarguen una app y escaneen códigos QR. Sería mejor algo simple, como sellar una tarjeta física por cada compra.
*   **Campaña Publicitaria Excesivamente Costosa:** Invertir grandes sumas en publicidad en redes sociales sin segmentar adecuadamente el público objetivo o sin tener una estrategia de contenido orgánico complementaria.
*   **Menú Degustación de Alta Cocina:** En un restaurante de barrio con precios accesibles, un menú degustación sofisticado podría alienar a la clientela habitual.
*   **Promoción Exclusiva para Tarjetas de Crédito Premium:** En un contexto de bajo nivel socioeconómico, una promoción que solo beneficie a un grupo reducido de personas podría generar resentimiento.

**En Resumen:**

La clave para evitar el fracaso es la **investigación exhaustiva** del público objetivo, la **adaptación al contexto económico y cultural argentino**, la **simplicidad** y la **conexión genuina** con los valores y preocupaciones del dueño del restaurante. Recordar que no estás hablando con un robot, sino con una persona real con sus propias experiencias, creencias y miedos.
"
