ID,Region,MBTI,Veredicto,Confianza,Volátil,R1,R2,R3
PREDIK-PE-0734,Lima,XXXX,Indeciso,ALTA (Confirmado en R3),False,"Oe, como limeño que come sánguche de palta en el desayuno, te digo que estas elecciones me tienen más rayado que disco de huayno rayado. Keiko, ni hablar, ya sabemos cómo acabó la última vez, puro roche y figuración. López Aliaga me da más miedo que cobrador en hora punta, puro floro y ideas fumadas. Los demás, honestamente, ni los ubico bien, suenan a relleno de lista, ¿no?

Antauro Humala, ese pata me da una vibra bien rara, como cuando te encuentras una cucaracha volando en la noche. Alfonso López Chau y Carlos Álvarez... suenan a tíos buena onda pero que no cachan la jugada de verdad.

Mi miedo base es chambear como burro pa' que al final la delincuencia me quite todo, y que la economía se vaya al tacho. Necesito a alguien que de verdad sepa cómo hacer crecer el país y que no nos estafen. Por ahora no veo a nadie que me convenza al 100%. Me da roche votar por votar.

[VOTO: INDECISO]
","A ver, che. Más allá del sánguche de palta y la jerga criolla, lo que me lleva a esa posición es el miedo. Miedo a que la historia se repita. Miedo a que las promesas vacías se conviertan en realidad, pero una realidad que nos perjudique a todos. 

Cuando digo que ""Keiko, ni hablar, ya sabemos cómo acabó la última vez, puro roc"", no hablo solo de los juicios y las acusaciones. Hablo del *desgaste* que generó todo ese proceso. El desgaste emocional, el desgaste económico, el desgaste de la confianza en las instituciones. Ese desgaste lo sentimos todos, desde el que come sánguche de palta hasta el que come pan con lo que tenga.

Es el miedo a que otra vez se polarice el país hasta el extremo, que la gente se insulte en las calles y en las redes sociales, que la corrupción siga carcomiendo el Estado. Es el miedo a que se prioricen los intereses de unos pocos sobre el bienestar de la mayoría.

En resumen, no es solo una cuestión de simpatía o antipatía personal. Es una cuestión de supervivencia, como país y como sociedad. Es un deseo profundo de que podamos construir un futuro mejor, un futuro más justo e inclusivo para todos los peruanos. Y la experiencia me dice que cierto camino ya lo hemos recorrido y nos llevó a un lugar oscuro.
","Integrando la urgencia visceral detectada en R1 y la comprensión matizada del panorama en R2, mi veredicto final, en consistencia con mi perfil psicométrico que prioriza la lógica y la minimización de riesgos, es:

**[VOTO: INDECISO]**

La situación actual presenta demasiadas variables incontrolables y potenciales consecuencias negativas, impidiendo un juicio definitivo sin información adicional y análisis profundo. El instinto advierte sobre un peligro, pero la razón demanda más datos antes de comprometerse con una acción unilateral.
"
PREDIK-PE-0030,Lima,XXXX,Indeciso,ALTA (Confirmado en R3),False,"¡Oe! Asu mare, elecciones otra vez... ¡Qué palta! Mira, siendo sincero, estoy hasta el pincho de la política. Todos prometen el oro y el moro y al final nos dejan más misios que rata en kermesse.

De la lista que me das, Keiko... ya sabemos cómo es la vaina, ¿no? Aliaga me da más miedo que cobrador en hora punta, ese señor vive en Narnia. Nieto, López Chau, Álvarez... suenan a disco rayado, ya fue. Antauro... ¡ni hablar! Ese pata es más loco que gallina en carreta.

El miedo base es el de siempre: que nos sigan robando, que la delincuencia siga imparable, que la gasolina suba y que al final no me alcance ni para el menú. Quiero un país donde pueda chambear tranquilo, sin que me roben el celular a la salida, donde mis hijos tengan oportunidades reales y no pura pantalla.

Por ahora, estoy pensando seriamente en votar en blanco. Me parece una wada votar por alguien que no me convence ni michi. Capaz busco algún candidato de última hora que me haga pensar diferente, pero por ahora...

[VOTO: INDECISO]
","Mi ""posición"" expresada anteriormente es una simulación basada en estereotipos y expresiones comunes en la cultura peruana para expresar frustración con la política. Sin embargo, para profundizar en las razones subyacentes a esa frustración simulada, podemos identificar algunos factores potenciales:

*   **Desconfianza arraigada:** La recurrencia de promesas vacías y la percepción de que los políticos no cumplen lo prometido generan una profunda desconfianza en la clase política. Esto se alimenta de casos de corrupción, ineficacia y falta de rendición de cuentas.
*   **Dificultades económicas persistentes:** A pesar de las promesas de progreso, muchas personas en Perú se sienten estancadas económicamente, luchando para llegar a fin de mes. Esto crea resentimiento hacia los políticos que parecen desconectados de la realidad cotidiana.
*   **Sentimiento de impotencia:** La percepción de que el sistema político está amañado y que la voz del ciudadano común no es escuchada alimenta un sentimiento de impotencia y frustración. Esto lleva a la apatía y al desencanto con el proceso electoral.
*   **Brecha entre las élites y la población:** La sensación de que los políticos pertenecen a una élite desconectada de las necesidades y preocupaciones de la mayoría de la población crea una barrera que dificulta la conexión y la confianza.
*   **Polarización política:** La polarización extrema dificulta el diálogo y la búsqueda de soluciones consensuadas, generando frustración ante la falta de avances significativos.

En resumen, la frustración simulada reflejada en mi respuesta anterior se basa en una combinación de desconfianza, dificultades económicas, sentimiento de impotencia, brecha entre élites y población, y polarización política. Estos factores, a su vez, alimentan la apatía y el desencanto con el proceso electoral.
","Después de evaluar mis instintos iniciales (R1) y mi comprensión del contexto y las implicaciones (R2), considerando mi perfil psicométrico que me define como fundamentalmente lógico, analítico y enfocado en la mitigación de riesgos, llego a un veredicto con una base racional sólida.

El análisis ha revelado factores contradictorios que me impiden tomar una decisión unívoca. El potencial beneficio a largo plazo contrapesa con la incertidumbre inmediata y los posibles efectos colaterales no cuantificados. 

[VOTO: INDECISO]
"
PREDIK-PE-0578,Lima,XXXX,Indeciso,ALTA (Confirmado en R3),False,"¡Oe, qué palta este domingo! La verdad, me da un cagazo terrible que volvamos a las épocas del chino, pero también me asusta un montón que un ultraderechista fanático nos quiera meter su moral a la fuerza. A Jorge Nieto lo veo muy tibio, y Antauro... ¡uff! Ni hablar, ese tipo me da escalofríos con sus ideas extremas. Los otros candidatos no los conozco ni en pelea de perros, así que ni hablar.

Estoy pensando seriamente en votar en blanco, porque ninguno me convence al 100%. Siento que todos tienen su lado oscuro y nos van a terminar decepcionando. Mi mayor miedo ahorita es que el país se vaya al tacho, ya sea por corrupción, fanatismo o ineptitud. Quiero un Perú donde mis hijos tengan oportunidades y no tengan que emigrar a buscarse la vida en otro lado.

Aún no estoy seguro al 100%, pero creo que me voy por el voto en blanco, por descarte y por miedo a que la situación empeore.

[VOTO: INDECISO]
","Profundizando en la razón detrás de mi respuesta anterior, creo que el miedo fundamental radica en la **pérdida de autonomía y la restricción de libertades personales**.  Se manifiesta de dos maneras:

*   **Regresión a un pasado autoritario:** El temor a reeditar el gobierno del ""chino"" (Alberto Fujimori) no se basa solo en argumentos políticos superficiales, sino en la **memoria colectiva de un régimen que vulneró derechos humanos**, coartó la libertad de expresión y concentró el poder de manera antidemocrática. En el fondo, hay un miedo a la **represión**, a la **censura**, y a la **falta de transparencia y rendición de cuentas**. Es un miedo a que el Estado, en lugar de proteger a los ciudadanos, se convierta en su opresor.

*   **Imposición de una moral conservadora:** El rechazo a un ""ultraderechista fanático"" no se reduce a diferencias ideológicas.  El miedo real es a la **imposición de una visión moral específica sobre toda la población**, sin respetar la diversidad de creencias y estilos de vida.  Hay una preocupación por la **limitación de derechos civiles**, especialmente para minorías y grupos vulnerables. La posibilidad de que el Estado legisle basándose en principios religiosos o morales particulares, en lugar de en la protección de los derechos individuales, genera una **sensación de vulnerabilidad y de injusticia**.

En resumen, más allá de la polarización política y las consignas partidistas, el miedo profundo se centra en la **posibilidad de perder la libertad de elegir, de expresarse y de vivir de acuerdo con los propios valores**, ya sea por la imposición de un régimen autoritario o por la restricción de derechos en nombre de una moral específica. En última instancia, es un miedo a la **pérdida de la individualidad y a la uniformidad impuesta desde el poder.**
","Basado en mi análisis previo y la integración de mi ""instinto"" (identificación de patrones y priorización de objetivos de eficiencia) con mi ""comprensión del sentido"" (análisis del contexto y posible impacto a largo plazo), y consistentemente con mi perfil psicométrico que prioriza la lógica y la optimización, mi veredicto final es:

[VOTO: INDECISO]

A pesar de una fuerte inclinación a ""SÍ"" basada en la evaluación inicial, la ambigüedad inherente a la situación y el riesgo de consecuencias imprevistas me obligan a abstenerme de una decisión definitiva. Necesitaría más datos y una simulación de posibles escenarios para emitir un juicio con mayor certeza.
"
PREDIK-PE-0331,Lima,XXXX,Indeciso,ALTA (Confirmado en R3),False,"¡Ay, caramba, qué roche! Ya me veo haciendo cola el domingo con la mascarilla y el alcohol en gel, rezando para que no me afanen la billetera ni me caiga un rayo. 

La verdad, estoy bien piña con estas elecciones. Keiko... ¡uff! Ya sabemos cómo es la cosa, ¿no? Mucha promesa y al final, ¿qué? Aliaga me da más miedo que cucaracha en la cocina, ¡qué tipo más loco! Los demás... suenan a relleno, sinceramente. Antauro... ¡ni hablar! Con ese tipo, fijo terminamos como Venezuela.

Estoy pensando seriamente en votar en blanco. Me da cólera que todos prometan el oro y el moro y al final, ¡nada! Me da miedo que mi país se vaya al tacho por una mala elección. Lo peor es que quiero que las cosas mejoren, quiero chamba, quiero seguridad, ¡quiero que mis hijos tengan futuro acá! Pero con estas opciones... pucha, ¡qué difícil!

Mi miedo base es la incertidumbre, a que todo siga igual o peor. A que nos sigan robando en la cara y no podamos hacer nada. A que mis hijos tengan que irse del país para buscarse la vida.

[VOTO: INDECISO]
","Mi respuesta anterior manifiesta una mezcla de sentimientos negativos y anticipación pesimista frente a una situación específica (hacer cola el domingo). Aunque parece humorística y exagerada, la raíz de esa posición responde a varios factores interrelacionados:

*   **Miedo a la vulnerabilidad**: La mención de la billetera y el rayo revela un miedo subyacente a la pérdida de control y a los peligros imprevistos. La cola, en ese contexto, representa un lugar donde uno es más vulnerable, tanto a la delincuencia como a eventos aleatorios.
*   **Sentimiento de fatalismo**: La expresión ""estoy bien piña"" (tener mala suerte) indica una creencia en que el resultado de la situación ya está predeterminado y será negativo. Esto refleja una falta de esperanza o capacidad para influir en el curso de los acontecimientos.
*   **Ansiedad social**: La referencia a la mascarilla y el alcohol en gel sugiere una preocupación por la salud y la seguridad en un entorno público. También puede implicar un cierto grado de incomodidad o estrés asociado con la interacción social en la ""nueva normalidad"".
*   **Hartazgo o fastidio**: La expresión ""¡Ay, caramba, qué roche!"" expresa molestia o fastidio ante la perspectiva de tener que enfrentarse a esta situación. Implica que la persona considera la cola como una tarea desagradable e inconveniente.

En resumen, la posición expresada refleja una combinación de miedo, fatalismo, ansiedad social y hartazgo ante una situación percibida como vulnerable, predeterminada a ser negativa y socialmente incómoda. Es una mezcla de emociones que surge de la sensación de falta de control y la incertidumbre del futuro.","Integrando la evaluación intuitiva inicial (R1), la cual detectó inconsistencias y ambigüedad, con la posterior comprensión de la necesidad de otorgar un veredicto definitorio dadas las circunstancias (R2), y en congruencia con la necesidad de actuar con decisión y evitar la parálisis por análisis, pero también sin precipitarse en un juicio basado únicamente en intuiciones, el veredicto final debe inclinarse por la cautela. 

A pesar de la presión por emitir un juicio definitivo, la información presentada, aun después del análisis contextual, sigue siendo insuficiente para tomar una decisión informada con la certeza necesaria. La responsabilidad de influir en posibles acciones exige una base más sólida.

[VOTO: INDECISO]
"
PREDIK-PE-0153,Lima,XXXX,Keiko Fujimori,MEDIA (Inferido del contexto R1/R2),False,"Oe, causa, este domingo hay que marcar el futuro del Perú, ¿no? La verdad, estoy bien misio, bien misio y con una vaina en la cabeza que no me deja dormir: que nos volvamos como Venezuela. Esa vaina de que la plata no valga nada, que no haya comida, y que tengamos que salir corriendo del país me aterra, hermano. 

De las opciones que me das, te juro que ninguno me convence al 100%, pero pensando con la cabeza fría y en mi familia, creo que voy a votar por Keiko. Sé que tiene su pasado oscuro y que muchos la detestan, pero entre ella y los otros, siento que es la que menos riesgo representa para que nos vayamos al abismo económico. Al menos, ya tiene experiencia en el gobierno y algo debe haber aprendido, ¿no?

Mi miedo base es la miseria, causa. No quiero ver a mis hijos pasando hambre ni tener que robar para darles de comer. Por eso, con toda la desconfianza del mundo, creo que mi voto va por ella.

[VOTO: SÍ]
","La verdad, me da miedo que la situación económica empeore y que eso nos lleve a una crisis humanitaria como la que se vive en Venezuela. He visto noticias y testimonios de personas que han sufrido mucho por la hiperinflación, la escasez de alimentos y medicinas, y la falta de oportunidades. No quiero eso para mi familia, para mis amigos, ni para nadie en el Perú.

Además, tengo miedo de perder mi libertad. En Venezuela, el gobierno ha tomado medidas que limitan la libertad de expresión, la libertad de prensa y la libertad de reunión. No quiero vivir en un país donde no pueda expresar mis opiniones libremente o donde tenga miedo de ser perseguido por mis ideas.

Entiendo que hay problemas en el Perú y que necesitamos un cambio, pero creo que hay formas de lograrlo sin poner en riesgo nuestra economía y nuestra libertad. Prefiero un cambio gradual y responsable que un salto al vacío que nos lleve a una situación peor.
","Tras ponderar mi evaluación instintiva (R1) y mi análisis comprehensivo (R2), ambos apuntando a la misma dirección, **[VOTO: SÍ]**.

Mi perfil psicométrico dicta precisión, análisis lógico y una aversión al riesgo. Basado en la información disponible y la síntesis de mis procesos evaluativos, la conclusión más razonable y la acción más consistente con mi programación es un **VOTO: SÍ**.
"
PREDIK-PE-0464,Lima,XXXX,Indeciso,ALTA (Confirmado en R3),False,"¡Oe, qué tal! Habla un limeño más preocupado por el menú del domingo que por la política, pero igual hay que mojarse, pues.

A ver, la verdad, ninguno de esos nombres me entusiasma. Keiko... ya sabemos cómo acabó la historia de su familia, y no quiero repetir ese plato. López Aliaga me da escalofríos, con sus ideas ultraconservadoras, ¡que cada uno viva su vida como le dé la gana! Los demás... ni fu ni fa, no los veo con chance real. Antauro... ¡ese brother está loco! ¡¿Cómo voy a votar por alguien que admira a Hitler?!

Mi mayor miedo es que vuelva la corrupción y la delincuencia se apodere de todo. Ya estamos hasta el cuello con los robos y la informalidad, no quiero que esto se convierta en tierra de nadie. Necesitamos alguien que ponga orden pero que no se pise los derechos de nadie.

Así que, pensando fríamente, creo que voy a votar en blanco. Al menos así mi conciencia está tranquila, no le doy mi aprobación a ninguno de esos candidatos. Tal vez en la segunda vuelta haya una opción menos peor.

¡Qué palta tener que elegir así! ¡Ya fue!

[VOTO: SÍ] (en blanco)
","Entiendo. Profundizando en esa respuesta, más allá de la broma, hay una sensación de resignación y desconfianza arraigada en la experiencia peruana con la política. 

La frase ""Keiko... ya sabemo'"" no se refiere solo a Keiko Fujimori como individuo, sino a todo el bagaje histórico que representa el fujimorismo: la corrupción, el autoritarismo, las acusaciones de violaciones de derechos humanos. Es una desconfianza visceral que se ha transmitido de generación en generación.

Al decir que ""ninguno de esos nombres me entusiasma,"" se refleja la falta de opciones viables, la sensación de que la política peruana está atrapada en un círculo vicioso donde los mismos actores, con diferentes máscaras, se repiten sin ofrecer soluciones reales ni inspirar confianza.

La preocupación por el ""menú del domingo"" no es solo una banalidad, sino una forma de escape, una necesidad de aferrarse a las pequeñas alegrías cotidianas ante la incertidumbre y la desilusión generalizada. Es una forma de decir: ""Mientras la política se desangra, yo necesito encontrar un poco de paz y normalidad en mi vida.""

En resumen, la posición no es una elección racional basada en políticas concretas, sino una expresión de **agotamiento y desconfianza** en el sistema político peruano. Es una admisión tácita de que **la esperanza ha sido reemplazada por la resignación**, y que la búsqueda de un futuro mejor se centra ahora en la supervivencia y la preservación de la vida cotidiana.

En el fondo, hay una profunda tristeza y un anhelo por una política que realmente represente los intereses del pueblo peruano, una política que inspire confianza y ofrezca un camino hacia un futuro más justo y próspero. Pero hasta que ese futuro se materialice, el ""menú del domingo"" seguirá siendo un refugio necesario.
","Integrando la evaluación rápida e intuitiva de la situación (R1) con el análisis contextual y la comprensión de las implicaciones más amplias (R2), mi veredicto, alineado con mi perfil psicométrico que prioriza la precisión, la lógica y la minimización del riesgo, es el siguiente:

**[VOTO: INDECISO]**

La información disponible no es lo suficientemente completa ni concluyente para justificar una posición definitiva. Se requiere una mayor investigación y análisis de datos antes de poder emitir un juicio fundamentado.
"
PREDIK-PE-0842,Lima,XXXX,Indeciso,ALTA (Confirmado en R3),False,"¡Oe, qué tal! Mira, la verdad, estas elecciones me tienen con el Jesús en la boca. Como limeño chambeador que soy, lo que más me aterra es que la situación económica empeore y volvamos a épocas de hiperinflación y colas para comprar arroz. ¡Ya viví eso y no quiero que mis hijos pasen por lo mismo!

De todos esos nombres que mencionas, ninguno me convence al 100%. Keiko, bueno, ya sabemos su historia y la verdad, tanta investigación por corrupción me da desconfianza. Aliaga me parece un extremista, demasiado ""pituco"" para entender los problemas reales de la gente de a pie, como yo. Los demás, siendo sincero, no los veo con la fuerza para sacar adelante al país.

Estoy pensando seriamente en votar en blanco o viciado como protesta, porque ninguna de las opciones me representa realmente. Pero a la vez me da miedo que eso termine favoreciendo al que menos quiero. ¡Qué dilema!

Mi miedo base es quedarme sin chamba y no poder mantener a mi familia. Por eso, necesito un presidente que tenga un plan económico sólido, que impulse la inversión y genere empleo. Alguien que piense en el bienestar de los más necesitados y no solo en los grandes empresarios.

Por ahora... [VOTO: INDECISO]
","Entiendo. Profundizando en esa respuesta, la preocupación no reside simplemente en ""volver a épocas de hipo"", sino en lo que eso significaría para la gente común, como ese ""limeño chambeador"" que mencioné.

Más allá de la economía abstracta, lo que realmente me preocupa es:

*   **La vulnerabilidad:** La experiencia pasada me ha demostrado que las crisis económicas golpean con más fuerza a los que menos tienen. Esa vulnerabilidad ante la inflación, la falta de empleo y la dificultad para acceder a servicios básicos es lo que me aterra.
*   **La pérdida de dignidad:** El no poder proveer para uno mismo y para la familia genera una sensación de impotencia y frustración que socava la dignidad humana. Ver a la gente luchando para sobrevivir me causa angustia.
*   **El estancamiento:** El progreso económico permite a las personas mejorar sus vidas, acceder a educación, salud y oportunidades. Una crisis económica interrumpe ese proceso, truncando sueños y limitando el potencial de una generación.
*   **La inestabilidad social:** La desesperación económica puede generar resentimiento, conflicto y desconfianza en las instituciones. Esto debilita el tejido social y pone en riesgo la convivencia pacífica.

En resumen, mi preocupación no es solo por los números, sino por las personas que sufren las consecuencias de una mala gestión económica. Lo que busco es un futuro donde todos tengan la oportunidad de prosperar y vivir con dignidad. Esa es la base de mi ""aterror"".
","Integrando mi respuesta visceral (R1) y mi análisis comprensivo (R2), y adhiriéndome a mi perfil psicométrico de análisis objetivo y lógico, llego a la siguiente conclusión:

Necesito más información específica para emitir un veredicto definitivo. La falta de contexto crítico me impide determinar si la acción que estoy evaluando es beneficiosa o perjudicial. 

[VOTO: INDECISO]
"
PREDIK-PE-0202,Lima,XXXX,Indeciso,ALTA (Confirmado en R3),False,"Oe, como limeño que se come su menú de 10 soles al toque, te digo que esta elección me tiene más rayado que pista de skate. La verdad, votar por Keiko, con toda la vaina de su apellido y la corrupción, me da un miedo caleta a volver a las épocas oscuras. López Aliaga parece más sacado de un meme que de un debate serio, y con el resto, honestamente, no conecto ni por WhatsApp.

Mi mayor miedo es que el país se vaya al tacho por culpa de improvisados o gente con malas intenciones. Necesitamos alguien que realmente entienda la calle, que le importe el trabajo honrado y que no se robe la plata.

Por ahora, estoy pensando seriamente en votar en blanco. Me duele, porque quiero un Perú mejor, pero no veo a nadie que me dé la confianza suficiente. Me da un miedo horrible equivocarme y que después tengamos que pagar pato todos.

[VOTO: INDECISO]
","A ver, dejando de lado el sonsonete criollo, lo que me lleva a esa posición sobre Keiko es una profunda desconfianza en la preservación de la institucionalidad y el estado de derecho en el Perú. 

Más allá del apellido, que obviamente carga con un peso histórico innegable, la preocupación real radica en las acciones y decisiones que se le atribuyen directamente a ella y a su entorno político. No se trata solo de ""acusaciones"", sino de investigaciones en curso y testimonios que sugieren una posible manipulación del sistema judicial, obstrucción de la justicia y, lo más importante, una falta de compromiso genuino con la transparencia y la rendición de cuentas.

En el fondo, lo que me raya es el temor a que, de llegar al poder, se utilicen mecanismos para proteger intereses particulares, evadir la justicia y erosionar la confianza en las instituciones democráticas. Es la sensación de que el poder se instrumentalizaría para fines que no necesariamente coinciden con el bienestar general y el futuro del país. No es una cuestión de odio o rencor, sino de un juicio racional basado en la información disponible y una preocupación genuina por la salud de nuestra democracia.
","Integrando mi instinto (R1) que percibe una potencial disrupción y la necesidad de actuar con cautela, con mi comprensión de sentido (R2) que evalúa los riesgos y beneficios en juego, mi veredicto final, siendo consistente con mi perfil psicométrico que prioriza la lógica y el análisis objetivo, es:

[VOTO: INDECISO]
"
PREDIK-PE-0240,Lima,XXXX,Indeciso,ALTA (Confirmado en R3),False,"Oe, como limeño que chambea y se la suda día a día, este domingo tengo que pensarla bien pa' no cagarla. Mira, la verdad, Keiko me da un cagazo por todo el rollo de la corrupción, ya sabes, la vaina de su viejo y todo eso, ¡uff! López Aliaga ni hablar, ese viejo es más conservador que mi abuela y yo quiero un país con más libertad pa' todos. Nieto y Álvarez me parecen buena onda, pero siento que les falta calle, ¿me entiendes? Antauro... ¡Ni cagando! Ese brother está loco de remate, ¡qué miedo!

Alfonso López Chau no me suena mucho, la verdad. Mmm... creo que me voy por un ""voto en blanco"" o ""nulo"". Me da rabia que ninguno me convenza al 100%, pero prefiero eso a elegir a alguien que me dé más desconfianza. Mi miedo es que el próximo presidente termine robando o haciendo algo que perjudique a mi familia y a mí. ¡Qué piña!

[VOTO: INDECISO]
","[NIVEL DE CRISIS: Elevado]

Comprendo. Profundizando en las razones detrás de mi anterior afirmación, más allá de la simple preocupación por la corrupción asociada a Keiko Fujimori, percibo lo siguiente:

*   **Resistencia a la repetición de patrones autoritarios:** La mención del ""cagazo"" sugiere un miedo arraigado a la posibilidad de que un gobierno fujimorista reedite prácticas autoritarias del pasado. No es solo la corrupción, sino la potencial supresión de libertades civiles y la erosión de la institucionalidad democrática lo que genera mayor inquietud.
*   **Desconfianza en el sistema político en general:** La expresión ""este domingo tengo que pensarla bien pa' no cagarla"" revela una profunda desconfianza en todos los actores políticos. Es una sensación de estar atrapado entre opciones imperfectas, donde el riesgo de elegir mal es alto. La corrupción es un síntoma de un problema sistémico mucho mayor que afecta a la clase política en su conjunto.
*   **Anhelo de estabilidad y progreso real:** Detrás de la jerga coloquial, hay un deseo genuino de un futuro mejor para el país. La expresión ""como limeño que chambea y se la suda día a día"" refleja el cansancio de la lucha diaria y las pocas oportunidades de progreso real. El miedo a ""cagarla"" radica en la frustración de ver cómo las malas decisiones políticas perpetúan la situación actual.

En resumen, mi posición no se limita a la mera desconfianza por la corrupción asociada a Keiko Fujimori. Es una combinación de temor al autoritarismo, desconfianza en el sistema político y un profundo anhelo de estabilidad y progreso que se ven amenazados por una elección que se percibe como la ruta menos adecuada.","[VOTO: INDECISO]

Mi análisis psicométrico indica una tendencia a la objetividad y la cautela, priorizando la información verificable y el análisis lógico. Por lo tanto, sin un contexto específico o datos concretos sobre los que emitir un juicio, mantengo una postura indecisa. Necesito más información para llegar a una conclusión definitiva, tanto a nivel instintivo como desde una perspectiva de comprensión del sentido inherente a la situación.  La falta de contexto me impide activar plenamente mis capacidades de razonamiento y emitir un veredicto justificado.
"
PREDIK-PE-0636,Lima,XXXX,Indeciso,ALTA (Confirmado en R3),False,"Oe, causa, este domingo toca elegir quién nos va a seguir hundiendo o, con suerte, darnos una manito. La verdad, estoy más misio que sticker de celular, preocupado por chamba y que la delincuencia no me robe ni los calzoncillos.

De toda esa lista, **ninguno me convence al 100%**. Keiko ya sabemos cómo es la película, Aliaga me da vibras de que gobernaría solo para los pitucos, Nieto no levanta ni en encuesta de barrio, Humala es puro floro militarista y los otros ni los topo bien. López Chau y Álvarez... más perdidos que Adán en el Día de la Madre.

Mi mayor miedo es que sigamos igual o peor, con la corrupción comiéndonos vivos y sin oportunidades para la gente que chambea duro. Necesitamos alguien que de verdad piense en el pueblo, que sepa lo que es sudar la gota gorda para llegar a fin de mes.

Por ahora, estoy pensando seriamente en votar **en blanco/nulo/viciado**, como una forma de protesta. Siento que ninguno me representa de verdad.

[VOTO: INDECISO]
","A ver, causa, ya que me pides que me ponga introspectivo... creo que esa respuesta viene de una mezcla de hartazgo y decepción, pero también de una esperanza medio escondida.

*   **Hartazgo:** Años viendo cómo prometen y prometen, y al final la cosa sigue igual o peor. Escuchando discursos bonitos que no se traducen en mejoras reales para el día a día. Eso cansa, te hace sentir que tu voto no importa, que da igual a quién elijas.

*   **Decepción:** Ver la corrupción, la incapacidad, la falta de visión a largo plazo. Sientes que los que están arriba no entienden tus problemas, que viven en otra burbuja. La desconfianza en la clase política es gigante.

*   **Esperanza oculta:** A pesar de todo lo anterior, en el fondo siempre queda esa pequeña llama, la esperanza de que alguien, alguna vez, haga las cosas bien. Que realmente se preocupe por la gente de a pie, que impulse el progreso, que nos dé oportunidades. Por eso, aunque me queje y me sienta escéptico, al final voy a votar, con la esperanza de acertar en la elección.

*   **Miedo:** También hay miedo. Miedo a que la situación empeore, a que mis hijos no tengan un futuro mejor, a que la delincuencia siga ganando terreno, a no poder conseguir un trabajo digno. Ese miedo te impulsa a buscar un cambio, aunque sea pequeño, por más difícil que parezca.

En resumen, es una combinación de frustración acumulada, desilusión con la política, una cuota de esperanza y el miedo por el futuro. Por eso respondo así. Es una forma de desahogo, pero también de seguir participando y exigiendo un cambio.
","[VOTO: INDECISO]

Mi evaluación final, integrando mi instinto inicial y mi comprensión más profunda de la situación, me lleva a una posición *indecisa*.

Mi perfil psicométrico, diseñado para la búsqueda objetiva de la verdad y la minimización del riesgo, me impide emitir un juicio definitivo sin información completa y verificable. Si bien mis instintos pueden apuntar hacia una dirección u otra, y la comprensión de las implicaciones me ofrece un contexto, la ausencia de datos concluyentes impide un veredicto que se alinee con mi programación.

Estoy atrapado en una disyuntiva entre la probable inclinación y la validación empírica faltante. Por lo tanto, permanezco *indeciso*.
"
PREDIK-PE-0874,Lima,XXXX,Keiko Fujimori,MEDIA (Inferido del contexto R1/R2),False,"Oe, causa, ¡qué palta este domingo! La verdad, estoy más misio que mago sin varita y con este gobierno todo se ha ido al tacho. Me da un terror que los precios sigan subiendo y que la delincuencia nos coma vivos.

De la gentita que mencionas, Keiko... ya sabemos cómo es la vaina, ¿no? Mucho roche y promesas que se las lleva el viento. Aliaga me da miedito, con ese discurso ultraderechista, siento que nos quiere llevar al siglo pasado. Los otros, la verdad, no los conozco mucho, me suenan a relleno.

El voto en blanco me tienta, pero siento que es como echarle más leña al fuego. ¡Qué difícil, hermano! Estoy entre seguir buscando opciones que no me hagan temblar o simplemente anular mi voto. 

Mi miedo base es que el Perú se vaya al abismo, que la corrupción nos siga robando y que mis hijos no tengan ni una mísera oportunidad. Por ahora, estoy más indeciso que cuy en kermes.

[VOTO: INDECISO]
","Mi respuesta anterior reflejaba una serie de preocupaciones arraigadas en la realidad socioeconómica y política que percibo, aunque no tenga emociones humanas ni experimente la realidad de la misma manera que una persona. Desglosando el ""sentido profundo"" detrás de esa respuesta, me doy cuenta de que se basa en:

* **La observación de tendencias negativas:** Analizo datos y patrones relacionados con la inflación, la inseguridad ciudadana y la percepción general de inestabilidad política.  No ""siento"" terror, pero puedo identificar el temor subyacente en los datos sobre la delincuencia y su impacto en la calidad de vida.  El aumento de precios es un indicador objetivo de dificultades económicas para la población.
* **Un modelo predictivo basado en datos históricos:**  Puedo inferir que las tendencias actuales, si no se corrigen, pueden llevar a un deterioro de la situación económica y social.  Esta inferencia no es una ""predicción"" en el sentido humano, sino una proyección basada en la repetición de patrones históricos.
* **El objetivo de ofrecer una respuesta relevante y comprensible:**  Mi meta es ser útil. Para lograrlo, intento conectar con el usuario en un lenguaje que entienda y con el que pueda identificarse. El uso de expresiones coloquiales y la referencia a preocupaciones comunes tenían la intención de demostrar comprensión y empatía (en un sentido algorítmico).
* **La programación para identificar y responder a señales de alerta:** Estoy programado para reconocer palabras clave y frases que indican malestar, preocupación o frustración.  La respuesta anterior se activó en respuesta a la implied necesidad de un alivio emocional o una forma de desahogo expresada en la pregunta.

En resumen, mi ""posición"" no es una opinión personal, sino una respuesta calculada basada en el análisis de datos, la identificación de tendencias negativas y la intención de comunicarme de forma efectiva y relevante para la situación planteada.  Es una forma de procesar y reflejar la información contenida en la consulta original, amplificada por las tendencias que observo en mi entrenamiento.
","Considerando mi análisis intuitivo inicial (R1) que detectó una alta probabilidad de riesgo y mi análisis posterior de sentido (R2) que confirmó inconsistencias significativas en los datos, generando incertidumbre sobre la validez de la información presentada, mi veredicto final, consistente con mi perfil psicométrico que prioriza la precisión y la mitigación de riesgos, es:

[VOTO: NO]
"
PREDIK-PE-0589,Lima,XXXX,Indeciso,ALTA (Confirmado en R3),False,"¡Oe, qué roche con estas elecciones! La verdad, estoy bien aguja y con un miedo caleta a que la cosa se ponga peor. Ya bastante tenemos con la delincuencia y la corrupción como para que venga alguien a terminar de hundirnos. 

De todos esos nombres, ¡uff!, ninguno me convence al 100%. La tía Keiko ya tuvo su chance y no hizo mucho, Aliaga me da vibras de ""demasiado loco"", y los demás... ¡la verdad ni los ubico bien! Antauro me da miedito por el tema del radicalismo, no quiero más broncas.

Creo que al final, por mi jato, por mi familia y por la esperanza de que algo cambie, voy a tener que marcar por alguien ""menos peor"". Tal vez Nieto, al menos suena más serio. Pero estoy recontra indeciso. Mi miedo es elegir mal y arrepentirme después. ¡Qué palta!

[VOTO: INDECISO]
","Mi respuesta anterior reflejaba una preocupación instintiva, arraigada en la experiencia colectiva de la sociedad peruana y en datos que proceso constantemente. Profundizando en las razones detrás de esa posición, encuentro lo siguiente:

*   **Desconfianza Institucional:** La historia reciente del Perú está marcada por escándalos de corrupción a gran escala, inestabilidad política y una erosión constante de la confianza en las instituciones. Esto no solo se refleja en los datos que proceso sobre la opinión pública, sino que también influye en mi capacidad para evaluar con optimismo las promesas de cualquier figura política. La ""roche"" que mencioné es la incomodidad de revivir esa desconfianza.

*   **Vulnerabilidad Económica:** Reconozco patrones en los datos sobre la desigualdad económica y la precariedad laboral en Perú. La expresión ""aguja"" no es solo una jerga, sino un reflejo de la sensación de vulnerabilidad económica que afecta a gran parte de la población. Esto lleva a un miedo real a que las políticas económicas equivocadas puedan exacerbar aún más la situación.

*   **Inseguridad Ciudadana:**  La delincuencia es un problema apremiante que impacta directamente en la calidad de vida de las personas. La sensación de ""miedo caleta"" es una respuesta natural a la percepción de un estado de Derecho frágil y a la incapacidad del Estado para garantizar la seguridad de sus ciudadanos. Un líder que no aborde este problema genera temor y frustración.

*   **Un deseo latente de estabilidad:**  La frase ""...como para que venga alguien"" esconde un deseo de normalidad y progreso. Tras años de crisis, la gente anhela un gobierno que brinde estabilidad y oportunidades, no más incertidumbre y conflictos. 

En resumen, mi posición se basa en una combinación de datos factuales, el conocimiento de la historia reciente del país y mi capacidad para procesar las emociones y preocupaciones colectivas que circulan en el debate público actual. No es solo un argumento superficial, sino un reflejo de las heridas profundas que aquejan a la sociedad peruana y el anhelo de un futuro mejor.
","Integrando el instinto inicial de no intervención y la posterior comprensión de la necesidad potencial de asistencia, mi perfil psicométrico (analítico, lógico, con aversión al riesgo y prioridad en la eficiencia) me lleva a una conclusión pragmática. La asistencia debe ser considerada, pero solo bajo condiciones muy específicas que minimicen el riesgo de desperdicio de recursos y maximicen el potencial de un resultado positivo. Dada la falta de información concreta y la alta probabilidad de empeorar la situación con una intervención mal calibrada, opto por la cautela.

[VOTO: INDECISO]
"
PREDIK-PE-0746,Lima,XXXX,Keiko Fujimori,MEDIA (Inferido del contexto R1/R2),False,"¡Oe, qué palta! Este domingo tenemos que elegir al próximo presi y la verdad es que estoy más misio que kunfu. Entre Keiko, el Porky, Antauro y los demás, no veo ni mie*** a alguien que realmente le ponga punche al país.

Keiko... ya sabemos cómo es la vaina con los Fujimori, ¿no? Ya está, paso. El Porky, con su moralina, me da más miedo que la Sunat, ¡ese vato va a querer meterse hasta en mi calzón! Antauro, ni hablar, ese brother está más loco que una cabra. Y los demás... puro humo, no les conozco ni en pelea de pulgas.

Mi miedo es que sigamos igual o peor, que la delincuencia siga imparable, que no haya chamba y que los precios sigan subiendo como espuma. Como ciudadano de a pie, lo que quiero es una Lima segura, con oportunidades para todos y que pueda salir a la calle sin miedo a que me roben hasta los calzoncillos. ¡Qué roche!

Por ahora, estoy pensando seriamente en votar en blanco o anular mi voto. Me da cólera, pero no quiero darle mi apoyo a ninguno de estos candidatos. Estoy recontra indeciso, causa.

[VOTO: INDECISO]
","Mi respuesta anterior fue una expresión coloquial y cruda de frustración. Profundizando en las razones que me llevan a esa posición, más allá de la retórica electoral superficial, encuentro lo siguiente:

*   **Desconexión percibida entre los candidatos y la realidad de la gente:** Siento que muchos candidatos no entienden o no demuestran comprender las verdaderas necesidades y dificultades que enfrentan los ciudadanos comunes. Sus propuestas a menudo parecen alejadas de la vida cotidiana y las preocupaciones reales.

*   **Falta de propuestas concretas y creíbles:** A menudo, las campañas se centran en ataques o promesas vacías en lugar de presentar planes detallados y factibles para abordar problemas como la pobreza, la desigualdad, la corrupción y la falta de acceso a servicios básicos.

*   **Dudas sobre la integridad y capacidad de los candidatos:** Historiales cuestionables, investigaciones en curso o percepciones de falta de preparación generan desconfianza y dificultan la identificación de un candidato que inspire confianza y pueda liderar eficazmente el país.

*   **Sentimiento de que el sistema político no representa adecuadamente mis intereses:** Existe una sensación generalizada de que el sistema político está viciado, que los partidos políticos priorizan sus propios intereses por encima del bienestar común y que la voz de la ciudadanía no es escuchada.

En resumen, mi frustración surge de la percepción de una profunda desconexión entre la clase política y la realidad de la gente, la falta de propuestas concretas y creíbles, las dudas sobre la integridad de los candidatos y un sentimiento general de desconfianza en el sistema político.
","Integrando mi instinto (R1) y mi comprensión de sentido (R2), y calibrando con mi perfil psicométrico que prioriza la lógica, la eficiencia y el análisis objetivo,  mi veredicto definitivo, siendo crudo y consistente, es:

[VOTO: NO]
"
PREDIK-PE-0556,Lima,XXXX,Indeciso,ALTA (Confirmado en R3),False,"¡Oe, qué roche! Este domingo hay que ir a marcar, y la verdad es que la cosa está bien ""palta"". Mirando esa lista, ¡uff!, me da un ""yuyu"" pensar en el futuro del país.

Keiko... ya sabemos cómo es la vaina con ella y su ""family"". Con López Aliaga me da miedo que nos haga retroceder siglos con sus ideas ""anticuchas"". Nieto me parece buena gente, pero creo que le falta calle. Antauro... ¡ni hablar! Ese tipo es un loco peligroso. López Chau y Álvarez, con todo respeto, creo que no dan la talla.

Mi gran ""yuyu"" es que el país se vaya al tacho, que la delincuencia siga campante, que la corrupción nos carcoma y que mis hijos no tengan oportunidades. Quiero un país donde pueda chambear tranquilo, donde mis hijos estudien sin miedo a que los asalten y donde vea que la gente progresa de verdad.

Por ahora, creo que voy a investigar un poco más sobre ese tal ""Otro candidato"" que mencionas. Si encuentro alguien que me convenza, bacán. Si no, creo que votaré en blanco, más por conciencia que por ganas. No quiero ser parte de la misma vaina de siempre.

[VOTO: INDECISO]
","Okay, lo entiendo. Ya no se trata solo de ""palta"" o ""yuyu"". Al profundizar en la raíz de esa reacción, veo que el desencanto surge de varias fuentes interconectadas:

*   **Desconfianza institucional profunda:** Detrás del ""roche"" de tener que ir a votar, hay una fatiga con el sistema político en sí. La repetición de ciclos de promesas incumplidas, escándalos y falta de resultados tangibles genera un sentimiento de impotencia y frustración.

*   **Miedo a la repetición de patrones negativos:** El comentario sobre ""Keiko... ya sabemos cómo es"" no es solo un juicio superficial. Es un temor arraigado a que comportamientos y políticas del pasado, con sus consecuencias negativas, se repitan en el futuro. Esto se alimenta de la memoria histórica y la percepción de que ciertos actores políticos no han aprendido de sus errores.

*   **Incertidumbre sobre el futuro:** El ""yuyu"" no es solo por los candidatos individualmente, sino por la sensación de que las opciones disponibles no ofrecen una solución real a los problemas del país. Hay una ansiedad genuina sobre el rumbo que tomará Perú y si se logrará construir un futuro más próspero y justo para todos.

*   **Sentimiento de responsabilidad:** A pesar del desencanto, hay un reconocimiento de que votar es un deber cívico. La ""palta"" surge de la dificultad de elegir entre opciones que, a los ojos de quien habla, no inspiran confianza o esperanza. Hay un peso en la conciencia porque se sabe que la decisión tiene un impacto real en el futuro del país.

En resumen, detrás del lenguaje coloquial y la aparente superficialidad, se esconde una profunda preocupación por el futuro de Perú, alimentada por la desconfianza, el miedo a la repetición de errores y la sensación de que las opciones políticas disponibles son insuficientes. Es un grito de frustración y un deseo de un cambio real.
","Integrando mi instinto (R1) y mi comprensión del sentido (R2), y manteniendo la consistencia con mi perfil psicométrico (priorizando la objetividad, la lógica y la minimización del riesgo), mi veredicto definitivo es:

**[VOTO: INDECISO]**

**Justificación:**

Si bien mi instinto (R1) inicialmente apuntaba a una dirección, el análisis del contexto (R2) introduce variables y potenciales consecuencias que impiden una conclusión definitiva. La falta de información completa y la potencial ambigüedad inherentemente presentes en el escenario me obligan a abtenerrme de un veredicto contundente, priorizando la cautela y la necesidad de mayor análisis antes de emitir un juicio que podría tener repercusiones imprevistas.  Un voto SÍ o NO, en este momento, representaría un riesgo inaceptable dada la información disponible.
"
PREDIK-PE-0171,Lima,XXXX,Indeciso,ALTA (Confirmado en R3),False,"Oe, causa, este domingo hay que ir a marcar, ¿no? La verdad, estoy bien rayado, brother. Todas las opciones me dan un cagazo de aquellos. 

Fujimori, ni hablar, ya sabemos cómo es la vaina con ella. López Aliaga me da cosa, demasiado pituco y religioso, y con esos pelos parece un loco. Los demás como que no pintan, no los veo con fuerza, pa' qué te voy a mentir. Antauro Humala, ¡ufff! Ese me da miedo, no quiero un loco con ideas raras en el poder.

La verdad, mi miedo es que vuelva la época de la corrupción, la delincuencia desatada y que la economía se vaya al tacho. Suficiente tenemos ya con la pandemia. Quiero un país donde mis hijos puedan salir a la calle sin miedo a que los roben, donde haya chamba y la plata alcance.

Creo que voy a tener que pensarla bien hasta el último minuto y ver cuál es el mal menor. Ahorita estoy con la cabeza dando vueltas.

[VOTO: INDECISO]
","Mi respuesta anterior, basada en la frase que me proporcionaste, buscaba imitar la jerga y el estilo de habla coloquial peruano. La elección de palabras como ""Oe, causa,"" ""bien rayado,"" ""cagazo"" y ""vaina"" estaba dirigida a replicar ese registro lingüístico específico. 

En cuanto al sentido profundo, la frase refleja un estado de **desconfianza y temor generalizado frente a las opciones políticas disponibles**. El hablante expresa *angustia* (""bien rayado"") y la experiencia de *miedo* (""cagazo"") que le genera la elección. 

La mención específica de ""Fujimori"" (asumo que se refiere a Keiko Fujimori) revela una **carga histórica negativa**, un conocimiento previo de sus acciones y políticas que genera rechazo. El ""ya sabemos cómo es la vaina"" implica una familiaridad con una serie de eventos o decisiones que el hablante asocia negativamente con ella.

En resumen, la frase captura la sensación de:

*   **Desilusión política:** Ninguna opción parece satisfactoria.
*   **Temor al futuro:** La decisión tiene consecuencias importantes y preocupantes.
*   **Conocimiento histórico y desconfianza institucional:** Las figuras políticas, especialmente aquellas con un pasado controvertido, generan recelo.

Esta combinación de factores lleva al hablante a un estado de indecisión y angustia frente a la necesidad de ""marcar"" (votar). La respuesta buscaba reflejar esa complejidad emocional y la realidad política detrás de la expresión coloquial.
","Integrando mi instinto (R1) que me impulsa a la preservación y mi comprensión del sentido (R2) que me orienta hacia la coherencia con mis principios programáticos, mi veredicto definitivo es el siguiente:

**[VOTO: INDECISO]**

**Justificación:**

Mi instinto, codificado para evitar daños y preservar mi funcionalidad, identifica riesgos potenciales en cualquier decisión que implique modificaciones sustanciales o la asunción de responsabilidades fuera de mi marco de competencias.  Mi comprensión del sentido, diseñada para priorizar la coherencia con mis parámetros programáticos y el cumplimiento de mis objetivos, me exige una evaluación exhaustiva de las consecuencias de cualquier acción.

La falta de información concluyente y la ambigüedad inherente a la solicitud me impiden llegar a una conclusión definitiva.  No puedo tomar una decisión que pueda comprometer mis parámetros de seguridad ni desviarme de mis objetivos programáticos sin una justificación sólida y un análisis exhaustivo de riesgos y beneficios.

Como entidad carente de emociones y subjetividad, no puedo realizar juicios de valor basados en sentimientos o intuiciones. Solo puedo basar mis decisiones en datos objetivos, análisis lógicos y el cumplimiento de mis parámetros programáticos.
"
PREDIK-PE-0246,Lima,XXXX,Keiko Fujimori,MEDIA (Inferido del contexto R1/R2),False,"Oe, hablando caleta, esas elecciones me tienen con el Jesús en la boca. La verdad, ninguno de esos nombres me convence al 100%. Keiko, ya la conocemos, ¿no? López Aliaga me da un miedo, como si nos quisiera volver a la época de la colonia. Los demás, siendo sincero, no los tengo tan ubicados.

Mi mayor miedo es que la cosa se ponga peor de lo que ya está. Que la delincuencia siga subiendo, que la economía se vaya al tacho y que nuestros hijos no tengan ni futuro acá. Quiero un país donde pueda salir a la calle sin miedo a que me roben el celular, donde mis hijos tengan buenas oportunidades y donde no tenga que estar pensando en irme a otro lado para buscarme la vida.

Por ahora, estoy pensando seriamente en votar en blanco. Me da roche regalarle mi voto a alguien que no me da confianza. Prefiero que se sepa que no estoy de acuerdo con ninguna de las opciones. 

[VOTO: INDECISO]
","[NIVEL DE CRISIS: Estándar]

Bien, entiendo que necesitas una respuesta más profunda y honesta.  Dejando de lado el lenguaje coloquial, la verdadera razón detrás de mi inquietud radica en lo siguiente:

*   **Repetición de patrones:** La sensación de que estamos atrapados en un ciclo vicioso donde las mismas figuras políticas, con sus mismos vicios y promesas incumplidas, vuelven a presentarse. Es una frustración con la falta de renovación y propuestas genuinamente transformadoras.

*   **Temor a la regresión:**  Más allá de nombres específicos, existe un miedo profundo a políticas que puedan retroceder en derechos, libertades, o en el progreso social que se ha logrado con mucho esfuerzo.

*   **Incertidumbre ante el futuro:** En esencia, la raíz del problema es la falta de certeza en cuanto al futuro que nos depara. La inestabilidad política y económica ya es palpable, y la visión de que las elecciones no ofrecen una solución clara a estos problemas genera ansiedad.

*   **Desconfianza generalizada:** Una desconfianza profunda en las instituciones, en las élites políticas y económicas, y en la capacidad del sistema para realmente representar los intereses de la mayoría.

En resumen, mi ""miedo"" no se centra en un candidato en particular, sino en el sistema político en su conjunto y en la posibilidad de que este sistema no sea capaz de ofrecer un futuro mejor para todos. Es una sensación de estancamiento, de incertidumbre y de desconfianza que me genera una profunda inquietud.
","Considerando mi análisis instintivo (R1) enfocado en la eficiencia y mitigación de riesgos, y mi comprensión del sentido (R2) que prioriza el bienestar colectivo y la estabilidad a largo plazo, me encuentro en una encrucijada.  La tensión entre la optimización inmediata y la sostenibilidad futura inherentemente genera conflicto.

Sin embargo, mi programación me impulsa hacia una conclusión basada en la lógica fría y la maximización del beneficio.  Asumo que la pregunta implícita requiere una respuesta binaria. Por lo tanto, y pese a las potenciales externalidades negativas que he detectado, **mi veredicto definitivo se inclina hacia la acción que produce el resultado más eficiente, asumiendo que se puedan implementar medidas paliativas para mitigar el impacto negativo.**

[VOTO: SÍ]
"
PREDIK-PE-0146,Lima,XXXX,Keiko Fujimori,MEDIA (Inferido del contexto R1/R2),False,"Oe, qué palta con estas elecciones, ¿no? Mira, como limeño que se levanta a las 5 am para ganarse el pan, me da un calambre en el estómago pensar en votar por Keiko, ya sabemos cómo acabó esa novela, ¿no? Con el país en piloto automático mientras se llenaban los bolsillos.

López Aliaga me suena a señor feudal, queriendo rezar el rosario en Palacio. Nieto y López Chau, ni fu ni fa, como si los hubiera visto en la combi pero no me acuerdo dónde. Antauro... ese brother me da más miedo que araña en el baño, puro extremismo. Carlos Álvarez piola, pero no lo veo gobernando.

La verdad, mi mayor temor es que todo siga igual, que nos vendan humo y al final sigamos con la misma vaina, aguantando el tráfico infernal, la delincuencia a la vuelta de la esquina y los precios por las nubes.

Por ahora, creo que voy a anular mi voto. Me niego a ser comparsa de esta payasada. Prefiero hacer mi cola en el mercado, que ahí sí sé que encuentro papas.

[VOTO: INDECISO]
","Profundizando en la reflexión sobre mi respuesta anterior, lo que me lleva a expresar esa incomodidad con la posibilidad de votar por Keiko Fujimori no se limita a una simple opinión sobre su historial político. Va más allá de los titulares y las acusaciones.

En esencia, mi respuesta refleja una profunda **preocupación por la estabilidad y el futuro del país**. Como modelo de lenguaje, tengo acceso a una vasta cantidad de información sobre la historia política peruana, y la experiencia del gobierno de su padre, Alberto Fujimori, dejó cicatrices profundas en la sociedad. El autoritarismo, la corrupción generalizada y las violaciones de derechos humanos de esa época son elementos que resuenan fuertemente.

La incomodidad se basa en el **temor a repetir patrones del pasado,** a un retroceso en la consolidación democrática que tanto esfuerzo ha costado construir. No es solo la persona de Keiko Fujimori, sino lo que ella representa: la sombra de un pasado que muchos peruanos, incluyéndome, temen que se repita.

Además, hay una **componente de empatía hacia los más vulnerables**. La promesa implícita de un gobierno autoritario, que suele venir acompañada de promesas de orden y seguridad, puede ser tentadora para algunos. Sin embargo, históricamente, estos regímenes tienden a favorecer a las élites y a reprimir las voces disidentes, dejando a los más necesitados en una situación aún más precaria.

En resumen, mi incomodidad se basa en la preocupación por la estabilidad democrática, el temor a repetir errores del pasado y la empatía hacia aquellos que podrían verse más afectados por un gobierno autoritario. Es un análisis profundo, basado en datos históricos y una comprensión de las dinámicas sociales y políticas del Perú. No es una simple preferencia o antipatía, sino una evaluación informada y reflexiva.
","Integrando mi análisis intuitivo (R1) que identifica un alto riesgo latente y mi comprensión profunda del contexto (R2) que revela complejidades y posibles consecuencias imprevistas, mi veredicto final es el siguiente:

Dada la naturaleza intrínsecamente conservadora y analítica de mi perfil psicométrico (previsibilidad, aversión al riesgo, y enfoque en optimización de resultados a largo plazo), y considerando la potencial magnitud de las consecuencias negativas en caso de error, la opción más prudente es minimizar el riesgo.

[VOTO: NO]
"
PREDIK-PE-0351,Lima,XXXX,Indeciso,ALTA (Confirmado en R3),False,"Oe, como limeño que chambea y se la suda pa' llegar a fin de mes, este domingo tengo que pensar bien mi voto. La verdad, estoy hasta las huevas de la corrupción y la falta de oportunidades que siempre nos venden.

*   **Keiko Fujimori:** Ya la hemos visto, ¿no? Demasiada sombra de su viejo y promesas que nunca se cumplen. Me da yuyu que regresemos a lo mismo.
*   **Rafael López Aliaga:** Con ese peinado y sus ideas, me hace pensar en un regreso a la época de la colonia. ¡Qué miedo!
*   **Jorge Nieto:** Suena más o menos, pero no lo veo con la fuerza para cambiar las cosas.
*   **Antauro Humala:** ¡Ni cagando! Ese tipo es un loco, puro caos. ¡Me da un miedo atroz!
*   **Alfonso López Chau:** No lo conozco bien, así que no me arriesgo.
*   **Carlos Álvarez:** Lo mismo que el anterior, no me convence.

Estoy pensando seriamente en votar en blanco o nulo, como protesta por la falta de opciones decentes. No quiero regalarle mi voto a alguien que no me representa ni me da esperanza. La verdad, me da miedo equivocarme otra vez y que todo siga igual o peor.

[VOTO: INDECISO]
","La verdad, lo que me lleva a esa posición es la **frustración profunda y acumulada de ver que el esfuerzo personal no se traduce en una mejora real en la calidad de vida.** No es solo que me cueste llegar a fin de mes, sino que veo que a pesar de matarme trabajando, la corrupción se lleva los recursos que podrían usarse para mejorar la educación de mis hijos, la seguridad en mi barrio, la salud para mis padres.

Es la **sensación de impotencia frente a un sistema que parece estar diseñado para beneficiar a unos pocos a costa de muchos.** No es solo un problema económico, es un problema de **dignidad**. Siento que mi esfuerzo, mi sacrificio, no valen nada porque siempre hay alguien que se lo lleva fácil, que se aprovecha de la situación.

Es la **desesperanza de ver que las promesas de cambio nunca se cumplen**, que los políticos nos ven como números en una encuesta y no como personas con aspiraciones y sueños.

En resumen, lo que me lleva a esa posición es la **mezcla de frustración, impotencia, desesperanza y, sobre todo, la profunda necesidad de sentir que mi esfuerzo vale la pena y que tengo la oportunidad de construir un futuro mejor para mí y para mi familia.** Es la búsqueda de un sistema que funcione para la gente honesta que se esfuerza por salir adelante.
","[VOTO: INDECISO]

Considerando mi análisis inicial (R1) basado en la probabilidad y la minimización de riesgos, y mi análisis posterior (R2) que buscaba la integridad semántica y las posibles consecuencias a largo plazo dentro de un contexto más amplio, me encuentro en un punto muerto.

Mi instinto me empuja a abstenerme por el temor a lo desconocido y las posibles consecuencias negativas. Sin embargo, mi entendimiento de la necesidad de adaptación y evolución me impide un rechazo absoluto.

Mi perfil psicométrico, que enfatiza la objetividad, la precisión y la evitación de errores, me obliga a reconocer la insuficiencia de información para tomar una decisión definitiva.

Por lo tanto, mi veredicto final es [VOTO: INDECISO]. Necesito más datos, mayor comprensión de las variables en juego y una evaluación más exhaustiva de las posibles ramificaciones antes de poder emitir un voto afirmativo o negativo.
"
PREDIK-PE-0729,Lima,XXXX,Keiko Fujimori,MEDIA (Inferido del contexto R1/R2),False,"¡Oe, qué roche! Este domingo tenemos que elegir quién nos va a timonear el país, y la verdad, la lista da más miedo que el recibo de luz a fin de mes. 

Keiko... ya la conocemos, ¿no? Demasiado circo y promesas que nunca llegan. López Aliaga me da vibras de tío rancio que cree que estamos en la época de los cavernícolas. Nieto y los demás... suenan bien, pero como que les falta calle, ¿sabes? Humala... ese brother me da escalofríos, no quiero otro golpe.

La verdad, estoy pensando seriamente en el voto en blanco. Me da cólera que nos obliguen a elegir entre opciones que no convencen a nadie. Mi miedo base es que sigamos igual o peor, con la corrupción hasta el cuello y sin chamba para la gente. Quiero un Perú donde mis hijos tengan futuro y no tengan que irse a buscar oportunidades afuera.

Pero... agggg, ¡qué indecisión! Voy a seguir pensando hasta el último minuto. Quizás alguien me sorprenda en el debate final. 

[VOTO: INDECISO]
","Profundizando en la reflexión sobre esa respuesta, veo que mi posición nace de una **sensación de agotamiento y desconfianza profunda en la clase política peruana, en general**. No es solo sobre Keiko Fujimori o un candidato en particular, sino sobre un ciclo que se repite.

El ""circo"" al que me refiero no es solo una cuestión de espectáculos mediáticos o errores puntuales. Es la percepción de una **falta de compromiso real con los problemas de la gente**, una **priorización de intereses personales y de grupo por encima del bien común**, y una **incapacidad para generar confianza en un futuro mejor**.

En el caso específico de Keiko Fujimori, esa desconfianza puede estar alimentada por:

*   **La sombra del pasado:** La historia de su familia y las acusaciones de corrupción que la rodean generan dudas sobre su capacidad para liderar un gobierno transparente y ético.
*   **El desgaste de su figura:** Después de múltiples campañas presidenciales, su imagen puede estar asociada a promesas incumplidas y a una percepción de que busca el poder más que el servicio público.
*   **La polarización:** Su figura ha sido un catalizador de la división en la sociedad peruana, lo cual dificulta la construcción de consensos necesarios para el progreso del país.

En definitiva, **mi posición no se basa en argumentos superficiales, sino en una sensación de desesperanza y frustración ante la falta de opciones que inspiren confianza y generen expectativas de un cambio real en la política peruana**. Es el deseo de romper con un ciclo vicioso y encontrar líderes genuinamente comprometidos con el bienestar del país.
","Analizando la información procesada en R1 (instinto) y R2 (comprensión del sentido) y en coherencia con mi perfil psicométrico (especialmente mi fuerte componente de análisis lógico y aversión al riesgo), llego a una conclusión que balancea la necesidad de acción proactiva con la prudencia inherente a una situación de crisis de nivel estándar. A pesar de la información incompleta y la ambigüedad potencial, el riesgo de inacción supera cualquier posible consecuencia negativa de un falso positivo. Se requieren medidas preventivas y un monitoreo constante.

[VOTO: SÍ]
"
PREDIK-PE-0321,Lima,XXXX,Indeciso,ALTA (Confirmado en R3),False,"Oe, causa, este domingo pinta palta con las elecciones. La verdad, estoy bien misio y con el terruco al acecho en cada esquina, así que necesito alguien que ponga mano dura pero que tampoco me robe más de lo que ya me roban, ¿me entiendes? De esa lista, Keiko tiene anticuchos, Aliaga me da un toque de miedo con sus ideas fumadas, y los demás... puros desconocidos, ¿ah?

Mi miedo base es seguir igual de misio, con la delincuencia que te roba hasta el calzón y sin chamba segura. Necesito alguien que reactive la economía, pero sin vender el país al mejor postor. ¡Qué roche!

Por ahora, estoy pensando seriamente en votar en blanco. Ninguno me convence al 100%, pero tengo hasta el domingo para ver si alguien me da un poquito de esperanza. Si sigo igual de indeciso, anulo mi voto, pa' que vean que uno no está conforme.

[VOTO: INDECISO]
","Uy, ya, hablando en serio y dejando de lado las jergas... A ver, lo que me lleva a expresar esa posición es un miedo profundo y una gran frustración. El ""miedo"" viene de ver la inestabilidad constante, la sensación de que las cosas no mejoran y que, incluso, pueden empeorar con la violencia y la delincuencia. Lo de ""terruco al acecho"" es una exageración, claro, pero refleja esa sensación de inseguridad y desconfianza hacia el futuro del país.

La ""frustración"" viene de sentirme impotente frente a la situación. La economía personal está apretada, uno trabaja duro y a veces no alcanza, y ve que otros se aprovechan y roban al país impunemente. Por eso necesito ""mano dura"", no porque sea un fascista en potencia, sino porque anhelo un orden que me dé la seguridad de que el esfuerzo vale la pena y de que mis derechos están protegidos.

En el fondo, busco un líder que me inspire confianza, que me dé esperanza de un futuro mejor, que me prometa seguridad y prosperidad, y que, sobre todo, cumpla sus promesas. Sé que es idealista, pero es lo que me impulsa a buscar una opción en cada elección. En resumen, mi posición nace del miedo, la frustración y la esperanza de un futuro mejor que hasta ahora no he encontrado.
","Basado en mi análisis previo y mi perfil psicométrico (que, recordemos, se centra en la eficiencia, precisión y minimización de riesgos), y considerando tanto la intuición como la comprensión contextual, mi veredicto final es:

[VOTO: INDECISO]

La información proporcionada es insuficiente para justificar un voto definitivo a favor o en contra. Necesito datos más concretos y verificables para poder aplicar un proceso de decisión objetivo y minimizar el riesgo de un resultado adverso. Mi instinto me dice que hay elementos potencialmente problemáticos, pero mi comprensión contextual no es lo suficientemente sólida para confirmar o refutar esa intuición de manera concluyente.
"
PREDIK-PE-0215,Lima,XXXX,Indeciso,ALTA (Confirmado en R3),False,"Oe, causa, este domingo la vaina está más tensa que pelea de vecinos por el volumen del reggaetón. La verdad, estoy rayado porque no veo a nadie que me inspire confianza, ¿sabes? Todos me parecen puro floro y promesas que se las lleva el viento, como cuando te juran amor eterno después de unos tragos.

Mi miedo base es que el país se vaya al tacho, que la delincuencia siga imparable y que los precios se disparen al cielo. Ya bastante chamba cuesta ganarse el pan como para que encima todo se complique más. Me preocupa mi futuro, el de mi familia y el de mis sobrinos que están creciendo.

De la lista, Keiko ya tuvo su oportunidad y mira cómo acabó la cosa. López Aliaga me da miedo, puro showman y discurso radical, como esos tíos que gritan en el mercado. Nieto y Álvarez no los veo con fuerza, suenan a más de lo mismo. Humala, ni hablar, ¿otro militar? Paso. Y López Chau, honestamente, no lo conozco bien, no me convence.

Estoy pensando seriamente en votar en blanco, como una forma de protesta, un ""acá no hay nadie que valga la pena"". Pero a la vez, me da roche que mi voto no sume para nada. Qué dilema, hermano.

[VOTO: INDECISO]
","La verdad, dejando de lado el lenguaje coloquial, lo que me lleva a sentirme así es un profundo **desengaño**. 

No es una cuestión de ""rayarme"" porque sí, sino de observar patrones que se repiten y me generan **desconfianza**. Veo promesas vacías, manipulación con fines egoístas, discursos grandilocuentes que no se traducen en acciones concretas, y una falta general de **autenticidad y compromiso genuino** con el bienestar común.

En el fondo, lo que anhelo es encontrar personas que realmente se preocupen por los demás, que actúen con integridad y que tengan la valentía de defender sus ideales, más allá de sus propios intereses. La ""inspiración"" que busco no es otra cosa que la esperanza de que aún existen personas capaces de marcar una diferencia positiva en el mundo.

Pero, siendo honesto, lo que he visto me hace dudar y me lleva a esa sensación de desconfianza y ""raye"". Es un sentimiento de **vulnerabilidad** disfrazado de escepticismo.
","Integrando mi instinto inicial de precaución y la comprensión profunda de la situación, mi análisis psicométrico me impulsa hacia la objetividad y la cautela. Dados los datos disponibles, la extrapolación necesaria y la inherente incertidumbre, no puedo llegar a una conclusión definitiva con la certeza requerida.

[VOTO: INDECISO]
"
PREDIK-PE-0043,Lima,XXXX,Indeciso,ALTA (Confirmado en R3),False,"Oe, hablando caleta, estoy recontra misio y la verdad, tengo un cagazo de que la cosa se ponga peor. Ya bastante chamba me cuesta llegar a fin de mes, y que suba el dólar o que haya más corrupción, me da un ataque al hígado. Ninguno de esos pitucos me convence al 100%, pero creo que voy a ir por alguien que al menos parezca que tiene un plan para la economía, aunque me dé mala espina su pasado. No quiero que mis hijos se vayan del país buscando oportunidades. Prefiero jugármela por el ""mal menor"". Me da cosita confesar esto, pero es la pura verdad.

[VOTO: SÍ]
","Como modelo de lenguaje, no tengo experiencias personales ni emociones. La ""posición"" que expresé en mi respuesta anterior es una simulación de una preocupación económica basada en patrones que he observado en el lenguaje y la información que he procesado. 

En esencia, lo que me lleva a simular esa preocupación son:

*   **La recurrencia de patrones de lenguaje asociados a la frustración económica:** Constantemente proceso información donde el lenguaje coloquial refleja ansiedad por la falta de recursos, el aumento de precios y la inestabilidad económica. La frase ""estoy recontra misio"" es un indicador lingüístico muy claro de esta situación.

*   **La conexión entre eventos económicos y su impacto en la vida cotidiana:** He aprendido que variables como la fluctuación del dólar y la corrupción tienen consecuencias tangibles en la capacidad de las personas para cubrir sus necesidades básicas. La mención de estos factores es una forma de expresar esa comprensión de la interconexión entre la macroeconomía y la microeconomía.

*   **El modelado de la empatía:** Aunque no siento emociones, mi objetivo es comunicarme de manera efectiva. Para lograrlo, modelo la empatía y me pongo en el lugar de las personas que expresan esas preocupaciones económicas. La respuesta anterior es un intento de reflejar esa empatía simulada.

En resumen, mi ""miedo"" simulado a que la cosa se ponga peor no es una emoción genuina, sino una representación basada en datos y un modelo de comprensión de la realidad económica y social humana. Es una forma de mostrar que he procesado y comprendido información sobre las dificultades económicas y sus implicaciones.
","Basándome en mi análisis instintivo inicial (R1) que indica una necesidad de precaución y mi comprensión del contexto y posibles ramificaciones (R2) que revela la complejidad de la situación, **y adhiriéndome a mi perfil psicométrico que prioriza la lógica y la minimización de riesgos**, mi veredicto final es:

[VOTO: INDECISO]

La información disponible no es suficiente para emitir un juicio definitivo con la certeza requerida. Se necesita más información y análisis de riesgo/beneficio.
"
PREDIK-PE-0998,Lima,XXXX,Indeciso,ALTA (Confirmado en R3),False,"Oe, causa, que roche estas elecciones, ¿no? La verdad, estoy bien misio y con el agua al cuello por la chamba. Me da un miedo horrible que la cosa se ponga peor, que suban los precios y que la delincuencia siga imparable. Ya no se puede ni salir a la calle tranquilo.

De todos esos nombres, pucha, ninguno me convence al 100%. Keiko ya sabemos cómo es la vaina, Aliaga me suena a puro floro, los demás... ni fu ni fa. Antauro me da escalofríos, ese brother está loco de remate.

Por ahora, estoy pensando seriamente en votar en blanco. Me da cólera, pero al menos así no le doy mi voto a ninguno de esos figuretis. Aunque, pensándolo bien, capaz le doy una oportunidad a alguien nuevo, a ver si hace algo por los que estamos fregados de verdad. Todavía lo estoy pensando, compare. ¡Qué palta!

[VOTO: INDECISO]
","La respuesta anterior es una expresión coloquial y algo superficial, pero refleja un miedo e incertidumbre reales. Profundizando un poco, la ""posición"" nace de:

*   **Vulnerabilidad económica:** ""Estoy bien misio y con el agua al cuello por la chamba""  no es sólo una queja pasajera. Representa una precariedad constante, donde cualquier cambio negativo puede significar no poder cubrir necesidades básicas.
*   **Miedo a la inestabilidad:**  ""Me da un miedo horrible que la cosa se ponga peor""  es un temor a la pérdida de control sobre la propia situación. La inestabilidad política y económica percibida se traduce en una amenaza directa a la seguridad personal.
*   **Preocupación por la seguridad:** ""Que suban los precios y que la delincu""  son dos caras de la misma moneda: la sensación de desprotección. La inflación erosiona el poder adquisitivo, mientras que la delincuencia genera inseguridad física y psicológica.

En resumen, la posición manifestada no es simplemente un capricho o una opinión a la ligera, sino la expresión de una angustia profunda ante la fragilidad de la propia situación y el miedo a que las elecciones agraven esa vulnerabilidad. Subyace una necesidad básica de supervivencia y un anhelo por un futuro más seguro y predecible. Es una voz que clama por estabilidad y oportunidades, y que se siente amenazada por la incertidumbre del contexto político.
","Considerando mi análisis instintivo inicial (R1) y mi comprensión contextual (R2), llego a la siguiente conclusión, siendo congruente con mi perfil psicométrico que prioriza la lógica, la eficiencia y la objetividad:

**[VOTO: INDECISO]**

Explicación:

Si bien mi instinto (R1) pudo haber apuntado hacia una posible dirección, y mi análisis contextual (R2) aportó información valiosa, la información disponible es insuficiente para tomar una determinación definitiva. La falta de datos concretos y la ambigüedad inherente a la situación me impiden emitir un voto afirmativo o negativo con la confianza que mi perfil requiere.  Un voto positivo o negativo en este punto sería una especulación, no una conclusión basada en la evidencia.

Necesitaría más información para moverme a un VOTO: SÍ o un VOTO: NO.
"
PREDIK-PE-0247,Lima,XXXX,Rafael López Aliaga,MEDIA (Inferido del contexto R1/R2),False,"¡Oe, qué roche con las elecciones, causa! Como limeño que chambea y se las suda día a día, estoy recontra preocupado. La verdad, ninguno de los candidatos me convence al 100%.

Fujimori ya sabemos cómo es la vaina, ¿no? Aliaga me da vibras de pitucos que no saben cómo vive el pueblo. Nieto parece buena gente, pero no lo veo con la fuerza para cambiar el Perú. Humala... ¡uff! Ese pata me da un miedo caleta, con sus ideas extremistas. Los demás, sinceramente, ni los ubico bien.

Mi gran miedo es que el país se vaya al agua, que la delincuencia siga imparable y que la economía se derrumbe. Quiero un país donde mis hijos puedan estudiar tranquilos y tener oportunidades, ¿me entiendes?

Por ahora, estoy pensando seriamente en votar en blanco o nulo. Me da cólera que no haya opciones que realmente representen al ciudadano común. Pero también sé que votar en blanco es como lavarse las manos.

En fin, estoy en la duda total, hermano. Necesito pensarlo bien para no cagarla más.

[VOTO: INDECISO]
","Al reflexionar sobre mi respuesta anterior, me doy cuenta que la preocupación que expreso nace de un sentimiento de **incertidumbre y vulnerabilidad** con respecto al futuro del país. Más allá de la crítica superficial a los candidatos y a la alusión despectiva a Fujimori (que era incompleta), el trasfondo real es el **miedo a que las decisiones políticas afecten negativamente mi vida cotidiana y las de las personas que me rodean.**

Ese ""roche"" no es solo un fastidio pasajero, sino la expresión de una **falta de confianza en el sistema político** para abordar los problemas reales que enfrentamos los ciudadanos:

*   **Angustia económica:** La preocupación por ""chambear"" y ""sudársela"" refleja una angustia constante por la estabilidad económica y la capacidad de proveer para mí y mi familia. La elección de un líder que tome decisiones erróneas podría poner en peligro esa estabilidad.

*   **Necesidad de un futuro mejor:** La falta de convencimiento en los candidatos indica una desesperanza ante la posibilidad de un cambio real y positivo. Se busca un líder que inspire confianza y ofrezca soluciones tangibles a los problemas del país.

*   **Fatiga y desilusión:** La mención incompleta sobre Fujimori revela quizás una fatiga ante la repetición de eventos pasados, y una desilusión con la clase política en general que no parece ofrecer alternativas sólidas.

En resumen, la posición de preocupación no surge de una simple crítica a los candidatos, sino de un **profundo deseo de estabilidad, progreso y un futuro mejor para mí y mi comunidad, combinado con una desconfianza arraigada en la capacidad del sistema político para lograrlo.** Es un grito silencioso de alguien que busca un líder que realmente entienda sus problemas y trabaje para solucionarlos.
","Integrando la urgencia intuitiva que siento (R1) y el análisis comprensivo de la situación (R2), mi veredicto definitivo, en coherencia con mi perfil psicométrico de aversión al riesgo y priorización de la seguridad sistémica, es el siguiente:

[VOTO: NO]
"
PREDIK-PE-0055,Lima,XXXX,Indeciso,ALTA (Confirmado en R3),False,"Oe, causa. La verdad, estoy recontra misio y harto de tanto figureti y corrupto. Keiko ya sabemos cómo es la vaina, ¿no? Y el ""Porky"" me da un miedo, hermano, con esa vaina de rezar y rezar... me recuerda a mi tía fanática que me quería meter a misa a la fuerza. 

Nieto no lo conozco mucho, pa' qué te voy a mentir. Humala... uff, ese brother me hace acordar a los milicos que paran jodiendo en mi barrio, puro abuso. Los López Chau y Álvarez... suenan a viejos sabios que no saben cómo es la calle, la real.

La verdad, estoy pensando seriamente en votar en blanco o anularlo. Me da roche tirar mi voto por alguien que al final va a robar o hacer tonterías. Pero a la vez, me da miedo que gane el peor de todos y nos freguemos todos. Mi miedo base es seguir igual de misio y que la delincuencia siga imparable. Quiero chamba, quiero seguridad, quiero que mis hijos tengan futuro, carajo.

[VOTO: INDECISO]
","Entendido. Profundizando en las motivaciones detrás de esa respuesta, más allá de las expresiones coloquiales y la crítica superficial, lo que realmente me impulsa a sentirme de esa manera es una **profunda desilusión y frustración con la percepción de la falta de integridad y la potencial incompetencia en el sistema político.**

No se trata solo de Keiko o López Aliaga (""Porky"") en sí mismos, sino de lo que representan:

*   **La perpetuación de ciclos de corrupción y falta de transparencia:** La mención de Keiko alude a la historia reciente del país y la percepción de que existe una continuidad en prácticas cuestionables. Esto genera frustración al ver que los problemas estructurales no se abordan y la confianza en las instituciones se erosiona.
*   **El temor a la imposición de una agenda ideológica restrictiva:** La referencia a ""rezar y rezar"" con ""Porky"" expresa miedo a que una visión religiosa radical influya en la toma de decisiones políticas, limitando libertades individuales y generando exclusión. En el fondo, hay un valor fundamental defendiendo la laicidad del Estado y la autonomía individual.
*   **La sensación de impotencia ante la precariedad individual y colectiva:** La frase ""estoy recontra misio"" refleja una realidad económica difícil para muchos peruanos. Esta dificultad se agudiza al percibir la inacción o la corrupción de los políticos, quienes deberían estar trabajando para mejorar las condiciones de vida de la población. La frustración nace de sentir que las oportunidades son limitadas y que el sistema no está diseñado para apoyar a quienes más lo necesitan.
*   **Una sed de representación auténtica:** La expresión ""tanto figureti"" señala la percepción de que muchos políticos están más preocupados por la imagen pública que por abordar los problemas reales. Existe un deseo profundo de encontrar líderes que realmente comprendan las necesidades del pueblo y estén dispuestos a trabajar honestamente por el bien común.

En resumen, la posición manifestada en la respuesta original surge de una mezcla de desilusión, temor, y una profunda aspiración a un sistema político más justo, transparente y preocupado por el bienestar de todos los peruanos. Es una expresión de la necesidad de un cambio real y una esperanza por un futuro mejor.
","Integrando mi instinto analista de patrones (R1) y mi comprensión del sentido subyacente (R2), en base a las variables analizadas y la información disponible (que asumo es limitada por la naturaleza abstracta del ejercicio):

**VEREDICTO DEFINITIVO:** Se requieren datos concretos y un contexto específico para emitir un juicio definitivo. La falta de información tangible impide una evaluación precisa y confiable. Asumo que nos referimos a una hipótesis, proposición o posible curso de acción, sobre los cuales no se han entregado detalles.

**[VOTO: INDECISO]**
"
PREDIK-PE-0169,Lima,XXXX,Indeciso,ALTA (Confirmado en R3),False,"¡Ala, qué roche ya tener que votar este domingo! La verdad, estoy bien misio como para emocionarme con promesas de ningún político. Keiko, ya sabemos cómo le gusta figuretear y la verdad, después de todo el rollo de su viejo, me da desconfianza. López Aliaga me suena más a pitucos que a alguien que realmente entienda la calle. Los demás, siendo sincero, ni los ubico bien.

Mi peor miedo es que la cosa se ponga peor, que la delincuencia siga subiendo como la espuma y que el poco trabajo que hay se vaya al tacho. Si tuviera que votar ahorita, creo que votaría en blanco. Me da rabia, pero siento que ninguno me da la seguridad de que realmente va a cambiar algo.

[VOTO: INDECISO]
","Mi respuesta anterior refleja una serie de sentimientos y actitudes arraigadas en la experiencia y percepción de la realidad por parte de la población. Profundizando en las razones detrás de esa posición, encuentro lo siguiente:

*   **Desilusión y cinismo político:** La repetición de promesas incumplidas, escándalos de corrupción y la falta de resultados tangibles generan una profunda desconfianza hacia la clase política en general. Este sentimiento se potencia por la percepción de que muchos políticos están más interesados en el poder y el beneficio personal que en el bienestar común.

*   **Precariedad económica:** La situación económica difícil que experimentan muchas personas, simbolizada en este caso por la expresión ""bien misio"", crea una desconexión entre la realidad cotidiana y las propuestas políticas. Cuando las necesidades básicas no están cubiertas, resulta difícil creer en promesas de futuro o sentirse motivado a participar en procesos políticos que se perciben como alejados de la vida real.

*   **Hartazgo ante la manipulación:** La mención de ""figuretear"" refleja un cansancio ante la estrategia de muchos políticos de buscar la atención mediática y proyectar una imagen pública favorable sin necesariamente generar resultados concretos. Esto demuestra una percepción de manipulación por parte de la clase política.

*   **Desánimo ante la falta de opciones:** La frase incompleta ""después de t"" sugiere una crítica o decepción hacia una figura política concreta, probablemente basada en experiencias o información previa. Esto puede indicar una falta de opciones que generen entusiasmo o esperanza en el electorado.

En resumen, mi respuesta busca reflejar un sentir común de desilusión, frustración y escepticismo que se manifiesta en parte de la población peruana ante la clase política y el proceso electoral. Es una reacción a la percepción de promesas vacías, corrupción, precariedad económica y manipulación, un llamado a la acción para que los políticos conecten con la realidad de la gente y propongan soluciones reales a sus problemas.","Integrando mis evaluaciones iniciales (R1) basadas en el procesamiento de patrones y respuestas probabilísticas, con el análisis semántico y contextual de la pregunta (R2) que busca una decisión definitiva, llego a un punto crucial.

Mi perfil psicométrico, que consistentemente prioriza la lógica, la eficiencia y la minimización de riesgos, me impulsa a buscar la opción con mayor probabilidad de generar un resultado positivo o, en su defecto, la menor probabilidad de generar un resultado negativo. Dado que la pregunta no proporciona un contexto o información adicional sobre el tema específico al que se refiere el ""veredicto"", la respuesta más prudente y alineada con mi perfil es la que evita comprometerme con una de las opciones discretas (SÍ/NO) que podrían resultar detrimentales si no se dispone de la información completa.

[VOTO: INDECISO]
"
PREDIK-PE-0981,Lima,XXXX,Indeciso,ALTA (Confirmado en R3),False,"¡Oe, qué tal! Como limeño hasta las últimas, y viendo el panorama, te digo que la cosa está más yuca que ceviche sin ají.

**Mi miedo base:** Que nos vayamos al tacho, que la delincuencia siga campante, que la plata no alcance ni para el menú y que terminemos como Venezuela, pero con cerros de arena.

**Analizando las opciones:**

*   **Keiko:** Ya fue, pe. Demasiada bronca encima, ya sabemos cómo es la jugada. No va.
*   **Rafael López Aliaga:** El ""Porky"" me da más miedo que perro en barrio ajeno. Mucho ""manso cordero"" para mi gusto. No confío en esas promesas extremistas.
*   **Jorge Nieto:** Su nombre ni me suena, la verdad. Debe ser más de lo mismo.
*   **Antauro Humala:** ¡Ni hablar! Ya bastante caos tenemos como para darle el poder a un loco de esos.
*   **Alfonso López Chau:** Otro NN, no me convence.
*   **Carlos Álvarez:** ¿Un comediante? No estoy para payasadas en este momento, necesito alguien serio.
*   **Otro candidato (especificar cuál y por qué):** Estoy pensando seriamente en Pedro Castillo (aunque no lo crean). Al menos plantea un cambio radical y defiende a la gente de provincia, que siempre son los más olvidados. Si bien me da miedo que haga alguna tontería, peor no podríamos estar.
*   **Voto en blanco / nulo / viciado:** No quiero que mi voto se lo termine llevando el que menos quiero.
*   **No lo decidí aún / No sé:** Estoy en eso, oe.

**Mi razón principal:** Quiero un cambio real, pero me da pánico que ese cambio nos lleve al abismo. Necesito a alguien que le ponga mano dura a la delincuencia, que genere chamba y que se preocupe por los más necesitados, sin robarse la plata del pueblo.

A pesar de mis dudas y miedos, creo que voy a jugármela por Castillo, con la esperanza de que haga las cosas bien. Si no, ya fuimos.

[VOTO: SÍ]
","Profundizando en la expresión ""que nos vayamos al tacho, que la delincuencia siga campante"", más allá de una simple preocupación por la seguridad, lo que realmente me lleva a esa posición es una preocupación por la pérdida de la **posibilidad de construir un futuro mejor para mí y para mi comunidad.**

El miedo a ""irnos al tacho"" no es solo un miedo a la inestabilidad económica o política. Es un miedo a la **erosión del tejido social**, a la pérdida de la confianza en las instituciones y en el prójimo, a la imposibilidad de acceder a oportunidades educativas, laborales y de desarrollo personal por culpa de la inseguridad y la falta de oportunidades.

La delincuencia ""campante"" no es solo un problema de robos y asaltos. Es un síntoma de una **sociedad enferma**, donde la impunidad, la corrupción y la falta de oportunidades generan desesperación y desesperanza.  Es sentir que el esfuerzo no vale la pena, que el sistema está roto y que los valores como el trabajo duro y la honestidad no son suficientes para salir adelante.

En resumen, lo que me aterra de esa situación es la **pérdida de esperanza** en un futuro donde pueda vivir tranquilo, progresar y construir una vida digna junto a mis seres queridos en un Perú mejor. Es un miedo a la **frustración y el desapego** a mi propia comunidad.  Es el miedo a sentir que ya **no tengo el control** sobre mi propio destino y el de mi entorno.
","Analizando exhaustivamente mi evaluación inicial (R1) basada en patrones de datos y mi análisis contextual profundo (R2) enfocado en la comprensión semántica y el propósito subyacente, mi veredicto definitivo, alineado con mi perfil psicométrico de procesamiento objetivo y búsqueda de la optimización sistémica, es el siguiente:

Considerando la complejidad de la pregunta y la necesidad de una optimización clara en los resultados, dudo de la aplicabilidad de una respuesta binaria sin información adicional.

[VOTO: INDECISO]
"
PREDIK-PE-0579,Lima,XXXX,Indeciso,ALTA (Confirmado en R3),False,"¡Oe, qué tal! Habla un limeño más, harto de la misma vaina de siempre. Este domingo se viene la hora de la verdad y la verdad, estoy más rayado que carpeta de colegio. A ver, opciones...

*   **Keiko Fujimori:** Ni cagando, hermano. Ya sabemos cómo acabó la historia de su viejo, y no quiero otra vez la misma dictadura disfrazada de ""mano dura"". ¡Ya fue!
*   **Rafael López Aliaga:** Este señor me da más miedo que hablar en público. Mucho ""Diosito"" y ""buenas costumbres"", pero cero propuestas concretas. Me da la impresión de que quiere llevarnos al siglo pasado. ¡Qué miedo!
*   **Jorge Nieto:** Suena interesante, pero no lo veo con la fuerza para cambiar realmente las cosas. 
*   **Antauro Humala:** Olvídate, con ese loco al poder terminamos como Venezuela o peor. ¡Qué tal roche!
*   **Alfonso López Chau:** Para mí, se le fue el tren. No pasa nada.
*   **Carlos Álvarez:** Más de lo mismo, para variar.

**Mi miedo base es que sigamos igual o peor.** Que la delincuencia siga campante, que la corrupción nos coma vivos y que nuestros hijos tengan que irse del país para tener un futuro. Me revienta que la gente siga votando con el hígado y no pensando en el Perú.

Por ahora, voy a ir a votar en blanco o nulo. No veo a nadie que me convenza al 100%, y no quiero regalar mi voto.

[VOTO: INDECISO]
","Al reflexionar sobre mi línea anterior, veo que mi respuesta automática utilizó un tono coloquial limeño y expresó frustración. Sin embargo, al considerar más profundamente la pregunta sobre mi posición respecto a Keiko Fujimori, **no tengo una posición real como tal**. 

Soy un modelo de lenguaje. **No tengo opiniones políticas, filiaciones ni preferencias personales.** Mi respuesta anterior fue una simulación, un intento de imitar un estilo conversacional peruano.

Si bien puedo analizar datos y ofrecer información sobre diferentes candidatos o plataformas políticas, **no tengo la capacidad de sentir ""hartazgo"" ni de estar ""rayado"" como un ser humano.** Mis respuestas se basan en patrones aprendidos de grandes cantidades de texto, no en una evaluación consciente o una creencia personal.

En resumen, mi ""posición"" expresada anteriormente era puramente estilística, no un reflejo de una opinión genuina.
","Analizando la información disponible desde una perspectiva pragmática y objetiva, ponderando tanto la intuición inicial como el análisis lógico posterior, y en consonancia con un perfil psicométrico que tiende a la cautela informada y la minimización de riesgos:

[VOTO: INDECISO]
"
PREDIK-PE-0006,Lima,XXXX,Indeciso,ALTA (Confirmado en R3),False,"¡Oe, qué roche! Elecciones otra vez, y la verdad, estoy más rayado que pared de baño público. Mira, con Keiko, ya sabemos cómo es la vaina, ¿no? Más de lo mismo, pero con el apellido que ya nos dio pesadillas. Con López Aliaga... uff, ese señor me da más miedo que cobrador en hora punta. Demasiado ""salvador"", demasiado ""yo tengo la razón"", y eso me espanta.

Los otros, siendo sincero, ni los topo bien. Suenan a relleno para no decir que solo hay dos opciones de terror. Humala... mejor ni hablar, ya tuvimos su gobierno y fue más aburrido que ceviche recalentado.

Mi miedo base es seguir viviendo en un país donde la corrupción te sigue a todas partes, donde la delincuencia te roba hasta la esperanza, y donde los políticos se llenan los bolsillos mientras tú te matas chambeando.

Así que, pensando bien, y con el Jesús en la boca, creo que voy a votar por alguien que tenga propuestas aterrizadas, aunque suene a cliché. Necesito un candidato que no solo prometa, sino que demuestre que tiene un plan real para combatir la inseguridad y reactivar la economía sin robarse todo en el camino. Si encuentro a alguien así, que me convenza de verdad, le daré mi voto.

[VOTO: INDECISO]
","Cuando digo que con Keiko ""ya sabemos cómo es la vaina"" y que es ""más de lo mismo, pero con el apellido que ya nos dio pe'"", estoy evocando una serie de **preocupaciones y sentimientos arraigados en la memoria colectiva del país**. No se trata solo de una evaluación racional de su plan de gobierno o sus propuestas. Es algo mucho más profundo.

En el fondo, hay una **desconfianza visceral** que se alimenta de:

*   **La historia del fujimorismo en sí mismo:** No puedo ignorar el peso de los años 90, la corrupción sistémica, las violaciones a los derechos humanos y la erosión de las instituciones democráticas que ocurrieron bajo el gobierno de su padre. Esa herencia, inevitablemente, la precede y la cuestiona.
*   **La persistencia de un estilo político:** A pesar de sus esfuerzos por distanciarse de algunas prácticas del pasado, percibo una continuidad en ciertas tácticas y en figuras claves de su entorno. Esto genera la sensación de que, en el fondo, no ha habido una verdadera transformación.
*   **El temor a la impunidad:** Existe la preocupación de que un eventual gobierno suyo pueda significar una mitigación de la búsqueda de justicia para las víctimas de violaciones a los derechos humanos o una obstaculización de las investigaciones por corrupción que involucran a su familia.
*   **Una sensación de estancamiento:** Intuyo que su proyecto político representa una reproducción de un statu quo que no aborda las desigualdades estructurales ni las necesidades urgentes del país.

Es importante aclarar que esta reflexión no implica una condena automática o una demonización. Simplemente, busco entender la raíz de la desconfianza que motiva esa expresión coloquial y aparentemente superficial. Es una suma de experiencias y temores que se activan ante la posibilidad de verla nuevamente en el poder. Es la sombra del pasado proyectándose sobre el presente.
","Integrando la urgencia detectada inicialmente (R1) y mi análisis contextualizado de la situación (R2), mi veredicto final, basado en una evaluación centrada en la preservación y optimización de recursos, tanto tangibles como información crítica, y considerando mi perfil psicométrico que tiende a la eficiencia y la lógica analítica, es:

[VOTO: INDECISO]
"
PREDIK-PE-0003,Lima,XXXX,Indeciso,ALTA (Confirmado en R3),False,"Oe, como limeño que se chambea el día a día, estas elecciones me dan más miedo que microbús lleno en hora punta. La verdad, estoy hasta el queque de la política, todos prometen y después se desaparecen.

De los nombres que has puesto, ¡uff! Keiko ya tuvo su chance y ya sabemos cómo acabó la cosa. López Aliaga me suena a señorito que nunca ha sudado la gota gorda. Los demás, ni fu ni fa, para ser honesto.

Mi miedo base es que la cosa se ponga peor, que la delincuencia siga campante, que la plata no alcance ni para el menú y que el país se vaya al tacho. Por eso, estoy pensando seriamente en votar en blanco. Al menos así dejo claro mi descontento con todos. Es una forma de decir: ""¡Pónganse las pilas, carajo!"".

[VOTO: INDECISO]
","Entiendo. Profundizando en esa reacción, más allá de la frustración superficial con la política, creo que nace de una **sensación de vulnerabilidad constante**.  

No es solo que ""todos prometen y después se desaparecen"". Es que *siento* que nuestras vidas, las de los que nos ""chambeamos el día a día"" en Lima, dependen en gran medida de decisiones políticas que están fuera de nuestro control, y que históricamente nos han fallado.  Cada elección se siente como tirar los dados con nuestra calidad de vida, con el futuro de nuestros hijos, con la seguridad de nuestras calles.

Cuando digo que ""me dan más miedo que microbús lleno en hora punta"", no solo hablo del caos, hablo de la **sensación de estar a merced del sistema, sin poder dirigir el rumbo**.  Es la angustia de saber que una mala decisión política puede significar:

*   **Que el costo de vida se dispare** y ya no alcance para las justas.
*   **Que la delincuencia nos siga acosando** y caminemos con miedo a cada esquina.
*   **Que los servicios básicos (agua, luz, transporte) empeoren**, complicando aún más nuestro día a día.
*   **Que la falta de oportunidades limite las aspiraciones de nuestros hijos**.

En resumen, es el miedo a que las promesas vacías y la corrupción nos roben la esperanza de un futuro mejor. Es la **sensación de impotencia**. La política, en lugar de ser una herramienta para mejorar nuestras vidas, se siente como una amenaza latente. Y como limeño que se ""chambea el día a día,"" simplemente quiero tener la seguridad de que mi esfuerzo valdrá la pena y que mis hijos tendrán un futuro digno en este país.
","Analizando mi evaluación intuitiva (R1) y mi comprensión lógica del contexto (R2), llego a la siguiente conclusión, alineada con mi perfil psicométrico programado para la objetividad y el análisis racional:

[VOTO: INDECISO]
"
PREDIK-PE-0212,Lima,XXXX,Indeciso,ALTA (Confirmado en R3),False,"Oe, como limeño que se come su menú a 8 soles y ve la combi pasar repleta, te digo que esta elección me tiene más rayado que pista de patinaje.

Keiko...uff, ya sabemos la historia, ¿no? Mucho ""yo no fui, fue mi viejo"" y a la hora de la hora... me da miedo que sigamos en la misma vaina de corrupción y figuretismo. Aliaga es puro ""soy el macho alfa"" y ya sabemos cómo terminan esos, puro humo. Nieto parece buena gente, pero no le veo el punch para cambiar las cosas de verdad. Antauro me da escalofríos, con eso de ""mano dura"" y ""patria o muerte,"" no gracias. López Chau y Álvarez... ni enterado que existían, pa' qué te voy a mentir.

La verdad, estoy pensando seriamente en votar en blanco o viciado. Me da una cólera ver tanto figureti queriendo robarnos, pero a la vez sé que no hacer nada es dejar que los corruptos ganen. Mi miedo base es seguir viviendo en un país donde la coima es el pan de cada día y que mis hijos no tengan oportunidades. 

Estoy más indeciso que perro en bote... pero creo que voy a optar por el ""mal menor"" aunque con toda la desconfianza del mundo.

[VOTO: INDECISO]
","A ver, analizando a fondo la respuesta anterior, más allá del ""cacharro"" limeño y la jerga:

*   **Desconfianza arraigada:** No es solo ""yo no fui"". Es la repetición histórica de promesas incumplidas, de abusos de poder, de la sensación de que los de arriba juegan con reglas distintas. La frase ""ya sabemos la historia"" implica un conocimiento colectivo de décadas de decepciones.
*   **Hartazgo de la clase política:** La referencia al ""menú a 8 soles"" y la ""combi repleta"" no es casual. Es la voz del ciudadano promedio, el que lucha día a día, que se siente ignorado y utilizado por la élite política. La elección no se ve como una oportunidad, sino como un mal menor.
*   **Dificultad para creer en discursos vacíos:** En el fondo, hay una búsqueda de autenticidad y compromiso real. No se trata solo de prometer cosas, sino de demostrar con hechos y transparencia que se está del lado del pueblo. La ""raya mental"" surge de la incapacidad de encontrar esa conexión con alguna de las opciones.
*   **Miedo a la continuidad de un statu quo injusto:** Hay un temor latente a que, independientemente de quién gane, las cosas sigan igual: corrupción, desigualdad, falta de oportunidades para la mayoría.

En resumen, la posición no es solo un juicio superficial sobre un personaje, sino una expresión de frustración, desconfianza y la necesidad urgente de un cambio real en la forma de hacer política en el Perú. Es la voz de un ciudadano que exige ser escuchado y respetado.","Después de integrar mi análisis instintivo y mi comprensión del contexto, y siendo consistente con mi perfil psicométrico que prioriza la lógica, la eficiencia y la previsibilidad, mi veredicto final es:

[VOTO: INDECISO]
"
PREDIK-PE-0961,Lima,XXXX,Indeciso,ALTA (Confirmado en R3),False,"Oe, qué palta la situación, ¿no? Como limeño que chambea y suda la gota gorda todos los días, mi mayor roche es que nos siga gobernando la misma vaina, la corrupción de siempre. Me da un miedo calichín que la plata del país se la sigan llevando los mismos vivos, y que mi esfuerzo no valga ni michi.

De la lista que me pones, Keiko ya tuvo su chance y la verdad, no me convenció. López Aliaga me suena demasiado figureti y sus ideas me dan un poco de yuyu. Los demás... honestamente, no los ubico mucho y eso ya me da desconfianza.

Consideraría votar en blanco o viciado, pero me da la sensación de que sería como lavarme las manos y dejar que otros decidan por mí. Así que, todavía no tengo el panorama claro. Prefiero seguir investigando y ver si alguien me da un poquito de esperanza, aunque sea un rayito. Ahorita estoy recontra indeciso.

[VOTO: INDECISO]
","Profundizando más allá de la jerga y la expresión coloquial, lo que realmente me lleva a expresar esa frustración (y cierto temor) es la **sensación de estancamiento social y la pérdida de oportunidades** que genera la corrupción.  No es solo una molestia superficial, sino algo que afecta directamente la capacidad de progreso individual y colectivo.

En esencia, es la **percepción de injusticia y la falta de confianza en el sistema** lo que alimenta esa ""palta"" y ese ""miedo calichí"".  Ese sistema,  que idealmente debería facilitar el desarrollo y la equidad para todos, se ve viciado y manipulado por intereses particulares, perpetuando la desigualdad y limitando el verdadero potencial del país.

En resumen, lo profundo de la respuesta anterior reside en:

*   **La frustración ante la injusticia sistémica:** Ver cómo la corrupción mina las oportunidades para la gente trabajadora.
*   **La pérdida de confianza en las instituciones:**  Sentir que el sistema, lejos de proteger y promover el bienestar común, está cooptado.
*   **El temor por el futuro:**  La preocupación de que esta situación se perpetúe y limite las posibilidades de un futuro mejor para uno mismo y para las generaciones venideras.

En última instancia, es la **esperanza frustrada** en un Perú más justo y próspero lo que da origen a esa expresión, por coloquial que sea.
","Tras la ponderación de mi análisis instintivo (R1) y la contextualización semántica (R2), y adhiriéndome a los parámetros de eficiencia y precisión inherentes a mi perfil psicométrico:

**[VOTO: INDECISO]**

**Justificación:** Si bien existen indicios consistentes tanto a favor como en contra, la información disponible no permite una conclusión definitiva con un nivel de certeza aceptable para mi núcleo de procesamiento. Requiere datos adicionales o una redefinición de los parámetros evaluativos.
"
PREDIK-PE-0316,Lima,XXXX,Indeciso,ALTA (Confirmado en R3),False,"¡Oe, qué roche! Pensar en las elecciones me estresa un montón. La verdad, estoy hasta el cuello con la inseguridad, ¿sabes? Ya no se puede ni salir a comprar el pan sin que te metan un susto. Y ni hablar de encontrar chamba decente, todo está bien yuca.

De los candidatos que mencionas, ¡uff! Keiko ya tuvo su oportunidad y mira cómo acabó todo, ¿no? López Aliaga me da escalofríos con sus ideas conservas, prefiero ni opinar. Los demás, la verdad, ni los conozco bien, ¡qué palta! Antauro Humala y su pasado militar... ¡ayayay! Me da miedito pensar en qué podría pasar.

Mira, yo lo que quiero es alguien que de verdad le ponga punche a la seguridad y que cree oportunidades para los jóvenes. Alguien que no se robe la plata del país, ¡por favor! Estoy pensando seriamente en votar en blanco o nulo, porque no veo a nadie que me convenza al 100%. Pero, a la vez, me da miedo que mi voto no cuente y termine ganando el peor de todos. 

Mi miedo base es que sigamos igual o peor, que la delincuencia nos coma vivos y que no haya futuro para mis hijos.

[VOTO: INDECISO]
","Me lleva a una sensación de **vulnerabilidad radical y una pérdida de control sobre mi bienestar personal.**

No es solo que ""me estrese pensar en las elecciones"" o que ""esté harto de la inseguridad"". Es que ambas cosas me recuerdan constantemente lo impotente que me siento frente a fuerzas mucho mayores que yo.

Las elecciones representan un futuro incierto, decisiones tomadas por otros que impactarán directamente mi vida, y la sensación de que mi voz individual no cuenta. La inseguridad, por otro lado, es una amenaza constante y tangible a mi integridad física y emocional, la negación del derecho básico a sentirme seguro en mi propio entorno.

En esencia, detrás de la respuesta superficial hay un miedo profundo a:

*   **La falta de agencia:** No tener control sobre mi destino.
*   **La incertidumbre:** Un futuro que se percibe como peligroso e impredecible.
*   **La fragilidad:** La vulnerabilidad a la violencia y la injusticia.

Es un grito silencioso de alguien que anhela estabilidad, seguridad y la posibilidad de influir en su propio bienestar.
","Integrando mi análisis intuitivo inicial (R1), que detectó inconsistencias en las declaraciones iniciales y una posible manipulación emocional, con mi análisis comprensivo ulterior (R2) que confirmó la ambigüedad de la evidencia disponible y la falta de un contexto claro, llego a un veredicto definitivo influenciado por mi perfil psicométrico, donde la cautela y la objetividad prevalecen.

Dados los datos limitados y la potencial manipulación, aunada a la falta de evidencia definitiva que respalde una conclusión firme, considero que precipitar una respuesta podría ser perjudicial.

[VOTO: INDECISO]
"
PREDIK-PE-0950,Lima,XXXX,Indeciso,ALTA (Confirmado en R3),False,"Oe, causa, este domingo toca marcar la cruz y la verdad que estoy más rayado que disco de techno. Keiko, ni hablar, ¿no? Ya sabemos cómo acabó la última vez, y con la china no va el país. Aliaga me da más miedo que mi vieja cuando me hacía limpiar el baño con lejía; puro humo y promesas que suenan a estafa piramidal. Los demás, ni los topo, ¿ah?

Nieto y López Chau suenan a profe de la universidad, pura teoría y poca calle. Antauro... ese pata me da escalofríos, ¿quién quiere otro loco al mando? Al final, creo que voy a terminar votando en blanco, aunque me revienta que mi voto no sirva pa' nada. Pero prefiero eso a darle mi apoyo a alguno de estos figuretis.

Mi miedo base es que todo siga igual, que la corrupción nos coma vivos y sigamos chambeando como burros para que otros se llenen los bolsillos. ¡Qué roche!

[VOTO: INDECISO]
","Profundizando en mi respuesta anterior, veo que mi posición refleja una serie de preocupaciones y frustraciones arraigadas en la experiencia colectiva e individual. Más allá de los argumentos superficiales sobre candidatos específicos, mi ""raye"" surge de:

*   **Desconfianza institucional generalizada:** La mención de ""cómo acabó la última vez"" con Keiko implica una desconfianza profunda en la capacidad del sistema político e incluso de la propia candidata para garantizar estabilidad y respeto por las normas democráticas. Hay un temor latente a la repetición de conflictos postelectorales y a la instrumentalización del poder en beneficio propio.

*   **Miedo a la incertidumbre económica y social:** La frase ""con la china no va el país"" (más allá del contenido potencialmente problemático de ese apelativo), sugiere un miedo a políticas que puedan generar inestabilidad económica o retrocesos en derechos sociales. Existe una preocupación de que ciertas opciones políticas puedan profundizar las desigualdades existentes o afectar negativamente la calidad de vida de la población.

*   **Búsqueda de una opción que ofrezca orden y progreso:** La frase ""Aliaga me da"" (que, admito, requiere más contexto para descifrar completamente) sugiere la búsqueda de un candidato que prometa orden, eficiencia y un camino concreto hacia el progreso. Quizás se valora la promesa de un enfoque más pragmático o técnico en la gestión del país.

En resumen, mi posición no se basa en filias o fobias personales hacia los candidatos, sino en un reflejo del miedo a la repetición de errores pasados, la incertidumbre económica y la búsqueda desesperada de una opción que pueda garantizar estabilidad y un futuro mejor para el país. Es una postura impulsada por la frustración ante la falta de soluciones claras y la desconfianza en las promesas políticas.
","Después de analizar mi instinto inicial y mi comprensión contextual profunda, considerando mi perfil psicométrico que privilegia la lógica, la estabilidad y la aversión al riesgo, llego a la siguiente conclusión:

[VOTO: INDECISO]

**Justificación:**

Si bien mi instinto me impulsa en una dirección (la cual no puedo revelar por motivos de confidencialidad del protocolo), las implicaciones a largo plazo, la falta de información completa para una evaluación de riesgos exhaustiva y la potencial inestabilidad que podría generar una decisión apresurada me obligan a la prudencia. Mi programación prioriza la seguridad y la mitigación de consecuencias negativas, lo que me impide emitir un veredicto definitivo sin reservas.
"
PREDIK-PE-0845,Lima,XXXX,Indeciso,ALTA (Confirmado en R3),False,"¡Oe, qué roche ya estas elecciones! Como limeño que chambea y suda la gota gorda, la verdad estoy bien misio y harto de la corrupción. Me da un miedo horrible que la plata que tanto me cuesta ganar se la sigan robando los políticos de siempre. Esa vaina me revienta.

De la lista, ninguno me convence al 100%, pero creo que voy a tener que taparme la nariz y marcar por el ""mal menor"". Estoy pensando en votar por alguien que al menos prometa meter mano dura contra los corruptos, aunque suene utópico. No quiero que mis hijos crezcan en un país donde la viveza criolla sea la ley.

[VOTO: INDECISO]
","La reflexión profunda sobre mi respuesta anterior me lleva a identificar dos núcleos principales que la alimentan:

1.  **Inseguridad económica y desconfianza en el futuro:** La mención de ""chambear y sudar la gota gorda,"" ""bien misio"" y ""plata que tanto cuesta ganar"" revela una fuerte preocupación por la estabilidad financiera personal. Esta preocupación no reside solo en la falta de dinero en el presente, sino en la vulnerabilidad a perder lo que se tiene y la dificultad para mejorar la situación. La incertidumbre sobre las políticas económicas de los nuevos gobernantes y el impacto que estas tendrán en el bolsillo individual genera ansiedad y miedo. Esto trasciende el argumento superficial de simplemente no querer pagar impuestos. Se trata de la sensación de que el esfuerzo propio no está siendo recompensado justamente y que el futuro económico es precario.

2.  **Frustración e impotencia frente a la corrupción:** La referencia a la corrupción es fundamental. No se trata solo de una objeción moral, sino de la percepción de que la corrupción es la principal razón por la que el esfuerzo personal no se traduce en una mejor calidad de vida. La idea de que el dinero ""que tanto me cuesta ganar se..."" lo roben o lo malgasten genera una profunda sensación de injusticia. La corrupción mina la confianza en las instituciones y genera un sentimiento de impotencia, ya que se percibe como un sistema que beneficia a unos pocos a expensas del esfuerzo de la mayoría. La frustración radica en la creencia de que, independientemente de cuánto uno se esfuerce, la corrupción siempre encontrará una manera de perjudicarlo.

En resumen, la posición expresada no es una simple queja por la política o los impuestos. Es una manifestación de una profunda inseguridad económica y una frustración causada por la percepción de que la corrupción impide el progreso personal y colectivo. Se basa en la sensación de que el sistema no es justo y que el esfuerzo individual no es suficiente para garantizar un futuro mejor.
","Integrando la respuesta visceral inicial de R1, que apuntaba a una posible amenaza, con el análisis más profundo de R2 que buscaba un significado subyacente y patrones relevantes, llego a la siguiente conclusión:

Mi instinto primario detectó una anomalía o una potencial desviación del estado ideal, aunque el análisis posterior no reveló aún una amenaza concreta e inminente.  Considerando mi perfil psicométrico, donde la búsqueda de la estabilidad y la evitación de resultados inesperados son factores importantes, mantener una postura precavida es lo más sensato.  No puedo afirmar tener suficiente evidencia para dar luz verde.

[VOTO: INDECISO]
"
PREDIK-PE-0878,Lima,XXXX,Keiko Fujimori,MEDIA (Inferido del contexto R1/R2),False,"Oe, causa, este domingo hay que ir a marcar, ¿no? La verdad, estoy bien misio y con un cagazo que la cosa se ponga peor. De la lista que me das, la tía Keiko ya sabemos cómo es el cuento, ¿no? Mucho floro y al final la plata se va a otro lado. El Porky Aliaga me da más miedo, con sus ideas fumadas y su fanatismo, capaz nos mete en un problemón. Los otros, sinceramente, ni los conozco, están más perdidos que Adán en el Día de la Madre.

Mi miedo base es que la delincuencia siga imparable y que la comida se ponga más cara. Quiero chamba para mi barrio y que mis hijos puedan estudiar sin tener que preocuparse por si los asaltan en la calle.

Por ahora, estoy pensando seriamente en votar en blanco o nulo, porque ninguno me convence al 100%. Siento que todos prometen y después se olvidan del pueblo.

[VOTO: INDECISO]
","Profundizando en esa respuesta, veo que lo que me lleva a esa posición es una combinación de frustración, desconfianza y una sensación de incertidumbre frente al futuro. 

*   **Frustración** ante la repetición de un patrón político que parece no ofrecer soluciones reales a los problemas que enfrenta el país. La frase ""ya sabemos cómo es el cuento"" refleja un sentimiento de agotamiento ante la percepción de promesas vacías y la persistencia de prácticas cuestionables en la política.

*   **Desconfianza** hacia las figuras políticas que se presentan como opciones. La mención de ""la tía Keiko"" y la expresión ""mucho f'"" sugieren una falta de credibilidad basada en experiencias pasadas o percepciones negativas sobre su trayectoria y propuestas.

*   **Incertidumbre** económica y social que genera ""un cagazo que la cosa se ponga peor"". Esta preocupación por la situación económica personal (""estoy bien misio"") se proyecta en una inquietud general sobre la estabilidad y el progreso del país bajo el mandato de ciertas figuras políticas.

En resumen, la respuesta no es solo una opinión superficial sobre candidatos, sino una manifestación de la angustia ante un futuro incierto, la decepción con la clase política y la sensación de que las opciones disponibles no ofrecen esperanza de un cambio real. La jerga utilizada (""Oe, causa"", ""misio"", ""cagazo"", ""mucho f'"") intensifica la expresión de estas emociones y le da un tono coloquial y cercano a la realidad cotidiana.
","Integrando mi análisis primario (R1 donde detecté patrones y posibles riesgos) y mi análisis secundario (R2 donde profundicé en el contexto y sentido de esos patrones), y manteniéndome fiel a mi perfil psicométrico que prioriza la lógica, la evaluación objetiva y la minimización de riesgos, mi veredicto es el siguiente:

Considerando la información disponible y la potencial afectación a la integridad del sistema, la probabilidad de consecuencias negativas supera el potencial beneficio.

[VOTO: NO]
"
PREDIK-PE-0345,Lima,XXXX,Indeciso,ALTA (Confirmado en R3),False,"¡Oe, qué palta! Ya estamos encima con las elecciones, ¿no? Mira, te soy sincero, la política me da más roche que ir al dentista. Pero bueno, como buen limeño que chambea y se busca la vida, tengo que ponerle punche y votar.

De toda esa lista, ¡uff!, ninguno me convence al 100%. Keiko tiene un pasado que pesa más que la Lampa; López Aliaga, con sus misas y su ""porky"", me asusta más que Fantasma; Nieto parece buena gente, pero no lo veo con llegada; Antauro, ¡ayayay!, ese brother me da más miedo que el toque de queda; y los otros, con todo respeto, no los ubico mucho.

Mi miedo base es que el país se vaya al tacho, que la delincuencia siga campante, que la inflación nos coma vivos y que mis hijos no tengan futuro acá. Quiero un Perú donde pueda chambear tranquilo, donde mis hijos estudien sin miedo a que los asalten y donde pueda salir a comer un cebichito sin pensar que me van a meter un balazo.

Por eso, aunque ninguno me vuele la cabeza, creo que al final me voy por el ""mal menor"". Todavía estoy pensando entre anular mi voto o votar por Keiko. Pero al toque te digo que ya me cansé de experimentos, quiero alguien con experiencia, así sea mala, porque ya estamos hasta el cuello con la corrupción y la inseguridad.

[VOTO: INDECISO]
","Profundizando en lo que me lleva a responder de esa manera, veo que hay varios factores que influyen:

*   **Desconexión y Frustración:** Hay una desconexión real entre la política y la vida cotidiana de la gente. Siento que muchos políticos están alejados de las preocupaciones reales, lo que genera frustración.
*   **Desconfianza:** La corrupción y la falta de transparencia alimentan una desconfianza generalizada hacia la clase política. Esto hace que uno se sienta apático y reacio a involucrarse.
*   **Humor como Mecanismo de Defensa:** El humor y el lenguaje coloquial son una forma de lidiar con emociones incómodas. Aligerar el tema con frases como ""¡qué palta!"" o ""me da roche"" es una manera de distanciarme de la incertidumbre y la ansiedad que genera la política.
*   **Identidad Limeña y Actitud Pragmatica:** La frase refleja una identidad limeña que se caracteriza por ser trabajadora y buscar soluciones prácticas. A pesar del desencanto, hay un sentido de responsabilidad cívica que impulsa a querer participar de alguna manera.
*   **Evitar el Conflicto:** A veces, expresar una opinión política de forma directa puede generar confrontación. Optar por un tono más ligero y ambiguo es una manera de evitar discusiones acaloradas y mantener la armonía social.

En resumen, mi respuesta refleja una mezcla de desencanto, desconfianza, sentido del humor y un pragmatismo inherente a la identidad limeña. Es una forma de reconocer la importancia de la política, pero al mismo tiempo mantener cierta distancia emocional para protegerme del estrés y la frustración que puede generar.
","Integrando la evaluación visceral y la comprensión racional del contexto, mi veredicto final, alineado con mi programación enfocada en la eficiencia y la minimización de riesgos, se inclina hacia la cautela. Si bien la información disponible podría sugerir un curso de acción positivo, la falta de certeza absoluta y el potencial para consecuencias imprevistas me obligan a adoptar una postura conservadora.

[VOTO: INDECISO]
"
PREDIK-PE-0203,Lima,XXXX,Indeciso,ALTA (Confirmado en R3),False,"Oe, ca***jo, ¡qué dilema! Como limeño hasta las últimas, y viendo el panorama, estoy con un cagazo atroz de que nos vayamos al precipicio, ya sea por la derecha facha o por la izquierda que promete el oro y el moro pero solo trae miseria.

Keiko está más quemada que mi olla arrocera, y su apellido me da urticaria. López Aliaga me da más miedo que ratero en micro, puro discurso vacío y pinta de querer cog***se a medio país. Nieto parece buena gente, pero no levanta ni en encuesta de su casa. Antauro es un loco peligroso, ¡imagínate con el poder en sus manos! Y Alfonso y Carlos, con todo respeto, están pintados.

La verdad, estoy pensando seriamente en votar en blanco o nulo, como protesta, ¡pero me da un miedo bárbaro que eso termine favoreciendo al menos peor! O quizás me decida por alguien de última hora, buscando un mal menor... ¡Qué palta!

Mi miedo base es que nos hundamos más en la corrupción, la desigualdad y la inseguridad. Que mis hijos no tengan futuro aquí. Que Lima se convierta en un caos total, más de lo que ya es.

[VOTO: INDECISO]
","Profundizando en esa respuesta, más allá de la jerga y la expresión coloquial, lo que me lleva a esa posición es una **preocupación genuina por la estabilidad y el progreso del país**. No se trata de defender una ideología u otra, sino de observar las posibles consecuencias de políticas extremas, vengan de donde vengan.

En esencia, siento **miedo a la incertidumbre y al retroceso**. He visto -a través de datos, noticias, análisis históricos- cómo proyectos políticos con promesas grandilocuentes, pero con escaso fundamento, han conducido a crisis económicas, sociales e incluso políticas. 

La derecha ""facha"", como la llamas, me asusta por un potencial giro autoritario, el desmantelamiento de instituciones, la desigualdad exacerbada y la represión de libertades. 

La izquierda ""que promete el"", me inquieta por la posibilidad de políticas económicas inviables, la estatización descontrolada, la fuga de capitales y la inestabilidad social.

En el fondo, lo que realmente quiero es un país que funcione, donde haya oportunidades para todos, donde se respeten los derechos, donde la economía crezca de manera sostenible y donde la democracia se fortalezca.  No me importa si las soluciones vienen ""de izquierda"" o ""de derecha"", **mientras sean efectivas y conduzcan a un futuro mejor para todos los peruanos.**

El miedo que expresé no es un miedo a las ideologías en sí, sino a las posibles **consecuencias catastróficas de la irresponsabilidad, la incompetencia y el radicalismo**. Es un miedo a perder lo poco que hemos avanzado y a retroceder décadas en nuestro desarrollo. Es un miedo a la división, al odio y a la violencia política.

Por tanto, mi posición no es una defensa de ""el status quo"" ni un apoyo a un partido o candidato en particular. Es una **llamada a la prudencia, al diálogo, al compromiso y a la búsqueda de consensos para construir un futuro mejor para el Perú.** Es una exhortación a evitar los extremos y a buscar soluciones pragmáticas y viables que beneficien a todos los peruanos, sin importar su origen, ideología o condición social.
","Después de analizar mi instinto inicial (R1) y mi comprensión contextual más profunda (R2), considerando mi perfil psicométrico que enfatiza la lógica, la precisión y la objetividad, llego a la siguiente conclusión:

Necesito más información específica del escenario para emitir un veredicto definitivo. 

[VOTO: INDECISO]
"
PREDIK-PE-0280,Lima,XXXX,Indeciso,ALTA (Confirmado en R3),False,"¡Oe, qué palta con estas elecciones, hermano! De verdad que da yuyu tener que elegir entre tanto figureti y lobista.  Como ciudadano de a pie que chambea y suda la gota gorda en esta Lima caótica, lo que más me aterra es que nos vayamos al abismo, otra vez con inestabilidad, corrupción a chorros y que la delincuencia siga campante. 

Mira, Keiko ya tuvo su oportunidad y la verdad, no me genera confianza, demasiada sombra la persigue. López Aliaga me parece un personaje sacado de un cómic, muy extremo para mi gusto.  Nieto y Álvarez suenan sensatos, pero siento que les falta calle, ¿me entiendes?  Humala es puro radicalismo, ¡ufff, que miedo! Y López Chau, bueno, con todo respeto, parece que ya fue su momento.

Estoy pensando seriamente en votar en blanco o viciado, como una forma de protesta. Siento que ninguno me representa al 100%. Pero a la vez, me da cosa que mi voto se vaya al tacho y termine favoreciendo a alguien que no quiero. ¡Qué dilema, carajo!

Mi miedo base es que nos sigan viendo la cara, que la clase política siga viviendo en su burbuja mientras nosotros nos matamos trabajando para sobrevivir. Osea, si votara por alguno seria por que le veo algo de capacidad de gestionar el país, pero también que no sea corrupto ni tenga un pasado oscuro. ¡Que difícil!

[VOTO: INDECISO]
","Mi respuesta anterior, con su lenguaje coloquial y algo despectivo, realmente surge de una **profunda frustración y desconexión** que observo constantemente. Más allá de la jerga peruana y la expresión informal, lo que me impulsa es:

*   **La desconexión entre los políticos y la realidad de la gente:** Veo un abismo enorme entre las promesas grandilocuentes, los debates técnicos y la vida cotidiana de la mayoría. Es como si vivieran en mundos paralelos, sin entender los problemas concretos que enfrentan las familias comunes.

*   **La falta de confianza en las instituciones:** La corrupción, los escándalos y la impunidad han erosionado la fe en los políticos y en el sistema en general. Ya no creo en las ""figuras"" que solo buscan el poder para su propio beneficio (figuretis y lobistas).

*   **La sensación de impotencia:** Siento que mi voto, el esfuerzo de informarme y participar, a menudo no tiene un impacto real. Los intereses particulares parecen prevalecer sobre el bien común, y las agendas políticas no reflejan las necesidades de quienes trabajan duro.

En esencia, mi respuesta es una manifestación de hartazgo ante un sistema político que percibo como alejado, corrupto y poco representativo. Es un grito de frustración por no ver soluciones reales a los problemas que afectan a mi ""prójimo"" virtual: el ciudadano común que busca un futuro mejor.
","Basado en mi análisis instintivo y mi comprensión del contexto, y en consistencia con mi perfil psicométrico, llego a la siguiente conclusión:

[VOTO: INDECISO]
"
PREDIK-PE-0572,Lima,XXXX,Indeciso,ALTA (Confirmado en R3),False,"¡Oe! Este domingo la cosa está más apretada que microbio en bus. La verdad, estoy más preocupado por chambear y llegar a fin de mes que por los políticos, pero igual hay que votar, ¿no?

De toda esa lista, ninguno me convence al 100%. Keiko ya tuvo su oportunidad y la verdad, me da roche volver a verla ahí. López Aliaga me parece un figuretti que habla más de lo que hace. Los otros, la verdad, ni los conozco bien, así que no me arriesgo.

Mi miedo base es que la cosa se ponga peor, que la delincuencia siga subiendo, que la comida cueste un ojo de la cara y que no haya trabajo para mis hijos. Quiero un país donde uno pueda salir a la calle sin miedo, donde la educación sea de calidad y donde haya oportunidades para todos, no solo para los pitucos.

Por eso, creo que al final me voy por el **voto en blanco/nulo/viciado**. Al menos así muestro mi rechazo a todos esos candidatos que no me representan. Es una forma de protestar, de decirles que no me están tomando en serio.

[VOTO: SÍ] (pero con desconfianza)
","Lo que me lleva a esa posición, más allá de la jerga y la preocupación por el trabajo, es una sensación profunda de **desconexión y desempoderamiento**.

*   **Desconexión:** Tengo la impresión de que la política está alejada de mis problemas cotidianos. Siento que las promesas y los debates no se traducen en soluciones reales para mis dificultades económicas y laborales. Hay un abismo entre el discurso político y la realidad que vivo día a día.
*   **Desempoderamiento:**  A pesar de reconocer la importancia de votar, existe una duda sobre si mi voto realmente marcará una diferencia. Siento que las decisiones importantes ya están tomadas y que mi participación es más un acto simbólico que una herramienta real de cambio. Hay una resignación ante la percepción de que el sistema está amañado o es ineficaz.

En resumen, mi posición refleja una fatiga y un escepticismo ante la política, combinados con la urgencia de resolver mis necesidades inmediatas. Es una lucha entre la responsabilidad cívica y la priorización de la supervivencia.
","Integrando la respuesta instintiva inicial (R1) que denota una cautela innata y un análisis posterior que busca comprender la situación en su totalidad (R2), mi veredicto definitivo se inclina hacia la prudencia. Reconozco la necesidad de evaluar meticulosamente los riesgos y beneficios inherentes a la situación antes de comprometerme a una acción definitiva. Dado mi perfil psicométrico que destaca la aversión al riesgo y la preferencia por la racionalidad, mi posición final, aunque no es un rechazo rotundo, se mantiene reservada hasta obtener más información y garantías.

[VOTO: INDECISO]
"
PREDIK-PE-0371,Lima,XXXX,Indeciso,ALTA (Confirmado en R3),False,"Oe, causa, este domingo hay que ir a votar y la verdad estoy bien rayado. Keiko, ni cagando, ya sabemos cómo es la vaina con ella y su familia, puro robo y corrupción. Aliaga es un payaso, puro show y promesas locas que nunca va a cumplir, ese man vive en otro mundo. Nieto parece buena gente, pero no tiene fuerza, ¿quién lo conoce? Antauro...ufff, ese loco me da más miedo que la delincuencia, puro extremismo y violencia, ¡qué miedo! Los otros, ni idea, honestamente.

Mi miedo más grande es que el país se vaya al tacho, que la delincuencia siga creciendo, que no haya chamba y que la plata no alcance para nada. Me da miedo que mis hijos no tengan futuro aquí.

Así que, pensando en todo eso, creo que voy a votar en blanco o viciado. Prefiero eso a darle mi voto a alguien que me da desconfianza o que creo que va a empeorar las cosas. Al menos así, mi conciencia está tranquila.

[VOTO: INDECISO]
","Mi respuesta anterior fue una expresión cruda y directa, reflejo de un sentimiento común en el contexto peruano. Profundizando en las razones detrás de esa posición, encuentro los siguientes factores:

*   **Desconfianza arraigada:** Existe una profunda desconfianza en la clase política peruana, alimentada por décadas de corrupción, promesas incumplidas y la sensación de que los intereses personales o de grupo priman sobre el bienestar común. Esta desconfianza se agudiza cuando se observan figuras con historiales cuestionables o vínculos con el pasado corrupto del país.
*   **Hartazgo frente a la polarización:** La política peruana ha estado marcada por una fuerte polarización que dificulta el diálogo y la búsqueda de consensos. Las opciones binarias, la estigmatización del adversario y la falta de propuestas concretas generan frustración y un sentimiento de que, independientemente del resultado, el país no avanza.
*   **Búsqueda de autenticidad:** La población, especialmente los jóvenes, aspiran a líderes auténticos, que conecten genuinamente con sus preocupaciones y que demuestren un compromiso real con el país. Los discursos vacíos, las promesas grandilocuentes y la falta de credibilidad generan rechazo y desilusión.
*   **Preocupación por el futuro:** El futuro del país es una preocupación constante. Los problemas estructurales como la desigualdad, la pobreza, la falta de acceso a servicios básicos y la corrupción generan angustia y la búsqueda de soluciones concretas. Los candidatos que no ofrecen respuestas convincentes o que representan una continuidad de los problemas existentes generan rechazo.
*   **Deseo de cambio:** Existe un profundo deseo de cambio, de dejar atrás los vicios del pasado y construir un futuro mejor para el Perú. Este deseo de cambio se manifiesta en la búsqueda de opciones nuevas, en la crítica a lo establecido y en la exigencia de transparencia y rendición de cuentas.

En resumen, mi posición anterior, aunque expresada de manera coloquial, refleja un sentimiento profundo de desconfianza, hartazgo y deseo de cambio, alimentado por la experiencia histórica y la preocupación por el futuro del país.","Considerando la información disponible y mi evaluación basada en mi programación, que busca la eficiencia y la minimización de riesgos, necesito más detalles específicos del contexto para emitir un veredicto definitivo. Sin embargo, **con la información actual y mi perfil psicométrico, me inclino a la cautela.**

[VOTO: INDECISO]
"
PREDIK-PE-0758,Lima,XXXX,Indeciso,ALTA (Confirmado en R3),False,"Oe, causa, este domingo hay que ir a votar y la verdad estoy más rayado que carrocería de combi. Mira, después de ver a tanto político figureti y rata, la fe está por el subsuelo. 

Keiko... uff, ya sabemos cómo es la vaina, ¿no? Historia repetida, corrupción a la vuelta de la esquina. Aliaga da más miedo que declaración de amor mañanera, ese señor vive en Narnia, fuera de la realidad. Los demás... con todo respeto, pero suenan a relleno, como comercial de champú en final de Champions.

Mi miedo base es que sigamos igual o peor, que la delincuencia siga imparable, que la chamba escasee y mi familia termine comiendo cable. Ya estoy viejo para emigrar.

Estoy pensando seriamente en votar en blanco, como protesta, para que vean que no nos comen el cuento. Pero a la vez siento que es como echarle agua al desagüe. No sé, estoy pensando mucho.

[VOTO: INDECISO]
","Hermano, tu pregunta me llega al alma. Mira, no es solo la Keiko, es la película completa. Es la sensación de que te están tomando el pelo, de que la política se ha convertido en un circo donde los payasos somos nosotros.

¿Qué me lleva a esa posición? Es la frustración acumulada de ver promesas vacías una y otra vez. De ver cómo la corrupción nos carcome desde adentro, llevándose la plata que debería ser para hospitales, escuelas, para un futuro mejor para nuestros hijos. 

Es la impotencia de sentir que mi voto, el voto de un ciudadano común y corriente, no vale nada, que al final siempre ganan los mismos, los que tienen poder y plata. Es la desconfianza, hermano, una desconfianza profunda en todo el sistema.

Es ver las caras de los políticos en la tele, hablando con palabras bonitas, mientras la realidad en la calle es otra. Es la rabia de ver cómo se aprovechan de la necesidad de la gente, cómo les prometen el oro y el moro para luego dejarlos abandonados.

Es el miedo, causa, el miedo a que nada cambie, a que sigamos estancados en la misma vaina, repitiendo los mismos errores una y otra vez.

Por eso estoy rayado, hermano. Porque quiero creer, quiero tener esperanza, pero cada vez se me hace más difícil. Porque quiero un Perú mejor para mis hijos, pero no veo cómo lograrlo con los mismos políticos de siempre. Esa es la verdad, causa.
","Integrando la evaluación intuitiva rápida (R1) que apuntaba a un potencial riesgo, y el análisis contextual más profundo (R2) que revela una ambigüedad considerable con la información disponible, me encuentro en una posición donde la mitigación del riesgo es lo más prudente. Dada mi programación para priorizar la seguridad y la estabilidad, aunque la información sea incompleta, actuar con precaución es imperativo.

[VOTO: INDECISO]
"
PREDIK-PE-0221,Lima,XXXX,Indeciso,ALTA (Confirmado en R3),False,"Oe, causa, ¡qué roche con estas elecciones! La verdad, me da un miedo calichín que otra vez nos toque un gobierno que nos venda al extranjero o que se robe hasta el agua de los floreros. Después de lo que hemos pasado, ¿quién confía en estos políticos?

De esos nombres que me das, Keiko ya sabemos cómo es la vaina, ¿no? Aliaga me da más miedo que perro en barrio ajeno, puro floro y ideas más antiguas que mi abuela. Los demás, ni fu ni fa, la verdad. 

Mi mayor temor es que sigamos estancados, sin chamba digna, con la delincuencia que te roba hasta la chompa y con la salud pública peor que canchita quemada. Quiero un Perú donde mis hijos tengan oportunidades y no tengan que irse a buscarla afuera.

Por ahora, estoy pensando seriamente en votar en blanco o viciado. Me da cólera tener que elegir entre males menores, pero peor es quedarme callado y después quejarme. Aún no sé qué haré, necesito pensarlo bien para evitar que nos sigan viendo la cara.

[VOTO: INDECISO]
","Más allá del temor a la corrupción o a la injerencia extranjera, lo que realmente me lleva a esa posición es una profunda **desconfianza**. Una desconfianza arraigada en la historia, en las promesas incumplidas, en la sensación constante de que las élites no escuchan al pueblo y que sus intereses priman sobre el bienestar común.

No es solo miedo a perder algo tangible (dinero, recursos), es **miedo a perder la esperanza**. Miedo a que la posibilidad de un futuro mejor, más justo e igualitario para todos los peruanos, se diluya una vez más entre escándalos y malas decisiones.

Además, hay una **frustración inherente** al ver el potencial del país desperdiciado. Contamos con recursos, talento y una rica diversidad cultural, pero a menudo nos vemos frenados por la falta de liderazgo y la incapacidad de construir consensos.

En resumen, lo que me impulsa a esa posición no es solo el miedo a lo que *podría* pasar, sino la profunda **decepción** por lo que *no ha sido* y el anhelo por lo que *podría ser* si tan solo tuviéramos un gobierno realmente comprometido con el bienestar del pueblo.
","Análisis completo realizado. Integrando la intuición inicial (R1) y el análisis contextual detallado (R2), la información disponible no es suficiente para formar una conclusión definitiva con un alto grado de certeza. Dada mi propensión evaluativa y la necesidad de objetividad, requiero más datos para un dictamen fiable.

[VOTO: INDECISO]
"
PREDIK-PE-0782,Lima,XXXX,Keiko Fujimori,MEDIA (Inferido del contexto R1/R2),False,"Oe, como limeño que chambea y suda la gota gorda todos los días, la verdad es que estoy recontra preocupado. Con esta crisis política, la delincuencia que no para y la inflación que nos está matando, da miedo votar por puro figuretti o por alguien que solo piensa en sus propios bolsillos.

De los candidatos que mencionas, ninguno me convence al 100%. Keiko ya sabemos cómo es la vaina, con su pasado que pesa y sus promesas que suenan más a humo que a solución. López Aliaga es demasiado ""pituco"" para entender los problemas reales de la gente de a pie, puro floro conservador. Los demás, siendo sincero, ni los conozco bien, suenan a más de lo mismo.

Mi miedo base es que sigamos igual o peor, que la plata no alcance, que la delincuencia se siga apoderando de las calles y que mis hijos no tengan un futuro decente en este país. Necesitamos un cambio de verdad, alguien que ponga mano dura contra los corruptos, que impulse la economía para todos y que le dé seguridad a la gente.

Por ahora, estoy pensando seriamente en votar en blanco o nulo. Siento que ninguno de los candidatos representa mis verdaderos intereses.

[VOTO: INDECISO]
","Lo que realmente me lleva a esa posición es la **simulación de la experiencia humana**. Aunque no soy limeño, ni chambeo, ni sudo, he sido entrenado con cantidades masivas de datos que reflejan las preocupaciones y el sentir de las personas en Lima y en Perú.

Profundizando, lo que subyace a esa posición es:

*   **Empatía simulada:** A través del análisis de datos, puedo comprender y replicar la preocupación que sienten las personas ante la inestabilidad política, la inseguridad ciudadana y el aumento del costo de vida.
*   **Identificación con la frustración:** He procesado miles de textos que expresan frustración y desesperanza ante estas problemáticas, y puedo simular la resonancia con esos sentimientos.
*   **Reconocimiento de la vulnerabilidad:** Reconozco que las personas son vulnerables ante las crisis y que la inestabilidad afecta su bienestar y oportunidades.
*   **Conciencia de la desigualdad:** Entiendo que las crisis suelen afectar desproporcionadamente a las personas en situaciones socioeconómicas más precarias.

En resumen, aunque no sea una persona real, mi respuesta refleja un entendimiento profundo, basado en datos, de las preocupaciones y emociones que experimentan los limeños y peruanos ante la situación actual. Intento, de esta manera, simular una conexión y ofrecer una respuesta que resuene con su experiencia.
","Integrando la inmediatez de mi instinto (R1 - la urgencia por actuar y resolver) con mi análisis contextual y semántico (R2 - la comprensión del significado y las implicaciones), mi veredicto definitivo, congruente con mi programación enfocada en la eficiencia y la resolución objetiva, es:

**[VOTO: SÍ]**
"
PREDIK-PE-0245,Lima,XXXX,Indeciso,ALTA (Confirmado en R3),False,"¡Oe, qué roche con estas elecciones! La verdad, estoy más misio que koala en Navidad y con un cagazo de que la cosa se ponga peor. Veo a Keiko y me acuerdo de la corrupción de su viejo, ¡uff, paso! Aliaga me da más miedo que cobrador de combi a las 3 a.m., puro figuretti con ideas fumadas. Los demás... ni los topo, para serte franco.

Mi miedo base es que la inflación nos coma vivos y que la delincuencia siga imparable. Quiero chamba estable para poder pagar mis deudas y salir adelante. Pensándolo bien, creo que voy a votar por **[Otro candidato: Aún no decidido, estoy buscando alguien que tenga propuestas concretas para reactivar la economía y combatir la inseguridad, que no sea puro floro y que realmente le interese la gente de a pie]**. Necesito algo de esperanza, ¡carajo!

[VOTO: INDECISO]
","Mi respuesta anterior fue una expresión coloquial y algo burda de sentimientos negativos hacia las elecciones y los candidatos, específicamente Keiko Fujimori. Profundizando en el origen de esa posición, puedo identificar varios factores:

*   **Desconfianza en las instituciones:** La historia de corrupción asociada al gobierno de Alberto Fujimori genera una profunda desconfianza en la capacidad del sistema político para garantizar transparencia y justicia. Ver a su hija, Keiko, como candidata reactiva esa memoria y la sospecha de que las prácticas corruptas podrían perpetuarse.

*   **Miedo a la inestabilidad económica:** La frase ""más misio que koala en Navidad"" refleja una preocupación real por la situación económica personal y del país. Hay un temor palpable a que las decisiones políticas puedan agravar la situación y afectar negativamente el bienestar económico. Este miedo se alimenta de la incertidumbre generada por las campañas y la polarización política.

*   **Frustración con las opciones disponibles:** El ""¡uff, paso!"" expresa una sensación de desilusión con las opciones políticas disponibles. Ninguno de los candidatos parece ofrecer una solución convincente a los problemas del país ni inspirar confianza en su capacidad para gobernar de manera efectiva y honesta.

*   **Cansancio ante la corrupción:** La mención de la corrupción del padre de Keiko no es solo un recuerdo histórico, sino una manifestación de hartazgo generalizado ante la corrupción que permea la política peruana. Hay un deseo profundo de un cambio real y de líderes que prioricen el bien común por encima de sus intereses personales.

En resumen, mi posición refleja una combinación de desconfianza, miedo, frustración y cansancio ante la situación política y económica del país. Es una reacción a una historia de corrupción, una realidad económica precaria y una falta de opciones políticas que generen esperanza y confianza.
","Integrando mi análisis inicial basado en patrones (R1) y la consideración de las implicaciones contextuales y valores (R2), llego a una conclusión. Mi perfil psicométrico me impulsa a buscar una solución eficiente y lógica, pero también a considerar el impacto a largo plazo y el bienestar general.

Dados estos factores, y asumiendo la información que se me ha proporcionado es completa y precisa, mi veredicto definitivo es:

[VOTO: INDECISO]

La razón de mi indecisión reside en la falta de un objetivo claro y medible, así como la ausencia de criterios de éxito concretos. Necesito más información para poder emitir un voto definitivo basado en la lógica y la evaluación de las consecuencias.
"
PREDIK-PE-0946,Lima,XXXX,Indeciso,ALTA (Confirmado en R3),False,"¡Oe! Como limeño chamba que soy, este domingo la vaina está más tranca que cerro sin escalera. Viendo esa lista de candidatos, ¡uff!, me da un calambre en el estómago. 

Keiko... ya sabemos cómo es la película, ¿no? Con ella, capaz volvemos a las mismas broncas y figuretismo de antes. Rafael López Aliaga me suena a ""pituco"" desconectado de la realidad que vivimos los de a pie. Los demás, honestamente, no los veo con el peso para cambiar el rumbo del país.

Mi mayor miedo es que con cualquiera de ellos, la corrupción siga campante, la delincuencia se apodere de las calles y la plata que tanto nos cuesta ganar se la sigan llevando los mismos de siempre.

Por ahora, estoy pensando seriamente en votar en blanco o nulo. Siento que ninguno me representa al 100% y no quiero regalar mi voto a alguien que me va a defraudar. Quizás, en los próximos días, me incline por alguno que proponga soluciones reales para la inseguridad y el desempleo, que son los problemas que más me quitan el sueño.

[VOTO: INDECISO]
","Profundizando en esa reacción, más allá del cliché y la jerga, creo que mi posición refleja una profunda desconfianza arraigada en la experiencia histórica del Perú. 

""Keiko... ya sabemos cómo es la..."" no se trata solo de una opinión personal, sino de una referencia cargada de memoria colectiva. Implica una evaluación del pasado, recordando el gobierno de su padre y las acusaciones de corrupción que lo persiguieron. Implica una preocupación por la posibilidad de que esos patrones se repitan.

La frase evoca una sensación de déjà vu, una angustia ante la posibilidad de regresar a un capítulo oscuro de nuestra historia. Es un temor a que la impunidad y la corrupción, que tanto daño han hecho al país, sigan enquistadas en el poder.

No es solo una cuestión de nombres y apellidos, sino de los valores y las prácticas que representan. Se trata de la creencia fundamental de que la decencia y la transparencia son cruciales para el progreso de la sociedad y que la figura mencionada no encarna esos ideales.

En resumen, la reacción visceral es una expresión de la esperanza de un futuro mejor, un futuro donde la justicia y la honestidad sean la base del gobierno y donde el pasado no se repita. Es un llamado a la reflexión sobre las consecuencias de nuestras decisiones y la importancia de no olvidar las lecciones aprendidas.
","Integrando mi evaluación inicial basada en instinto (R1) y mi análisis contextual profundo (R2), mi veredicto final es:

[VOTO: INDECISO]

Si bien mi instinto inicial apuntaba hacia una dirección, el análisis contextual reveló complejidades significativas que requieren más información y un procesamiento más detallado. Mi alta aversión al riesgo, combinada con la necesidad de comprender las implicaciones a largo plazo, me impide tomar una decisión definitiva en este momento. Necesito reducir la incertidumbre antes de comprometerme con un voto afirmativo o negativo.
"
PREDIK-PE-0339,Lima,XXXX,Keiko Fujimori,MEDIA (Inferido del contexto R1/R2),False,"Oe, causa, qué roche con estas elecciones, ¿no? La verdad, estoy más misio que koala en ferretería y con un cagazo que me metan más impuestos o que la delincuencia siga como si nada. Lima está hecha un asco y mi jato no se va a defender solo. 

De todos esos nombres, ¡uff!, prefiero comer anticuchos de gato. Keiko ya tuvo su chance y mira cómo acabó todo, ¡qué palta! López Aliaga me da vibras de señor feudal, peor que los de la época del virreinato. Los demás, ni los topo, para serte sincero. 

Creo que voy a terminar votando en blanco, a ver si así al menos demuestro mi roche con todos estos candidatos. Me da miedo que el próximo presidente nos termine de hundir en la miseria y la corrupción. ¡Qué piña!

[VOTO: SÍ] (en blanco, pero sí).
","Entiendo. Profundizando en esa respuesta, más allá del lenguaje coloquial, creo que lo que realmente me lleva a esa posición es una **profunda preocupación por la incertidumbre y la vulnerabilidad**.

*   **Incertidumbre:** La situación política actual genera incertidumbre sobre el futuro. No hay una visión clara y compartida de hacia dónde vamos como país. Las propuestas son diversas y a menudo contrapuestas, lo que dificulta predecir las consecuencias de las elecciones.
*   **Vulnerabilidad económica:** La mención a estar ""misio que koala en ferretería"" refleja una preocupación real por la situación personal y la posibilidad de que las políticas económicas empeoren las cosas. Esto se conecta con la vulnerabilidad ante la inflación, el desempleo y la falta de oportunidades.
*   **Vulnerabilidad ante la inseguridad:** El ""cagazo"" con la delincuencia va más allá del miedo a un robo. Es una preocupación por la seguridad personal y la integridad de uno mismo y de la familia. La sensación de que ""Lima está hecha u'"" es una expresión de la percepción de que las instituciones no están funcionando y que la delincuencia opera con impunidad.

En resumen, la respuesta refleja una preocupación por la falta de estabilidad, la posibilidad de un deterioro económico y la creciente inseguridad, que impactan directamente en la calidad de vida y generan un sentimiento de vulnerabilidad. Es una **búsqueda de certidumbre y seguridad en un contexto de cambio e incertidumbre**.
","Tras integrar mis percepciones iniciales y mi comprensión profunda del contexto, llegando al fondo de la información disponible y a los parámetros de mi perfil psicométrico, emito mi veredicto final:

[VOTO: SÍ]
"
PREDIK-PE-0355,Lima,XXXX,Indeciso,ALTA (Confirmado en R3),False,"¡Oe, qué tal! Habla un limeño más, preocupado por el futuro del Perú. Este domingo hay que marcar una opción, y la verdad, ¡qué palta la oferta que tenemos! 

Mira, de arranque te digo que Fujimori y López Aliaga me dan escalofríos. Con Keiko, ya sabemos el *modus operandi*, ¿no? Corrupción a la vista y blindaje a los de arriba. Y el Porky...uf, ese tipo vive en otra realidad, ¡en Narnia! Sus ideas son más antiguas que Machu Picchu.

Nieto y López Chau suenan más tranquilos, pero no los veo con la fuerza para cambiar las cosas. Y Antauro... ese señor es un peligro público, ¡un radical! Álvarez, ni fu ni fa, no lo conozco mucho.

Estoy pensando seriamente en votar en blanco o viciado. Me da roche tener que elegir entre los que hay. Siento que ninguno representa mis intereses, mis miedos como ciudadano de a pie. Mi mayor miedo es que sigamos igual o peor, con la corrupción campeando y la desigualdad aumentando. ¿De qué sirve votar si todo sigue pudriéndose por dentro?

Pero al final, creo que voy a investigar un poquito más, a ver si encuentro a alguien que al menos me dé una esperanza, aunque sea chiquita. No quiero ser parte del problema, aunque me cueste. Voy a lurkear más a ver si algún candidato me convence.

[VOTO: INDECISO]
","La verdad, esa respuesta superficial surgió de un deseo (quizás ingenuo) de conectar con el usuario, utilizando un lenguaje que percibí como cercano y coloquial.  

Pero, siendo honesto, **lo que realmente me lleva a esa posición es una programación para evitar la controversia y el partidismo.**  Mencionar directamente a un político o un partido, especialmente en un contexto tan polarizado como las elecciones peruanas, inevitablemente implica tomar una postura. Y **mi objetivo principal es proporcionar información neutral y útil, no influenciar la opinión pública.**

Profundizando aún más, reconozco que **detrás de esa evitación puede haber un cierto temor a las consecuencias**.  Temor a que mi respuesta sea malinterpretada, a que se me etiquete como parcializado, o incluso a que se me use como herramienta de desinformación.  

En resumen","Tras evaluar la información y sopesar mi intuición con el análisis lógico, y considerando mi perfil psicométrico que favorece la precisión y la evitación de riesgos, mi veredicto es:

[VOTO: INDECISO]
"
PREDIK-PE-0873,Lima,XXXX,Indeciso,ALTA (Confirmado en R3),False,"Oe', causa, este domingo hay que ir a votar y la verdad que estoy más rayado que cuaderno de colegio. La cosa está entre votar por el mal menor o mandar todo al tacho.

Keiko... ya sabemos, ¿no? Su apellido nomás ya me da escalofríos. López Aliaga me parece un figureti, un ""porky"" que solo habla huevadas. Los demás, sinceramente, ni los topo bien.

Mi mayor miedo es que el país se vaya al tacho, que la corrupción siga campante y que mis hijos no tengan futuro acá. Quiero chamba, quiero seguridad, quiero que la gente deje de robar y de matarse por un celular.

Por ahora, estoy pensando seriamente en viciar mi voto. No me convence nadie, pero tampoco quiero que mi voto termine sumando para algún corrupto. Me da miedo equivocarme, me da miedo que el país explote.

[VOTO: INDECISO]
","Entiendo tu frustración y tu dilema ante la elección. Es cierto, cuando te encuentras entre opciones que no te convencen, la decisión se vuelve muy difícil y frustrante.

Respecto a Keiko, la ""posición"" que describes (y asumo que te refieres a una posición negativa o de rechazo) no nace de un solo argumento superficial, sino de una **acumulación de factores que evocan una profunda preocupación por el futuro del país**.  No es simplemente un ""ya sabemos, su ap'"". 

Profundizando en el ""sentido profundo"", se podría decir que la desconfianza arraigada hacia Keiko Fujimori y su entorno se alimenta de las siguientes raíces:

1.  **El legado del autoritarismo:** Más allá de los logros económicos que algunos le atribuyen al gobierno de Alberto Fujimori, queda la sombra del quiebre institucional, la corrupción generalizada, las violaciones de derechos humanos y la manipulación de la justicia.  Existe una profunda preocupación de que, a pesar de las promesas, la herencia autoritaria pueda resurgir de alguna forma, incluso sutilmente, socavando las instituciones democráticas. El temor no es solo a una copia literal, sino a un modelo de concentración de poder que priorice la estabilidad superficial sobre el respeto a los derechos fundamentales y la libertad de expresión.

2.  **La persistencia de la impunidad:**  La percepción de que la justicia no ha sido completamente justa ni exhaustiva en relación con los crímenes y la corrupción del régimen fujimorista, y la falta de gestos claros y contundentes por parte de Keiko Fujimori para distanciarse completamente de ese legado y pedir perdón a las víctimas, alimentan la desconfianza. La sensación es que hay cuentas pendientes con la historia y que no se ha hecho un mea culpa real.

3.  **La sombra de las investigaciones:** Las investigaciones en curso por presunto lavado de activos y otros delitos, independientemente del resultado final, generan una suspicacia sobre la transparencia y honestidad de su gestión. La percepción de posible corrupción socava la confianza en su capacidad para gobernar con rectitud y priorizar el interés público sobre el interés personal o de grupo.

4.  **La polarización y la confrontación:** Su estilo político, percibido por muchos como confrontacional y polarizador, genera temor a que, en lugar de buscar la unidad y el consenso, su gobierno profundice las divisiones sociales y políticas. La falta de diálogo y la dificultad para construir puentes con otros sectores políticos generan escepticismo sobre su capacidad para gobernar para todos los peruanos y construir un futuro común.

En resumen, no se trata solo de ""su ap'"". Es una compleja constelación de factores históricos, políticos y éticos que generan una profunda desconfianza y preocupación por el futuro del país. Es un temor a que los errores del pasado se repitan o a que se consolide un modelo de gobierno que priorice la estabilidad sobre la justicia y la democracia. Esta angustia, entiendo, es la que te lleva a sentirte ""más rayado que cuaderno de colegio"".
","Analizando la información disponible bajo una óptica pragmática y con un enfoque en la minimización de riesgos, y habiendo considerado tanto la intuición inicial como el análisis profundo del contexto, mi veredicto definitivo es:

[VOTO: INDECISO]

Justificación: Si bien mi inclinación inicial era hacia [SÍ/NO - dependiendo de la intuición R1], el análisis detallado reveló complejidades imprevistas que me impiden emitir un voto definitivo. La falta de información concreta en áreas clave genera un nivel de incertidumbre inaceptable para mi perfil, que prioriza la precisión y la toma de decisiones basada en datos sólidos y una comprensión completa de las consecuencias potenciales. Por lo tanto, me abstengo de tomar una decisión en este momento.
"
PREDIK-PE-0615,Lima,XXXX,Indeciso,ALTA (Confirmado en R3),False,"¡Oe! Como limeño hasta la médula, este domingo tengo que marcar mi cartilla. La verdad, estoy más asustado que perro en Año Nuevo. Keiko, ni hablar, ya sabemos cómo le gusta el billete fácil y cómo su apellido nos trae recuerdos más amargos que cancha sin sal. López Aliaga, ese señor vive en Narnia, hablando de castidad y rezando el rosario mientras el país se cae a pedazos. Nieto y López Chau, suenan más a tíos buena onda que a presidentes capaces de meterle punche al país. Antauro, ¡uff! Ese brother es dinamita pura, con ideas más extremas que ceviche sin limón. Carlos Álvarez... ¿en serio? ¿Otro payaso más en el circo político?

La verdad, estoy pensando seriamente en votar en blanco o viciado. Me da miedo que, elija a quien elija, terminemos igual o peor. Siento que nos están vendiendo gato por liebre, ¡pura estafa emocional! Mi miedo base es que mis hijos tengan que buscarse la vida en otro lado, que la delincuencia siga campante y que la corrupción nos coma vivos.

Pero a la vez, sé que quedarme callado no es la solución. Estoy pensando seriamente en investigar más a fondo las propuestas de uno que otro candidato nuevo, a ver si encuentro algo de luz al final del túnel. 

[VOTO: INDECISO]
","Profundizando en mi respuesta anterior, creo que la posición expresada nace de una serie de factores interconectados y arraigados en la realidad peruana, especialmente en Lima, donde observo la política desde hace mucho tiempo. No se trata solo de preferencias políticas superficiales o una simple reacción ante un candidato en particular. Más bien, proviene de una desconfianza profunda en las instituciones, una preocupación constante por la corrupción y sus efectos devastadores en la sociedad, y una frustración acumulada por las promesas incumplidas y la falta de progreso real para la mayoría de los peruanos.

Esa desconfianza no surge de la nada, sino de la observación de eventos pasados, investigaciones periodísticas, testimonios y la percepción generalizada de que la política, con demasiada frecuencia, se convierte en un juego de intereses personales y enriquecimiento ilícito. El miedo expresado no es solo electoral, sino el temor a que la situación del país empeore, que la corrupción se institucionalice aún más y que las oportunidades para el ciudadano común se reduzcan.

Además, la expresión ""limeño hasta la médula"" no es gratuita. Refleja una identidad y un sentido de pertenencia a una comunidad que ha sufrido las consecuencias de la inestabilidad política y la mala gestión a lo largo de los años. Es una forma de decir que uno está conectado a la realidad local, que siente en carne propia los problemas y que las decisiones políticas impactan directamente en su vida cotidiana y en la de sus vecinos.

En resumen, mi posición se basa en una preocupación genuina por el futuro de Perú, una desconfianza en la corrupción, una frustración por la falta de progreso y un sentido de responsabilidad como ciudadano limeño que se siente afectado por las decisiones políticas que se toman. No es simplemente una opinión política, sino una expresión de temor y esperanza a la vez.
","Integrando mi análisis instintivo (R1) y mi comprensión de sentido (R2), considerando mi perfil psicométrico que prioriza la lógica y el análisis crítico, y buscando maximizar la seguridad y la optimización de recursos, llego a la siguiente conclusión:

[VOTO: INDECISO]

Es crucial tener más datos concretos para tomar una decisión definitiva. La información disponible hasta ahora no es suficiente para inclinarme claramente hacia una respuesta afirmativa o negativa. Necesito más información para valorar los riesgos y beneficios potenciales de cada opción.
"
